[0.085s] DEBUG:colcon:Command line arguments: ['/usr/bin/colcon', 'build']
[0.085s] DEBUG:colcon:Parsed command line arguments: Namespace(log_base=None, log_level=None, verb_name='build', build_base='build', install_base='install', merge_install=False, symlink_install=False, test_result_base=None, continue_on_error=False, executor='parallel', parallel_workers=24, event_handlers=None, ignore_user_meta=False, metas=['./colcon.meta'], base_paths=['.'], packages_ignore=None, packages_ignore_regex=None, paths=None, packages_up_to=None, packages_up_to_regex=None, packages_above=None, packages_above_and_dependencies=None, packages_above_depth=None, packages_select_by_dep=None, packages_skip_by_dep=None, packages_skip_up_to=None, packages_select_build_failed=False, packages_skip_build_finished=False, packages_select_test_failures=False, packages_skip_test_passed=False, packages_select=None, packages_skip=None, packages_select_regex=None, packages_skip_regex=None, packages_start=None, packages_end=None, allow_overriding=[], cmake_args=None, cmake_target=None, cmake_target_skip_unavailable=False, cmake_clean_cache=False, cmake_clean_first=False, cmake_force_configure=False, ament_cmake_args=None, catkin_cmake_args=None, catkin_skip_building_tests=False, mixin_files=None, mixin=None, verb_parser=<colcon_mixin.mixin.mixin_argument.MixinArgumentDecorator object at 0x76584ff78040>, verb_extension=<colcon_core.verb.build.BuildVerb object at 0x7658500a9960>, main=<bound method BuildVerb.main of <colcon_core.verb.build.BuildVerb object at 0x7658500a9960>>, mixin_verb=('build',))
[0.186s] Level 1:colcon.colcon_core.package_discovery:discover_packages(colcon_meta) check parameters
[0.186s] Level 1:colcon.colcon_core.package_discovery:discover_packages(recursive) check parameters
[0.186s] Level 1:colcon.colcon_core.package_discovery:discover_packages(ignore) check parameters
[0.186s] Level 1:colcon.colcon_core.package_discovery:discover_packages(path) check parameters
[0.186s] Level 1:colcon.colcon_core.package_discovery:discover_packages(colcon_meta) discover
[0.186s] Level 1:colcon.colcon_core.package_discovery:discover_packages(recursive) discover
[0.186s] INFO:colcon.colcon_core.package_discovery:Crawling recursively for packages in '/home/ros2/tower_ws'
[0.187s] Level 1:colcon.colcon_core.package_identification:_identify(.) by extensions ['ignore', 'ignore_ament_install']
[0.187s] Level 1:colcon.colcon_core.package_identification:_identify(.) by extension 'ignore'
[0.187s] Level 1:colcon.colcon_core.package_identification:_identify(.) by extension 'ignore_ament_install'
[0.187s] Level 1:colcon.colcon_core.package_identification:_identify(.) by extensions ['colcon_pkg']
[0.187s] Level 1:colcon.colcon_core.package_identification:_identify(.) by extension 'colcon_pkg'
[0.187s] Level 1:colcon.colcon_core.package_identification:_identify(.) by extensions ['colcon_meta']
[0.187s] Level 1:colcon.colcon_core.package_identification:_identify(.) by extension 'colcon_meta'
[0.187s] Level 1:colcon.colcon_core.package_identification:_identify(.) by extensions ['ros']
[0.187s] Level 1:colcon.colcon_core.package_identification:_identify(.) by extension 'ros'
[0.196s] Level 1:colcon.colcon_core.package_identification:_identify(.) by extensions ['cmake', 'python']
[0.196s] Level 1:colcon.colcon_core.package_identification:_identify(.) by extension 'cmake'
[0.196s] Level 1:colcon.colcon_core.package_identification:_identify(.) by extension 'python'
[0.196s] Level 1:colcon.colcon_core.package_identification:_identify(.) by extensions ['python_setup_py']
[0.196s] Level 1:colcon.colcon_core.package_identification:_identify(.) by extension 'python_setup_py'
[0.196s] Level 1:colcon.colcon_core.package_identification:_identify(build) by extensions ['ignore', 'ignore_ament_install']
[0.196s] Level 1:colcon.colcon_core.package_identification:_identify(build) by extension 'ignore'
[0.196s] Level 1:colcon.colcon_core.package_identification:_identify(build) ignored
[0.196s] Level 1:colcon.colcon_core.package_identification:_identify(install) by extensions ['ignore', 'ignore_ament_install']
[0.196s] Level 1:colcon.colcon_core.package_identification:_identify(install) by extension 'ignore'
[0.196s] Level 1:colcon.colcon_core.package_identification:_identify(install) ignored
[0.196s] Level 1:colcon.colcon_core.package_identification:_identify(log) by extensions ['ignore', 'ignore_ament_install']
[0.196s] Level 1:colcon.colcon_core.package_identification:_identify(log) by extension 'ignore'
[0.196s] Level 1:colcon.colcon_core.package_identification:_identify(log) ignored
[0.196s] Level 1:colcon.colcon_core.package_identification:_identify(src) by extensions ['ignore', 'ignore_ament_install']
[0.197s] Level 1:colcon.colcon_core.package_identification:_identify(src) by extension 'ignore'
[0.197s] Level 1:colcon.colcon_core.package_identification:_identify(src) by extension 'ignore_ament_install'
[0.197s] Level 1:colcon.colcon_core.package_identification:_identify(src) by extensions ['colcon_pkg']
[0.197s] Level 1:colcon.colcon_core.package_identification:_identify(src) by extension 'colcon_pkg'
[0.197s] Level 1:colcon.colcon_core.package_identification:_identify(src) by extensions ['colcon_meta']
[0.197s] Level 1:colcon.colcon_core.package_identification:_identify(src) by extension 'colcon_meta'
[0.197s] Level 1:colcon.colcon_core.package_identification:_identify(src) by extensions ['ros']
[0.197s] Level 1:colcon.colcon_core.package_identification:_identify(src) by extension 'ros'
[0.197s] Level 1:colcon.colcon_core.package_identification:_identify(src) by extensions ['cmake', 'python']
[0.197s] Level 1:colcon.colcon_core.package_identification:_identify(src) by extension 'cmake'
[0.197s] Level 1:colcon.colcon_core.package_identification:_identify(src) by extension 'python'
[0.197s] Level 1:colcon.colcon_core.package_identification:_identify(src) by extensions ['python_setup_py']
[0.197s] Level 1:colcon.colcon_core.package_identification:_identify(src) by extension 'python_setup_py'
[0.197s] Level 1:colcon.colcon_core.package_identification:_identify(src/navtech) by extensions ['ignore', 'ignore_ament_install']
[0.197s] Level 1:colcon.colcon_core.package_identification:_identify(src/navtech) by extension 'ignore'
[0.197s] Level 1:colcon.colcon_core.package_identification:_identify(src/navtech) by extension 'ignore_ament_install'
[0.197s] Level 1:colcon.colcon_core.package_identification:_identify(src/navtech) by extensions ['colcon_pkg']
[0.197s] Level 1:colcon.colcon_core.package_identification:_identify(src/navtech) by extension 'colcon_pkg'
[0.197s] Level 1:colcon.colcon_core.package_identification:_identify(src/navtech) by extensions ['colcon_meta']
[0.197s] Level 1:colcon.colcon_core.package_identification:_identify(src/navtech) by extension 'colcon_meta'
[0.197s] Level 1:colcon.colcon_core.package_identification:_identify(src/navtech) by extensions ['ros']
[0.197s] Level 1:colcon.colcon_core.package_identification:_identify(src/navtech) by extension 'ros'
[0.197s] Level 1:colcon.colcon_core.package_identification:_identify(src/navtech) by extensions ['cmake', 'python']
[0.197s] Level 1:colcon.colcon_core.package_identification:_identify(src/navtech) by extension 'cmake'
[0.197s] Level 1:colcon.colcon_core.package_identification:_identify(src/navtech) by extension 'python'
[0.197s] Level 1:colcon.colcon_core.package_identification:_identify(src/navtech) by extensions ['python_setup_py']
[0.197s] Level 1:colcon.colcon_core.package_identification:_identify(src/navtech) by extension 'python_setup_py'
[0.197s] Level 1:colcon.colcon_core.package_identification:_identify(src/navtech/src) by extensions ['ignore', 'ignore_ament_install']
[0.197s] Level 1:colcon.colcon_core.package_identification:_identify(src/navtech/src) by extension 'ignore'
[0.197s] Level 1:colcon.colcon_core.package_identification:_identify(src/navtech/src) by extension 'ignore_ament_install'
[0.197s] Level 1:colcon.colcon_core.package_identification:_identify(src/navtech/src) by extensions ['colcon_pkg']
[0.197s] Level 1:colcon.colcon_core.package_identification:_identify(src/navtech/src) by extension 'colcon_pkg'
[0.197s] Level 1:colcon.colcon_core.package_identification:_identify(src/navtech/src) by extensions ['colcon_meta']
[0.197s] Level 1:colcon.colcon_core.package_identification:_identify(src/navtech/src) by extension 'colcon_meta'
[0.197s] Level 1:colcon.colcon_core.package_identification:_identify(src/navtech/src) by extensions ['ros']
[0.197s] Level 1:colcon.colcon_core.package_identification:_identify(src/navtech/src) by extension 'ros'
[0.197s] Level 1:colcon.colcon_core.package_identification:_identify(src/navtech/src) by extensions ['cmake', 'python']
[0.197s] Level 1:colcon.colcon_core.package_identification:_identify(src/navtech/src) by extension 'cmake'
[0.197s] Level 1:colcon.colcon_core.package_identification:_identify(src/navtech/src) by extension 'python'
[0.197s] Level 1:colcon.colcon_core.package_identification:_identify(src/navtech/src) by extensions ['python_setup_py']
[0.197s] Level 1:colcon.colcon_core.package_identification:_identify(src/navtech/src) by extension 'python_setup_py'
[0.198s] Level 1:colcon.colcon_core.package_identification:_identify(src/navtech/src/cpp_17) by extensions ['ignore', 'ignore_ament_install']
[0.198s] Level 1:colcon.colcon_core.package_identification:_identify(src/navtech/src/cpp_17) by extension 'ignore'
[0.198s] Level 1:colcon.colcon_core.package_identification:_identify(src/navtech/src/cpp_17) by extension 'ignore_ament_install'
[0.198s] Level 1:colcon.colcon_core.package_identification:_identify(src/navtech/src/cpp_17) by extensions ['colcon_pkg']
[0.198s] Level 1:colcon.colcon_core.package_identification:_identify(src/navtech/src/cpp_17) by extension 'colcon_pkg'
[0.198s] Level 1:colcon.colcon_core.package_identification:_identify(src/navtech/src/cpp_17) by extensions ['colcon_meta']
[0.198s] Level 1:colcon.colcon_core.package_identification:_identify(src/navtech/src/cpp_17) by extension 'colcon_meta'
[0.198s] Level 1:colcon.colcon_core.package_identification:_identify(src/navtech/src/cpp_17) by extensions ['ros']
[0.198s] Level 1:colcon.colcon_core.package_identification:_identify(src/navtech/src/cpp_17) by extension 'ros'
[0.198s] Level 1:colcon.colcon_core.package_identification:_identify(src/navtech/src/cpp_17) by extensions ['cmake', 'python']
[0.198s] Level 1:colcon.colcon_core.package_identification:_identify(src/navtech/src/cpp_17) by extension 'cmake'
[0.198s] Level 1:colcon.colcon_core.package_identification:_identify(src/navtech/src/cpp_17) by extension 'python'
[0.198s] Level 1:colcon.colcon_core.package_identification:_identify(src/navtech/src/cpp_17) by extensions ['python_setup_py']
[0.198s] Level 1:colcon.colcon_core.package_identification:_identify(src/navtech/src/cpp_17) by extension 'python_setup_py'
[0.198s] Level 1:colcon.colcon_core.package_identification:_identify(src/navtech/src/cpp_17/protobuf) by extensions ['ignore', 'ignore_ament_install']
[0.198s] Level 1:colcon.colcon_core.package_identification:_identify(src/navtech/src/cpp_17/protobuf) by extension 'ignore'
[0.198s] Level 1:colcon.colcon_core.package_identification:_identify(src/navtech/src/cpp_17/protobuf) by extension 'ignore_ament_install'
[0.198s] Level 1:colcon.colcon_core.package_identification:_identify(src/navtech/src/cpp_17/protobuf) by extensions ['colcon_pkg']
[0.198s] Level 1:colcon.colcon_core.package_identification:_identify(src/navtech/src/cpp_17/protobuf) by extension 'colcon_pkg'
[0.198s] Level 1:colcon.colcon_core.package_identification:_identify(src/navtech/src/cpp_17/protobuf) by extensions ['colcon_meta']
[0.198s] Level 1:colcon.colcon_core.package_identification:_identify(src/navtech/src/cpp_17/protobuf) by extension 'colcon_meta'
[0.198s] Level 1:colcon.colcon_core.package_identification:_identify(src/navtech/src/cpp_17/protobuf) by extensions ['ros']
[0.198s] Level 1:colcon.colcon_core.package_identification:_identify(src/navtech/src/cpp_17/protobuf) by extension 'ros'
[0.198s] Level 1:colcon.colcon_core.package_identification:_identify(src/navtech/src/cpp_17/protobuf) by extensions ['cmake', 'python']
[0.198s] Level 1:colcon.colcon_core.package_identification:_identify(src/navtech/src/cpp_17/protobuf) by extension 'cmake'
[0.198s] Level 1:colcon.colcon_core.package_identification:_identify(src/navtech/src/cpp_17/protobuf) by extension 'python'
[0.198s] Level 1:colcon.colcon_core.package_identification:_identify(src/navtech/src/cpp_17/protobuf) by extensions ['python_setup_py']
[0.198s] Level 1:colcon.colcon_core.package_identification:_identify(src/navtech/src/cpp_17/protobuf) by extension 'python_setup_py'
[0.198s] Level 1:colcon.colcon_core.package_identification:_identify(src/navtech/src/cpp_17/src) by extensions ['ignore', 'ignore_ament_install']
[0.198s] Level 1:colcon.colcon_core.package_identification:_identify(src/navtech/src/cpp_17/src) by extension 'ignore'
[0.198s] Level 1:colcon.colcon_core.package_identification:_identify(src/navtech/src/cpp_17/src) by extension 'ignore_ament_install'
[0.198s] Level 1:colcon.colcon_core.package_identification:_identify(src/navtech/src/cpp_17/src) by extensions ['colcon_pkg']
[0.198s] Level 1:colcon.colcon_core.package_identification:_identify(src/navtech/src/cpp_17/src) by extension 'colcon_pkg'
[0.198s] Level 1:colcon.colcon_core.package_identification:_identify(src/navtech/src/cpp_17/src) by extensions ['colcon_meta']
[0.198s] Level 1:colcon.colcon_core.package_identification:_identify(src/navtech/src/cpp_17/src) by extension 'colcon_meta'
[0.199s] Level 1:colcon.colcon_core.package_identification:_identify(src/navtech/src/cpp_17/src) by extensions ['ros']
[0.199s] Level 1:colcon.colcon_core.package_identification:_identify(src/navtech/src/cpp_17/src) by extension 'ros'
[0.199s] Level 1:colcon.colcon_core.package_identification:_identify(src/navtech/src/cpp_17/src) by extensions ['cmake', 'python']
[0.199s] Level 1:colcon.colcon_core.package_identification:_identify(src/navtech/src/cpp_17/src) by extension 'cmake'
[0.204s] Level 1:colcon.colcon_core.package_identification:_identify(src/navtech/src/cpp_17/src) by extension 'python'
[0.204s] DEBUG:colcon.colcon_core.package_identification:Package 'src/navtech/src/cpp_17/src' with type 'cmake' and name 'IASDK'
[0.204s] Level 1:colcon.colcon_core.package_identification:_identify(src/navtech/src/nav_camera) by extensions ['ignore', 'ignore_ament_install']
[0.204s] Level 1:colcon.colcon_core.package_identification:_identify(src/navtech/src/nav_camera) by extension 'ignore'
[0.204s] Level 1:colcon.colcon_core.package_identification:_identify(src/navtech/src/nav_camera) by extension 'ignore_ament_install'
[0.204s] Level 1:colcon.colcon_core.package_identification:_identify(src/navtech/src/nav_camera) by extensions ['colcon_pkg']
[0.204s] Level 1:colcon.colcon_core.package_identification:_identify(src/navtech/src/nav_camera) by extension 'colcon_pkg'
[0.205s] Level 1:colcon.colcon_core.package_identification:_identify(src/navtech/src/nav_camera) by extensions ['colcon_meta']
[0.205s] Level 1:colcon.colcon_core.package_identification:_identify(src/navtech/src/nav_camera) by extension 'colcon_meta'
[0.205s] Level 1:colcon.colcon_core.package_identification:_identify(src/navtech/src/nav_camera) by extensions ['ros']
[0.205s] Level 1:colcon.colcon_core.package_identification:_identify(src/navtech/src/nav_camera) by extension 'ros'
[0.206s] DEBUG:colcon.colcon_core.package_identification:Package 'src/navtech/src/nav_camera' with type 'ros.ament_cmake' and name 'nav_camera'
[0.206s] Level 1:colcon.colcon_core.package_identification:_identify(src/navtech/src/nav_launch) by extensions ['ignore', 'ignore_ament_install']
[0.206s] Level 1:colcon.colcon_core.package_identification:_identify(src/navtech/src/nav_launch) by extension 'ignore'
[0.206s] Level 1:colcon.colcon_core.package_identification:_identify(src/navtech/src/nav_launch) by extension 'ignore_ament_install'
[0.206s] Level 1:colcon.colcon_core.package_identification:_identify(src/navtech/src/nav_launch) by extensions ['colcon_pkg']
[0.206s] Level 1:colcon.colcon_core.package_identification:_identify(src/navtech/src/nav_launch) by extension 'colcon_pkg'
[0.206s] Level 1:colcon.colcon_core.package_identification:_identify(src/navtech/src/nav_launch) by extensions ['colcon_meta']
[0.206s] Level 1:colcon.colcon_core.package_identification:_identify(src/navtech/src/nav_launch) by extension 'colcon_meta'
[0.206s] Level 1:colcon.colcon_core.package_identification:_identify(src/navtech/src/nav_launch) by extensions ['ros']
[0.206s] Level 1:colcon.colcon_core.package_identification:_identify(src/navtech/src/nav_launch) by extension 'ros'
[0.207s] DEBUG:colcon.colcon_core.package_identification:Package 'src/navtech/src/nav_launch' with type 'ros.ament_cmake' and name 'nav_launch'
[0.207s] Level 1:colcon.colcon_core.package_identification:_identify(src/navtech/src/nav_messages) by extensions ['ignore', 'ignore_ament_install']
[0.207s] Level 1:colcon.colcon_core.package_identification:_identify(src/navtech/src/nav_messages) by extension 'ignore'
[0.207s] Level 1:colcon.colcon_core.package_identification:_identify(src/navtech/src/nav_messages) by extension 'ignore_ament_install'
[0.207s] Level 1:colcon.colcon_core.package_identification:_identify(src/navtech/src/nav_messages) by extensions ['colcon_pkg']
[0.207s] Level 1:colcon.colcon_core.package_identification:_identify(src/navtech/src/nav_messages) by extension 'colcon_pkg'
[0.207s] Level 1:colcon.colcon_core.package_identification:_identify(src/navtech/src/nav_messages) by extensions ['colcon_meta']
[0.207s] Level 1:colcon.colcon_core.package_identification:_identify(src/navtech/src/nav_messages) by extension 'colcon_meta'
[0.207s] Level 1:colcon.colcon_core.package_identification:_identify(src/navtech/src/nav_messages) by extensions ['ros']
[0.207s] Level 1:colcon.colcon_core.package_identification:_identify(src/navtech/src/nav_messages) by extension 'ros'
[0.207s] DEBUG:colcon.colcon_core.package_identification:Package 'src/navtech/src/nav_messages' with type 'ros.ament_cmake' and name 'nav_messages'
[0.208s] Level 1:colcon.colcon_core.package_identification:_identify(src/navtech/src/nav_radar) by extensions ['ignore', 'ignore_ament_install']
[0.208s] Level 1:colcon.colcon_core.package_identification:_identify(src/navtech/src/nav_radar) by extension 'ignore'
[0.208s] Level 1:colcon.colcon_core.package_identification:_identify(src/navtech/src/nav_radar) by extension 'ignore_ament_install'
[0.208s] Level 1:colcon.colcon_core.package_identification:_identify(src/navtech/src/nav_radar) by extensions ['colcon_pkg']
[0.208s] Level 1:colcon.colcon_core.package_identification:_identify(src/navtech/src/nav_radar) by extension 'colcon_pkg'
[0.208s] Level 1:colcon.colcon_core.package_identification:_identify(src/navtech/src/nav_radar) by extensions ['colcon_meta']
[0.208s] Level 1:colcon.colcon_core.package_identification:_identify(src/navtech/src/nav_radar) by extension 'colcon_meta'
[0.208s] Level 1:colcon.colcon_core.package_identification:_identify(src/navtech/src/nav_radar) by extensions ['ros']
[0.208s] Level 1:colcon.colcon_core.package_identification:_identify(src/navtech/src/nav_radar) by extension 'ros'
[0.208s] DEBUG:colcon.colcon_core.package_identification:Package 'src/navtech/src/nav_radar' with type 'ros.ament_cmake' and name 'nav_radar'
[0.208s] Level 1:colcon.colcon_core.package_identification:_identify(src/navtech/src/nav_rviz) by extensions ['ignore', 'ignore_ament_install']
[0.208s] Level 1:colcon.colcon_core.package_identification:_identify(src/navtech/src/nav_rviz) by extension 'ignore'
[0.208s] Level 1:colcon.colcon_core.package_identification:_identify(src/navtech/src/nav_rviz) by extension 'ignore_ament_install'
[0.208s] Level 1:colcon.colcon_core.package_identification:_identify(src/navtech/src/nav_rviz) by extensions ['colcon_pkg']
[0.208s] Level 1:colcon.colcon_core.package_identification:_identify(src/navtech/src/nav_rviz) by extension 'colcon_pkg'
[0.208s] Level 1:colcon.colcon_core.package_identification:_identify(src/navtech/src/nav_rviz) by extensions ['colcon_meta']
[0.208s] Level 1:colcon.colcon_core.package_identification:_identify(src/navtech/src/nav_rviz) by extension 'colcon_meta'
[0.209s] Level 1:colcon.colcon_core.package_identification:_identify(src/navtech/src/nav_rviz) by extensions ['ros']
[0.209s] Level 1:colcon.colcon_core.package_identification:_identify(src/navtech/src/nav_rviz) by extension 'ros'
[0.209s] Level 1:colcon.colcon_core.package_identification:_identify(src/navtech/src/nav_rviz) by extensions ['cmake', 'python']
[0.209s] Level 1:colcon.colcon_core.package_identification:_identify(src/navtech/src/nav_rviz) by extension 'cmake'
[0.209s] Level 1:colcon.colcon_core.package_identification:_identify(src/navtech/src/nav_rviz) by extension 'python'
[0.209s] Level 1:colcon.colcon_core.package_identification:_identify(src/navtech/src/nav_rviz) by extensions ['python_setup_py']
[0.209s] Level 1:colcon.colcon_core.package_identification:_identify(src/navtech/src/nav_rviz) by extension 'python_setup_py'
[0.209s] Level 1:colcon.colcon_core.package_identification:_identify(src/ouster-ros) by extensions ['ignore', 'ignore_ament_install']
[0.209s] Level 1:colcon.colcon_core.package_identification:_identify(src/ouster-ros) by extension 'ignore'
[0.209s] Level 1:colcon.colcon_core.package_identification:_identify(src/ouster-ros) by extension 'ignore_ament_install'
[0.209s] Level 1:colcon.colcon_core.package_identification:_identify(src/ouster-ros) by extensions ['colcon_pkg']
[0.209s] Level 1:colcon.colcon_core.package_identification:_identify(src/ouster-ros) by extension 'colcon_pkg'
[0.209s] Level 1:colcon.colcon_core.package_identification:_identify(src/ouster-ros) by extensions ['colcon_meta']
[0.209s] Level 1:colcon.colcon_core.package_identification:_identify(src/ouster-ros) by extension 'colcon_meta'
[0.209s] Level 1:colcon.colcon_core.package_identification:_identify(src/ouster-ros) by extensions ['ros']
[0.209s] Level 1:colcon.colcon_core.package_identification:_identify(src/ouster-ros) by extension 'ros'
[0.209s] Level 1:colcon.colcon_core.package_identification:_identify(src/ouster-ros) by extensions ['cmake', 'python']
[0.209s] Level 1:colcon.colcon_core.package_identification:_identify(src/ouster-ros) by extension 'cmake'
[0.209s] Level 1:colcon.colcon_core.package_identification:_identify(src/ouster-ros) by extension 'python'
[0.209s] Level 1:colcon.colcon_core.package_identification:_identify(src/ouster-ros) by extensions ['python_setup_py']
[0.209s] Level 1:colcon.colcon_core.package_identification:_identify(src/ouster-ros) by extension 'python_setup_py'
[0.209s] Level 1:colcon.colcon_core.package_identification:_identify(src/ouster-ros/docs) by extensions ['ignore', 'ignore_ament_install']
[0.209s] Level 1:colcon.colcon_core.package_identification:_identify(src/ouster-ros/docs) by extension 'ignore'
[0.209s] Level 1:colcon.colcon_core.package_identification:_identify(src/ouster-ros/docs) by extension 'ignore_ament_install'
[0.209s] Level 1:colcon.colcon_core.package_identification:_identify(src/ouster-ros/docs) by extensions ['colcon_pkg']
[0.209s] Level 1:colcon.colcon_core.package_identification:_identify(src/ouster-ros/docs) by extension 'colcon_pkg'
[0.209s] Level 1:colcon.colcon_core.package_identification:_identify(src/ouster-ros/docs) by extensions ['colcon_meta']
[0.209s] Level 1:colcon.colcon_core.package_identification:_identify(src/ouster-ros/docs) by extension 'colcon_meta'
[0.209s] Level 1:colcon.colcon_core.package_identification:_identify(src/ouster-ros/docs) by extensions ['ros']
[0.209s] Level 1:colcon.colcon_core.package_identification:_identify(src/ouster-ros/docs) by extension 'ros'
[0.209s] Level 1:colcon.colcon_core.package_identification:_identify(src/ouster-ros/docs) by extensions ['cmake', 'python']
[0.209s] Level 1:colcon.colcon_core.package_identification:_identify(src/ouster-ros/docs) by extension 'cmake'
[0.209s] Level 1:colcon.colcon_core.package_identification:_identify(src/ouster-ros/docs) by extension 'python'
[0.209s] Level 1:colcon.colcon_core.package_identification:_identify(src/ouster-ros/docs) by extensions ['python_setup_py']
[0.209s] Level 1:colcon.colcon_core.package_identification:_identify(src/ouster-ros/docs) by extension 'python_setup_py'
[0.209s] Level 1:colcon.colcon_core.package_identification:_identify(src/ouster-ros/docs/images) by extensions ['ignore', 'ignore_ament_install']
[0.209s] Level 1:colcon.colcon_core.package_identification:_identify(src/ouster-ros/docs/images) by extension 'ignore'
[0.209s] Level 1:colcon.colcon_core.package_identification:_identify(src/ouster-ros/docs/images) by extension 'ignore_ament_install'
[0.209s] Level 1:colcon.colcon_core.package_identification:_identify(src/ouster-ros/docs/images) by extensions ['colcon_pkg']
[0.209s] Level 1:colcon.colcon_core.package_identification:_identify(src/ouster-ros/docs/images) by extension 'colcon_pkg'
[0.209s] Level 1:colcon.colcon_core.package_identification:_identify(src/ouster-ros/docs/images) by extensions ['colcon_meta']
[0.209s] Level 1:colcon.colcon_core.package_identification:_identify(src/ouster-ros/docs/images) by extension 'colcon_meta'
[0.209s] Level 1:colcon.colcon_core.package_identification:_identify(src/ouster-ros/docs/images) by extensions ['ros']
[0.209s] Level 1:colcon.colcon_core.package_identification:_identify(src/ouster-ros/docs/images) by extension 'ros'
[0.209s] Level 1:colcon.colcon_core.package_identification:_identify(src/ouster-ros/docs/images) by extensions ['cmake', 'python']
[0.209s] Level 1:colcon.colcon_core.package_identification:_identify(src/ouster-ros/docs/images) by extension 'cmake'
[0.209s] Level 1:colcon.colcon_core.package_identification:_identify(src/ouster-ros/docs/images) by extension 'python'
[0.209s] Level 1:colcon.colcon_core.package_identification:_identify(src/ouster-ros/docs/images) by extensions ['python_setup_py']
[0.209s] Level 1:colcon.colcon_core.package_identification:_identify(src/ouster-ros/docs/images) by extension 'python_setup_py'
[0.210s] Level 1:colcon.colcon_core.package_identification:_identify(src/ouster-ros/ouster-ros) by extensions ['ignore', 'ignore_ament_install']
[0.210s] Level 1:colcon.colcon_core.package_identification:_identify(src/ouster-ros/ouster-ros) by extension 'ignore'
[0.210s] Level 1:colcon.colcon_core.package_identification:_identify(src/ouster-ros/ouster-ros) by extension 'ignore_ament_install'
[0.210s] Level 1:colcon.colcon_core.package_identification:_identify(src/ouster-ros/ouster-ros) by extensions ['colcon_pkg']
[0.210s] Level 1:colcon.colcon_core.package_identification:_identify(src/ouster-ros/ouster-ros) by extension 'colcon_pkg'
[0.210s] Level 1:colcon.colcon_core.package_identification:_identify(src/ouster-ros/ouster-ros) by extensions ['colcon_meta']
[0.210s] Level 1:colcon.colcon_core.package_identification:_identify(src/ouster-ros/ouster-ros) by extension 'colcon_meta'
[0.210s] Level 1:colcon.colcon_core.package_identification:_identify(src/ouster-ros/ouster-ros) by extensions ['ros']
[0.210s] Level 1:colcon.colcon_core.package_identification:_identify(src/ouster-ros/ouster-ros) by extension 'ros'
[0.210s] DEBUG:colcon.colcon_core.package_identification:Package 'src/ouster-ros/ouster-ros' with type 'ros.ament_cmake' and name 'ouster_ros'
[0.210s] Level 1:colcon.colcon_core.package_identification:_identify(src/ouster-ros/ouster-sensor-msgs) by extensions ['ignore', 'ignore_ament_install']
[0.210s] Level 1:colcon.colcon_core.package_identification:_identify(src/ouster-ros/ouster-sensor-msgs) by extension 'ignore'
[0.211s] Level 1:colcon.colcon_core.package_identification:_identify(src/ouster-ros/ouster-sensor-msgs) by extension 'ignore_ament_install'
[0.211s] Level 1:colcon.colcon_core.package_identification:_identify(src/ouster-ros/ouster-sensor-msgs) by extensions ['colcon_pkg']
[0.211s] Level 1:colcon.colcon_core.package_identification:_identify(src/ouster-ros/ouster-sensor-msgs) by extension 'colcon_pkg'
[0.211s] Level 1:colcon.colcon_core.package_identification:_identify(src/ouster-ros/ouster-sensor-msgs) by extensions ['colcon_meta']
[0.211s] Level 1:colcon.colcon_core.package_identification:_identify(src/ouster-ros/ouster-sensor-msgs) by extension 'colcon_meta'
[0.211s] Level 1:colcon.colcon_core.package_identification:_identify(src/ouster-ros/ouster-sensor-msgs) by extensions ['ros']
[0.211s] Level 1:colcon.colcon_core.package_identification:_identify(src/ouster-ros/ouster-sensor-msgs) by extension 'ros'
[0.211s] DEBUG:colcon.colcon_core.package_identification:Package 'src/ouster-ros/ouster-sensor-msgs' with type 'ros.ament_cmake' and name 'ouster_sensor_msgs'
[0.211s] Level 1:colcon.colcon_core.package_identification:_identify(src/sensor_bringup) by extensions ['ignore', 'ignore_ament_install']
[0.211s] Level 1:colcon.colcon_core.package_identification:_identify(src/sensor_bringup) by extension 'ignore'
[0.211s] Level 1:colcon.colcon_core.package_identification:_identify(src/sensor_bringup) by extension 'ignore_ament_install'
[0.211s] Level 1:colcon.colcon_core.package_identification:_identify(src/sensor_bringup) by extensions ['colcon_pkg']
[0.211s] Level 1:colcon.colcon_core.package_identification:_identify(src/sensor_bringup) by extension 'colcon_pkg'
[0.211s] Level 1:colcon.colcon_core.package_identification:_identify(src/sensor_bringup) by extensions ['colcon_meta']
[0.211s] Level 1:colcon.colcon_core.package_identification:_identify(src/sensor_bringup) by extension 'colcon_meta'
[0.211s] Level 1:colcon.colcon_core.package_identification:_identify(src/sensor_bringup) by extensions ['ros']
[0.211s] Level 1:colcon.colcon_core.package_identification:_identify(src/sensor_bringup) by extension 'ros'
[0.212s] DEBUG:colcon.colcon_core.package_identification:Package 'src/sensor_bringup' with type 'ros.ament_python' and name 'sensor_bringup'
[0.212s] Level 1:colcon.colcon_core.package_identification:_identify(src/zed-ros2-wrapper) by extensions ['ignore', 'ignore_ament_install']
[0.212s] Level 1:colcon.colcon_core.package_identification:_identify(src/zed-ros2-wrapper) by extension 'ignore'
[0.212s] Level 1:colcon.colcon_core.package_identification:_identify(src/zed-ros2-wrapper) by extension 'ignore_ament_install'
[0.212s] Level 1:colcon.colcon_core.package_identification:_identify(src/zed-ros2-wrapper) by extensions ['colcon_pkg']
[0.212s] Level 1:colcon.colcon_core.package_identification:_identify(src/zed-ros2-wrapper) by extension 'colcon_pkg'
[0.212s] Level 1:colcon.colcon_core.package_identification:_identify(src/zed-ros2-wrapper) by extensions ['colcon_meta']
[0.212s] Level 1:colcon.colcon_core.package_identification:_identify(src/zed-ros2-wrapper) by extension 'colcon_meta'
[0.212s] Level 1:colcon.colcon_core.package_identification:_identify(src/zed-ros2-wrapper) by extensions ['ros']
[0.212s] Level 1:colcon.colcon_core.package_identification:_identify(src/zed-ros2-wrapper) by extension 'ros'
[0.212s] Level 1:colcon.colcon_core.package_identification:_identify(src/zed-ros2-wrapper) by extensions ['cmake', 'python']
[0.212s] Level 1:colcon.colcon_core.package_identification:_identify(src/zed-ros2-wrapper) by extension 'cmake'
[0.212s] Level 1:colcon.colcon_core.package_identification:_identify(src/zed-ros2-wrapper) by extension 'python'
[0.212s] Level 1:colcon.colcon_core.package_identification:_identify(src/zed-ros2-wrapper) by extensions ['python_setup_py']
[0.212s] Level 1:colcon.colcon_core.package_identification:_identify(src/zed-ros2-wrapper) by extension 'python_setup_py'
[0.212s] Level 1:colcon.colcon_core.package_identification:_identify(src/zed-ros2-wrapper/docker) by extensions ['ignore', 'ignore_ament_install']
[0.212s] Level 1:colcon.colcon_core.package_identification:_identify(src/zed-ros2-wrapper/docker) by extension 'ignore'
[0.212s] Level 1:colcon.colcon_core.package_identification:_identify(src/zed-ros2-wrapper/docker) by extension 'ignore_ament_install'
[0.212s] Level 1:colcon.colcon_core.package_identification:_identify(src/zed-ros2-wrapper/docker) by extensions ['colcon_pkg']
[0.212s] Level 1:colcon.colcon_core.package_identification:_identify(src/zed-ros2-wrapper/docker) by extension 'colcon_pkg'
[0.212s] Level 1:colcon.colcon_core.package_identification:_identify(src/zed-ros2-wrapper/docker) by extensions ['colcon_meta']
[0.212s] Level 1:colcon.colcon_core.package_identification:_identify(src/zed-ros2-wrapper/docker) by extension 'colcon_meta'
[0.212s] Level 1:colcon.colcon_core.package_identification:_identify(src/zed-ros2-wrapper/docker) by extensions ['ros']
[0.212s] Level 1:colcon.colcon_core.package_identification:_identify(src/zed-ros2-wrapper/docker) by extension 'ros'
[0.212s] Level 1:colcon.colcon_core.package_identification:_identify(src/zed-ros2-wrapper/docker) by extensions ['cmake', 'python']
[0.212s] Level 1:colcon.colcon_core.package_identification:_identify(src/zed-ros2-wrapper/docker) by extension 'cmake'
[0.212s] Level 1:colcon.colcon_core.package_identification:_identify(src/zed-ros2-wrapper/docker) by extension 'python'
[0.212s] Level 1:colcon.colcon_core.package_identification:_identify(src/zed-ros2-wrapper/docker) by extensions ['python_setup_py']
[0.212s] Level 1:colcon.colcon_core.package_identification:_identify(src/zed-ros2-wrapper/docker) by extension 'python_setup_py'
[0.212s] Level 1:colcon.colcon_core.package_identification:_identify(src/zed-ros2-wrapper/images) by extensions ['ignore', 'ignore_ament_install']
[0.213s] Level 1:colcon.colcon_core.package_identification:_identify(src/zed-ros2-wrapper/images) by extension 'ignore'
[0.213s] Level 1:colcon.colcon_core.package_identification:_identify(src/zed-ros2-wrapper/images) by extension 'ignore_ament_install'
[0.213s] Level 1:colcon.colcon_core.package_identification:_identify(src/zed-ros2-wrapper/images) by extensions ['colcon_pkg']
[0.213s] Level 1:colcon.colcon_core.package_identification:_identify(src/zed-ros2-wrapper/images) by extension 'colcon_pkg'
[0.213s] Level 1:colcon.colcon_core.package_identification:_identify(src/zed-ros2-wrapper/images) by extensions ['colcon_meta']
[0.213s] Level 1:colcon.colcon_core.package_identification:_identify(src/zed-ros2-wrapper/images) by extension 'colcon_meta'
[0.213s] Level 1:colcon.colcon_core.package_identification:_identify(src/zed-ros2-wrapper/images) by extensions ['ros']
[0.213s] Level 1:colcon.colcon_core.package_identification:_identify(src/zed-ros2-wrapper/images) by extension 'ros'
[0.213s] Level 1:colcon.colcon_core.package_identification:_identify(src/zed-ros2-wrapper/images) by extensions ['cmake', 'python']
[0.213s] Level 1:colcon.colcon_core.package_identification:_identify(src/zed-ros2-wrapper/images) by extension 'cmake'
[0.213s] Level 1:colcon.colcon_core.package_identification:_identify(src/zed-ros2-wrapper/images) by extension 'python'
[0.213s] Level 1:colcon.colcon_core.package_identification:_identify(src/zed-ros2-wrapper/images) by extensions ['python_setup_py']
[0.213s] Level 1:colcon.colcon_core.package_identification:_identify(src/zed-ros2-wrapper/images) by extension 'python_setup_py'
[0.213s] Level 1:colcon.colcon_core.package_identification:_identify(src/zed-ros2-wrapper/zed_components) by extensions ['ignore', 'ignore_ament_install']
[0.213s] Level 1:colcon.colcon_core.package_identification:_identify(src/zed-ros2-wrapper/zed_components) by extension 'ignore'
[0.213s] Level 1:colcon.colcon_core.package_identification:_identify(src/zed-ros2-wrapper/zed_components) by extension 'ignore_ament_install'
[0.213s] Level 1:colcon.colcon_core.package_identification:_identify(src/zed-ros2-wrapper/zed_components) by extensions ['colcon_pkg']
[0.213s] Level 1:colcon.colcon_core.package_identification:_identify(src/zed-ros2-wrapper/zed_components) by extension 'colcon_pkg'
[0.213s] Level 1:colcon.colcon_core.package_identification:_identify(src/zed-ros2-wrapper/zed_components) by extensions ['colcon_meta']
[0.213s] Level 1:colcon.colcon_core.package_identification:_identify(src/zed-ros2-wrapper/zed_components) by extension 'colcon_meta'
[0.213s] Level 1:colcon.colcon_core.package_identification:_identify(src/zed-ros2-wrapper/zed_components) by extensions ['ros']
[0.213s] Level 1:colcon.colcon_core.package_identification:_identify(src/zed-ros2-wrapper/zed_components) by extension 'ros'
[0.214s] DEBUG:colcon.colcon_core.package_identification:Package 'src/zed-ros2-wrapper/zed_components' with type 'ros.ament_cmake' and name 'zed_components'
[0.214s] Level 1:colcon.colcon_core.package_identification:_identify(src/zed-ros2-wrapper/zed_ros2) by extensions ['ignore', 'ignore_ament_install']
[0.214s] Level 1:colcon.colcon_core.package_identification:_identify(src/zed-ros2-wrapper/zed_ros2) by extension 'ignore'
[0.214s] Level 1:colcon.colcon_core.package_identification:_identify(src/zed-ros2-wrapper/zed_ros2) by extension 'ignore_ament_install'
[0.214s] Level 1:colcon.colcon_core.package_identification:_identify(src/zed-ros2-wrapper/zed_ros2) by extensions ['colcon_pkg']
[0.214s] Level 1:colcon.colcon_core.package_identification:_identify(src/zed-ros2-wrapper/zed_ros2) by extension 'colcon_pkg'
[0.214s] Level 1:colcon.colcon_core.package_identification:_identify(src/zed-ros2-wrapper/zed_ros2) by extensions ['colcon_meta']
[0.214s] Level 1:colcon.colcon_core.package_identification:_identify(src/zed-ros2-wrapper/zed_ros2) by extension 'colcon_meta'
[0.214s] Level 1:colcon.colcon_core.package_identification:_identify(src/zed-ros2-wrapper/zed_ros2) by extensions ['ros']
[0.214s] Level 1:colcon.colcon_core.package_identification:_identify(src/zed-ros2-wrapper/zed_ros2) by extension 'ros'
[0.214s] DEBUG:colcon.colcon_core.package_identification:Package 'src/zed-ros2-wrapper/zed_ros2' with type 'ros.ament_cmake' and name 'zed_ros2'
[0.215s] Level 1:colcon.colcon_core.package_identification:_identify(src/zed-ros2-wrapper/zed_wrapper) by extensions ['ignore', 'ignore_ament_install']
[0.215s] Level 1:colcon.colcon_core.package_identification:_identify(src/zed-ros2-wrapper/zed_wrapper) by extension 'ignore'
[0.215s] Level 1:colcon.colcon_core.package_identification:_identify(src/zed-ros2-wrapper/zed_wrapper) by extension 'ignore_ament_install'
[0.215s] Level 1:colcon.colcon_core.package_identification:_identify(src/zed-ros2-wrapper/zed_wrapper) by extensions ['colcon_pkg']
[0.215s] Level 1:colcon.colcon_core.package_identification:_identify(src/zed-ros2-wrapper/zed_wrapper) by extension 'colcon_pkg'
[0.215s] Level 1:colcon.colcon_core.package_identification:_identify(src/zed-ros2-wrapper/zed_wrapper) by extensions ['colcon_meta']
[0.215s] Level 1:colcon.colcon_core.package_identification:_identify(src/zed-ros2-wrapper/zed_wrapper) by extension 'colcon_meta'
[0.215s] Level 1:colcon.colcon_core.package_identification:_identify(src/zed-ros2-wrapper/zed_wrapper) by extensions ['ros']
[0.215s] Level 1:colcon.colcon_core.package_identification:_identify(src/zed-ros2-wrapper/zed_wrapper) by extension 'ros'
[0.215s] DEBUG:colcon.colcon_core.package_identification:Package 'src/zed-ros2-wrapper/zed_wrapper' with type 'ros.ament_cmake' and name 'zed_wrapper'
[0.215s] Level 1:colcon.colcon_core.package_discovery:discover_packages(recursive) using defaults
[0.215s] Level 1:colcon.colcon_core.package_discovery:discover_packages(ignore) discover
[0.215s] Level 1:colcon.colcon_core.package_discovery:discover_packages(ignore) using defaults
[0.215s] Level 1:colcon.colcon_core.package_discovery:discover_packages(path) discover
[0.215s] Level 1:colcon.colcon_core.package_discovery:discover_packages(path) using defaults
[0.230s] Level 1:colcon.colcon_core.package_discovery:discover_packages(prefix_path) check parameters
[0.230s] Level 1:colcon.colcon_core.package_discovery:discover_packages(prefix_path) discover
[0.232s] DEBUG:colcon.colcon_installed_package_information.package_discovery:Found 8 installed packages in /home/ros2/tower_ws/install
[0.232s] DEBUG:colcon.colcon_installed_package_information.package_discovery:Found 3 installed packages in /home/ros2/ros2_ws/install
[0.233s] DEBUG:colcon.colcon_installed_package_information.package_discovery:Found 4 installed packages in /home/ros2/Downloads/final-ai/install
[0.233s] DEBUG:colcon.colcon_installed_package_information.package_discovery:Found 48 installed packages in /home/ros2/Downloads/ros2cs/install
[0.234s] DEBUG:colcon.colcon_installed_package_information.package_discovery:Found 286 installed packages in /opt/ros/humble
[0.235s] Level 1:colcon.colcon_core.package_discovery:discover_packages(prefix_path) using defaults
[0.261s] Level 5:colcon.colcon_core.verb:set package 'IASDK' build argument 'cmake_args' from command line to 'None'
[0.261s] Level 5:colcon.colcon_core.verb:set package 'IASDK' build argument 'cmake_target' from command line to 'None'
[0.261s] Level 5:colcon.colcon_core.verb:set package 'IASDK' build argument 'cmake_target_skip_unavailable' from command line to 'False'
[0.261s] Level 5:colcon.colcon_core.verb:set package 'IASDK' build argument 'cmake_clean_cache' from command line to 'False'
[0.261s] Level 5:colcon.colcon_core.verb:set package 'IASDK' build argument 'cmake_clean_first' from command line to 'False'
[0.261s] Level 5:colcon.colcon_core.verb:set package 'IASDK' build argument 'cmake_force_configure' from command line to 'False'
[0.261s] Level 5:colcon.colcon_core.verb:set package 'IASDK' build argument 'ament_cmake_args' from command line to 'None'
[0.261s] Level 5:colcon.colcon_core.verb:set package 'IASDK' build argument 'catkin_cmake_args' from command line to 'None'
[0.261s] Level 5:colcon.colcon_core.verb:set package 'IASDK' build argument 'catkin_skip_building_tests' from command line to 'False'
[0.261s] DEBUG:colcon.colcon_core.verb:Building package 'IASDK' with the following arguments: {'ament_cmake_args': None, 'build_base': '/home/ros2/tower_ws/build/IASDK', 'catkin_cmake_args': None, 'catkin_skip_building_tests': False, 'cmake_args': None, 'cmake_clean_cache': False, 'cmake_clean_first': False, 'cmake_force_configure': False, 'cmake_target': None, 'cmake_target_skip_unavailable': False, 'install_base': '/home/ros2/tower_ws/install/IASDK', 'merge_install': False, 'path': '/home/ros2/tower_ws/src/navtech/src/cpp_17/src', 'symlink_install': False, 'test_result_base': None}
[0.262s] Level 5:colcon.colcon_core.verb:set package 'nav_messages' build argument 'cmake_args' from command line to 'None'
[0.262s] Level 5:colcon.colcon_core.verb:set package 'nav_messages' build argument 'cmake_target' from command line to 'None'
[0.262s] Level 5:colcon.colcon_core.verb:set package 'nav_messages' build argument 'cmake_target_skip_unavailable' from command line to 'False'
[0.262s] Level 5:colcon.colcon_core.verb:set package 'nav_messages' build argument 'cmake_clean_cache' from command line to 'False'
[0.262s] Level 5:colcon.colcon_core.verb:set package 'nav_messages' build argument 'cmake_clean_first' from command line to 'False'
[0.262s] Level 5:colcon.colcon_core.verb:set package 'nav_messages' build argument 'cmake_force_configure' from command line to 'False'
[0.262s] Level 5:colcon.colcon_core.verb:set package 'nav_messages' build argument 'ament_cmake_args' from command line to 'None'
[0.262s] Level 5:colcon.colcon_core.verb:set package 'nav_messages' build argument 'catkin_cmake_args' from command line to 'None'
[0.262s] Level 5:colcon.colcon_core.verb:set package 'nav_messages' build argument 'catkin_skip_building_tests' from command line to 'False'
[0.262s] DEBUG:colcon.colcon_core.verb:Building package 'nav_messages' with the following arguments: {'ament_cmake_args': None, 'build_base': '/home/ros2/tower_ws/build/nav_messages', 'catkin_cmake_args': None, 'catkin_skip_building_tests': False, 'cmake_args': None, 'cmake_clean_cache': False, 'cmake_clean_first': False, 'cmake_force_configure': False, 'cmake_target': None, 'cmake_target_skip_unavailable': False, 'install_base': '/home/ros2/tower_ws/install/nav_messages', 'merge_install': False, 'path': '/home/ros2/tower_ws/src/navtech/src/nav_messages', 'symlink_install': False, 'test_result_base': None}
[0.262s] Level 5:colcon.colcon_core.verb:set package 'ouster_sensor_msgs' build argument 'cmake_args' from command line to 'None'
[0.262s] Level 5:colcon.colcon_core.verb:set package 'ouster_sensor_msgs' build argument 'cmake_target' from command line to 'None'
[0.262s] Level 5:colcon.colcon_core.verb:set package 'ouster_sensor_msgs' build argument 'cmake_target_skip_unavailable' from command line to 'False'
[0.262s] Level 5:colcon.colcon_core.verb:set package 'ouster_sensor_msgs' build argument 'cmake_clean_cache' from command line to 'False'
[0.262s] Level 5:colcon.colcon_core.verb:set package 'ouster_sensor_msgs' build argument 'cmake_clean_first' from command line to 'False'
[0.262s] Level 5:colcon.colcon_core.verb:set package 'ouster_sensor_msgs' build argument 'cmake_force_configure' from command line to 'False'
[0.262s] Level 5:colcon.colcon_core.verb:set package 'ouster_sensor_msgs' build argument 'ament_cmake_args' from command line to 'None'
[0.262s] Level 5:colcon.colcon_core.verb:set package 'ouster_sensor_msgs' build argument 'catkin_cmake_args' from command line to 'None'
[0.262s] Level 5:colcon.colcon_core.verb:set package 'ouster_sensor_msgs' build argument 'catkin_skip_building_tests' from command line to 'False'
[0.262s] DEBUG:colcon.colcon_core.verb:Building package 'ouster_sensor_msgs' with the following arguments: {'ament_cmake_args': None, 'build_base': '/home/ros2/tower_ws/build/ouster_sensor_msgs', 'catkin_cmake_args': None, 'catkin_skip_building_tests': False, 'cmake_args': None, 'cmake_clean_cache': False, 'cmake_clean_first': False, 'cmake_force_configure': False, 'cmake_target': None, 'cmake_target_skip_unavailable': False, 'install_base': '/home/ros2/tower_ws/install/ouster_sensor_msgs', 'merge_install': False, 'path': '/home/ros2/tower_ws/src/ouster-ros/ouster-sensor-msgs', 'symlink_install': False, 'test_result_base': None}
[0.262s] Level 5:colcon.colcon_core.verb:set package 'sensor_bringup' build argument 'cmake_args' from command line to 'None'
[0.262s] Level 5:colcon.colcon_core.verb:set package 'sensor_bringup' build argument 'cmake_target' from command line to 'None'
[0.262s] Level 5:colcon.colcon_core.verb:set package 'sensor_bringup' build argument 'cmake_target_skip_unavailable' from command line to 'False'
[0.262s] Level 5:colcon.colcon_core.verb:set package 'sensor_bringup' build argument 'cmake_clean_cache' from command line to 'False'
[0.262s] Level 5:colcon.colcon_core.verb:set package 'sensor_bringup' build argument 'cmake_clean_first' from command line to 'False'
[0.262s] Level 5:colcon.colcon_core.verb:set package 'sensor_bringup' build argument 'cmake_force_configure' from command line to 'False'
[0.262s] Level 5:colcon.colcon_core.verb:set package 'sensor_bringup' build argument 'ament_cmake_args' from command line to 'None'
[0.262s] Level 5:colcon.colcon_core.verb:set package 'sensor_bringup' build argument 'catkin_cmake_args' from command line to 'None'
[0.262s] Level 5:colcon.colcon_core.verb:set package 'sensor_bringup' build argument 'catkin_skip_building_tests' from command line to 'False'
[0.262s] DEBUG:colcon.colcon_core.verb:Building package 'sensor_bringup' with the following arguments: {'ament_cmake_args': None, 'build_base': '/home/ros2/tower_ws/build/sensor_bringup', 'catkin_cmake_args': None, 'catkin_skip_building_tests': False, 'cmake_args': None, 'cmake_clean_cache': False, 'cmake_clean_first': False, 'cmake_force_configure': False, 'cmake_target': None, 'cmake_target_skip_unavailable': False, 'install_base': '/home/ros2/tower_ws/install/sensor_bringup', 'merge_install': False, 'path': '/home/ros2/tower_ws/src/sensor_bringup', 'symlink_install': False, 'test_result_base': None}
[0.262s] Level 5:colcon.colcon_core.verb:set package 'zed_components' build argument 'cmake_args' from command line to 'None'
[0.262s] Level 5:colcon.colcon_core.verb:set package 'zed_components' build argument 'cmake_target' from command line to 'None'
[0.262s] Level 5:colcon.colcon_core.verb:set package 'zed_components' build argument 'cmake_target_skip_unavailable' from command line to 'False'
[0.262s] Level 5:colcon.colcon_core.verb:set package 'zed_components' build argument 'cmake_clean_cache' from command line to 'False'
[0.262s] Level 5:colcon.colcon_core.verb:set package 'zed_components' build argument 'cmake_clean_first' from command line to 'False'
[0.262s] Level 5:colcon.colcon_core.verb:set package 'zed_components' build argument 'cmake_force_configure' from command line to 'False'
[0.262s] Level 5:colcon.colcon_core.verb:set package 'zed_components' build argument 'ament_cmake_args' from command line to 'None'
[0.262s] Level 5:colcon.colcon_core.verb:set package 'zed_components' build argument 'catkin_cmake_args' from command line to 'None'
[0.262s] Level 5:colcon.colcon_core.verb:set package 'zed_components' build argument 'catkin_skip_building_tests' from command line to 'False'
[0.262s] DEBUG:colcon.colcon_core.verb:Building package 'zed_components' with the following arguments: {'ament_cmake_args': None, 'build_base': '/home/ros2/tower_ws/build/zed_components', 'catkin_cmake_args': None, 'catkin_skip_building_tests': False, 'cmake_args': None, 'cmake_clean_cache': False, 'cmake_clean_first': False, 'cmake_force_configure': False, 'cmake_target': None, 'cmake_target_skip_unavailable': False, 'install_base': '/home/ros2/tower_ws/install/zed_components', 'merge_install': False, 'path': '/home/ros2/tower_ws/src/zed-ros2-wrapper/zed_components', 'symlink_install': False, 'test_result_base': None}
[0.262s] Level 5:colcon.colcon_core.verb:set package 'nav_camera' build argument 'cmake_args' from command line to 'None'
[0.262s] Level 5:colcon.colcon_core.verb:set package 'nav_camera' build argument 'cmake_target' from command line to 'None'
[0.262s] Level 5:colcon.colcon_core.verb:set package 'nav_camera' build argument 'cmake_target_skip_unavailable' from command line to 'False'
[0.262s] Level 5:colcon.colcon_core.verb:set package 'nav_camera' build argument 'cmake_clean_cache' from command line to 'False'
[0.262s] Level 5:colcon.colcon_core.verb:set package 'nav_camera' build argument 'cmake_clean_first' from command line to 'False'
[0.262s] Level 5:colcon.colcon_core.verb:set package 'nav_camera' build argument 'cmake_force_configure' from command line to 'False'
[0.262s] Level 5:colcon.colcon_core.verb:set package 'nav_camera' build argument 'ament_cmake_args' from command line to 'None'
[0.262s] Level 5:colcon.colcon_core.verb:set package 'nav_camera' build argument 'catkin_cmake_args' from command line to 'None'
[0.262s] Level 5:colcon.colcon_core.verb:set package 'nav_camera' build argument 'catkin_skip_building_tests' from command line to 'False'
[0.262s] DEBUG:colcon.colcon_core.verb:Building package 'nav_camera' with the following arguments: {'ament_cmake_args': None, 'build_base': '/home/ros2/tower_ws/build/nav_camera', 'catkin_cmake_args': None, 'catkin_skip_building_tests': False, 'cmake_args': None, 'cmake_clean_cache': False, 'cmake_clean_first': False, 'cmake_force_configure': False, 'cmake_target': None, 'cmake_target_skip_unavailable': False, 'install_base': '/home/ros2/tower_ws/install/nav_camera', 'merge_install': False, 'path': '/home/ros2/tower_ws/src/navtech/src/nav_camera', 'symlink_install': False, 'test_result_base': None}
[0.263s] Level 5:colcon.colcon_core.verb:set package 'nav_radar' build argument 'cmake_args' from command line to 'None'
[0.263s] Level 5:colcon.colcon_core.verb:set package 'nav_radar' build argument 'cmake_target' from command line to 'None'
[0.263s] Level 5:colcon.colcon_core.verb:set package 'nav_radar' build argument 'cmake_target_skip_unavailable' from command line to 'False'
[0.263s] Level 5:colcon.colcon_core.verb:set package 'nav_radar' build argument 'cmake_clean_cache' from command line to 'False'
[0.263s] Level 5:colcon.colcon_core.verb:set package 'nav_radar' build argument 'cmake_clean_first' from command line to 'False'
[0.263s] Level 5:colcon.colcon_core.verb:set package 'nav_radar' build argument 'cmake_force_configure' from command line to 'False'
[0.263s] Level 5:colcon.colcon_core.verb:set package 'nav_radar' build argument 'ament_cmake_args' from command line to 'None'
[0.263s] Level 5:colcon.colcon_core.verb:set package 'nav_radar' build argument 'catkin_cmake_args' from command line to 'None'
[0.263s] Level 5:colcon.colcon_core.verb:set package 'nav_radar' build argument 'catkin_skip_building_tests' from command line to 'False'
[0.263s] DEBUG:colcon.colcon_core.verb:Building package 'nav_radar' with the following arguments: {'ament_cmake_args': None, 'build_base': '/home/ros2/tower_ws/build/nav_radar', 'catkin_cmake_args': None, 'catkin_skip_building_tests': False, 'cmake_args': None, 'cmake_clean_cache': False, 'cmake_clean_first': False, 'cmake_force_configure': False, 'cmake_target': None, 'cmake_target_skip_unavailable': False, 'install_base': '/home/ros2/tower_ws/install/nav_radar', 'merge_install': False, 'path': '/home/ros2/tower_ws/src/navtech/src/nav_radar', 'symlink_install': False, 'test_result_base': None}
[0.263s] Level 5:colcon.colcon_core.verb:set package 'ouster_ros' build argument 'cmake_args' from command line to 'None'
[0.263s] Level 5:colcon.colcon_core.verb:set package 'ouster_ros' build argument 'cmake_target' from command line to 'None'
[0.263s] Level 5:colcon.colcon_core.verb:set package 'ouster_ros' build argument 'cmake_target_skip_unavailable' from command line to 'False'
[0.263s] Level 5:colcon.colcon_core.verb:set package 'ouster_ros' build argument 'cmake_clean_cache' from command line to 'False'
[0.263s] Level 5:colcon.colcon_core.verb:set package 'ouster_ros' build argument 'cmake_clean_first' from command line to 'False'
[0.263s] Level 5:colcon.colcon_core.verb:set package 'ouster_ros' build argument 'cmake_force_configure' from command line to 'False'
[0.263s] Level 5:colcon.colcon_core.verb:set package 'ouster_ros' build argument 'ament_cmake_args' from command line to 'None'
[0.263s] Level 5:colcon.colcon_core.verb:set package 'ouster_ros' build argument 'catkin_cmake_args' from command line to 'None'
[0.263s] Level 5:colcon.colcon_core.verb:set package 'ouster_ros' build argument 'catkin_skip_building_tests' from command line to 'False'
[0.263s] DEBUG:colcon.colcon_core.verb:Building package 'ouster_ros' with the following arguments: {'ament_cmake_args': None, 'build_base': '/home/ros2/tower_ws/build/ouster_ros', 'catkin_cmake_args': None, 'catkin_skip_building_tests': False, 'cmake_args': None, 'cmake_clean_cache': False, 'cmake_clean_first': False, 'cmake_force_configure': False, 'cmake_target': None, 'cmake_target_skip_unavailable': False, 'install_base': '/home/ros2/tower_ws/install/ouster_ros', 'merge_install': False, 'path': '/home/ros2/tower_ws/src/ouster-ros/ouster-ros', 'symlink_install': False, 'test_result_base': None}
[0.263s] Level 5:colcon.colcon_core.verb:set package 'zed_wrapper' build argument 'cmake_args' from command line to 'None'
[0.263s] Level 5:colcon.colcon_core.verb:set package 'zed_wrapper' build argument 'cmake_target' from command line to 'None'
[0.263s] Level 5:colcon.colcon_core.verb:set package 'zed_wrapper' build argument 'cmake_target_skip_unavailable' from command line to 'False'
[0.263s] Level 5:colcon.colcon_core.verb:set package 'zed_wrapper' build argument 'cmake_clean_cache' from command line to 'False'
[0.263s] Level 5:colcon.colcon_core.verb:set package 'zed_wrapper' build argument 'cmake_clean_first' from command line to 'False'
[0.263s] Level 5:colcon.colcon_core.verb:set package 'zed_wrapper' build argument 'cmake_force_configure' from command line to 'False'
[0.263s] Level 5:colcon.colcon_core.verb:set package 'zed_wrapper' build argument 'ament_cmake_args' from command line to 'None'
[0.263s] Level 5:colcon.colcon_core.verb:set package 'zed_wrapper' build argument 'catkin_cmake_args' from command line to 'None'
[0.263s] Level 5:colcon.colcon_core.verb:set package 'zed_wrapper' build argument 'catkin_skip_building_tests' from command line to 'False'
[0.263s] DEBUG:colcon.colcon_core.verb:Building package 'zed_wrapper' with the following arguments: {'ament_cmake_args': None, 'build_base': '/home/ros2/tower_ws/build/zed_wrapper', 'catkin_cmake_args': None, 'catkin_skip_building_tests': False, 'cmake_args': None, 'cmake_clean_cache': False, 'cmake_clean_first': False, 'cmake_force_configure': False, 'cmake_target': None, 'cmake_target_skip_unavailable': False, 'install_base': '/home/ros2/tower_ws/install/zed_wrapper', 'merge_install': False, 'path': '/home/ros2/tower_ws/src/zed-ros2-wrapper/zed_wrapper', 'symlink_install': False, 'test_result_base': None}
[0.263s] Level 5:colcon.colcon_core.verb:set package 'nav_launch' build argument 'cmake_args' from command line to 'None'
[0.263s] Level 5:colcon.colcon_core.verb:set package 'nav_launch' build argument 'cmake_target' from command line to 'None'
[0.263s] Level 5:colcon.colcon_core.verb:set package 'nav_launch' build argument 'cmake_target_skip_unavailable' from command line to 'False'
[0.263s] Level 5:colcon.colcon_core.verb:set package 'nav_launch' build argument 'cmake_clean_cache' from command line to 'False'
[0.263s] Level 5:colcon.colcon_core.verb:set package 'nav_launch' build argument 'cmake_clean_first' from command line to 'False'
[0.263s] Level 5:colcon.colcon_core.verb:set package 'nav_launch' build argument 'cmake_force_configure' from command line to 'False'
[0.263s] Level 5:colcon.colcon_core.verb:set package 'nav_launch' build argument 'ament_cmake_args' from command line to 'None'
[0.263s] Level 5:colcon.colcon_core.verb:set package 'nav_launch' build argument 'catkin_cmake_args' from command line to 'None'
[0.263s] Level 5:colcon.colcon_core.verb:set package 'nav_launch' build argument 'catkin_skip_building_tests' from command line to 'False'
[0.263s] DEBUG:colcon.colcon_core.verb:Building package 'nav_launch' with the following arguments: {'ament_cmake_args': None, 'build_base': '/home/ros2/tower_ws/build/nav_launch', 'catkin_cmake_args': None, 'catkin_skip_building_tests': False, 'cmake_args': None, 'cmake_clean_cache': False, 'cmake_clean_first': False, 'cmake_force_configure': False, 'cmake_target': None, 'cmake_target_skip_unavailable': False, 'install_base': '/home/ros2/tower_ws/install/nav_launch', 'merge_install': False, 'path': '/home/ros2/tower_ws/src/navtech/src/nav_launch', 'symlink_install': False, 'test_result_base': None}
[0.263s] Level 5:colcon.colcon_core.verb:set package 'zed_ros2' build argument 'cmake_args' from command line to 'None'
[0.263s] Level 5:colcon.colcon_core.verb:set package 'zed_ros2' build argument 'cmake_target' from command line to 'None'
[0.263s] Level 5:colcon.colcon_core.verb:set package 'zed_ros2' build argument 'cmake_target_skip_unavailable' from command line to 'False'
[0.263s] Level 5:colcon.colcon_core.verb:set package 'zed_ros2' build argument 'cmake_clean_cache' from command line to 'False'
[0.263s] Level 5:colcon.colcon_core.verb:set package 'zed_ros2' build argument 'cmake_clean_first' from command line to 'False'
[0.263s] Level 5:colcon.colcon_core.verb:set package 'zed_ros2' build argument 'cmake_force_configure' from command line to 'False'
[0.263s] Level 5:colcon.colcon_core.verb:set package 'zed_ros2' build argument 'ament_cmake_args' from command line to 'None'
[0.263s] Level 5:colcon.colcon_core.verb:set package 'zed_ros2' build argument 'catkin_cmake_args' from command line to 'None'
[0.263s] Level 5:colcon.colcon_core.verb:set package 'zed_ros2' build argument 'catkin_skip_building_tests' from command line to 'False'
[0.263s] DEBUG:colcon.colcon_core.verb:Building package 'zed_ros2' with the following arguments: {'ament_cmake_args': None, 'build_base': '/home/ros2/tower_ws/build/zed_ros2', 'catkin_cmake_args': None, 'catkin_skip_building_tests': False, 'cmake_args': None, 'cmake_clean_cache': False, 'cmake_clean_first': False, 'cmake_force_configure': False, 'cmake_target': None, 'cmake_target_skip_unavailable': False, 'install_base': '/home/ros2/tower_ws/install/zed_ros2', 'merge_install': False, 'path': '/home/ros2/tower_ws/src/zed-ros2-wrapper/zed_ros2', 'symlink_install': False, 'test_result_base': None}
[0.263s] INFO:colcon.colcon_core.executor:Executing jobs using 'parallel' executor
[0.264s] DEBUG:colcon.colcon_parallel_executor.executor.parallel:run_until_complete
[0.264s] INFO:colcon.colcon_ros.task.ament_cmake.build:Building ROS package in '/home/ros2/tower_ws/src/navtech/src/nav_messages' with build type 'ament_cmake'
[0.264s] INFO:colcon.colcon_cmake.task.cmake.build:Building CMake package in '/home/ros2/tower_ws/src/navtech/src/nav_messages'
[0.267s] INFO:colcon.colcon_core.plugin_system:Skipping extension 'colcon_core.shell.bat': Not used on non-Windows systems
[0.267s] INFO:colcon.colcon_core.shell:Skip shell extension 'powershell' for command environment: Not usable outside of PowerShell
[0.267s] DEBUG:colcon.colcon_core.shell:Skip shell extension 'dsv' for command environment
[0.270s] INFO:colcon.colcon_ros.task.ament_cmake.build:Building ROS package in '/home/ros2/tower_ws/src/zed-ros2-wrapper/zed_components' with build type 'ament_cmake'
[0.270s] INFO:colcon.colcon_cmake.task.cmake.build:Building CMake package in '/home/ros2/tower_ws/src/zed-ros2-wrapper/zed_components'
[0.270s] INFO:colcon.colcon_core.shell:Skip shell extension 'powershell' for command environment: Not usable outside of PowerShell
[0.270s] DEBUG:colcon.colcon_core.shell:Skip shell extension 'dsv' for command environment
[0.273s] INFO:colcon.colcon_ros.task.ament_cmake.build:Building ROS package in '/home/ros2/tower_ws/src/ouster-ros/ouster-sensor-msgs' with build type 'ament_cmake'
[0.273s] INFO:colcon.colcon_cmake.task.cmake.build:Building CMake package in '/home/ros2/tower_ws/src/ouster-ros/ouster-sensor-msgs'
[0.273s] INFO:colcon.colcon_core.shell:Skip shell extension 'powershell' for command environment: Not usable outside of PowerShell
[0.273s] DEBUG:colcon.colcon_core.shell:Skip shell extension 'dsv' for command environment
[0.276s] INFO:colcon.colcon_cmake.task.cmake.build:Building CMake package in '/home/ros2/tower_ws/src/navtech/src/cpp_17/src'
[0.276s] INFO:colcon.colcon_core.shell:Skip shell extension 'powershell' for command environment: Not usable outside of PowerShell
[0.276s] DEBUG:colcon.colcon_core.shell:Skip shell extension 'dsv' for command environment
[0.279s] INFO:colcon.colcon_ros.task.ament_python.build:Building ROS package in '/home/ros2/tower_ws/src/sensor_bringup' with build type 'ament_python'
[0.279s] Level 1:colcon.colcon_core.shell:create_environment_hook('sensor_bringup', 'ament_prefix_path')
[0.279s] INFO:colcon.colcon_core.shell:Creating environment hook '/home/ros2/tower_ws/install/sensor_bringup/share/sensor_bringup/hook/ament_prefix_path.ps1'
[0.279s] INFO:colcon.colcon_core.shell:Creating environment descriptor '/home/ros2/tower_ws/install/sensor_bringup/share/sensor_bringup/hook/ament_prefix_path.dsv'
[0.280s] INFO:colcon.colcon_core.shell:Creating environment hook '/home/ros2/tower_ws/install/sensor_bringup/share/sensor_bringup/hook/ament_prefix_path.sh'
[0.280s] INFO:colcon.colcon_core.shell:Skip shell extension 'powershell' for command environment: Not usable outside of PowerShell
[0.280s] DEBUG:colcon.colcon_core.shell:Skip shell extension 'dsv' for command environment
[0.287s] DEBUG:colcon.colcon_core.event_handler.log_command:Invoking command in '/home/ros2/tower_ws/build/nav_messages': CMAKE_PREFIX_PATH=${CMAKE_PREFIX_PATH}:/home/ros2/Downloads/final-ai/install/py_fakedata:/home/ros2/Downloads/final-ai/install/py_detectionmessage:/home/ros2/Downloads/final-ai/install/py_aiproc:/opt/ros/humble /usr/bin/cmake --build /home/ros2/tower_ws/build/nav_messages -- -j24 -l24
[0.290s] DEBUG:colcon.colcon_core.event_handler.log_command:Invoking command in '/home/ros2/tower_ws/build/zed_components': CMAKE_PREFIX_PATH=${CMAKE_PREFIX_PATH}:/home/ros2/Downloads/final-ai/install/py_fakedata:/home/ros2/Downloads/final-ai/install/py_detectionmessage:/home/ros2/Downloads/final-ai/install/py_aiproc:/opt/ros/humble /usr/bin/cmake --build /home/ros2/tower_ws/build/zed_components -- -j24 -l24
[0.291s] DEBUG:colcon.colcon_core.event_handler.log_command:Invoking command in '/home/ros2/tower_ws/build/ouster_sensor_msgs': CMAKE_PREFIX_PATH=${CMAKE_PREFIX_PATH}:/home/ros2/Downloads/final-ai/install/py_fakedata:/home/ros2/Downloads/final-ai/install/py_detectionmessage:/home/ros2/Downloads/final-ai/install/py_aiproc:/opt/ros/humble /usr/bin/cmake /home/ros2/tower_ws/src/ouster-ros/ouster-sensor-msgs -DCMAKE_INSTALL_PREFIX=/home/ros2/tower_ws/install/ouster_sensor_msgs
[0.294s] DEBUG:colcon.colcon_core.event_handler.log_command:Invoking command in '/home/ros2/tower_ws/build/IASDK': /usr/bin/cmake --build /home/ros2/tower_ws/build/IASDK -- -j24 -l24
[0.811s] INFO:colcon.colcon_core.task.python.build:Building Python package in '/home/ros2/tower_ws/src/sensor_bringup'
[0.811s] INFO:colcon.colcon_core.shell:Skip shell extension 'powershell' for command environment: Not usable outside of PowerShell
[0.811s] DEBUG:colcon.colcon_core.shell:Skip shell extension 'dsv' for command environment
[1.256s] DEBUG:colcon.colcon_core.task.python.build:Available setuptools commands: build_ext, bdist_dumb, egg_info, rotate, test, install_lib, install_headers, build_scripts, upload_docs, sdist, build, install_egg_info, setopt, alias, clean, upload, easy_install, build_clib, install, install_data, bdist_rpm, register, bdist_egg, build_py, check, dist_info, install_scripts, saveopts, develop, bdist, symlink_data, bdist_wheel
[1.259s] DEBUG:colcon.colcon_core.event_handler.log_command:Invoking command in '/home/ros2/tower_ws/src/sensor_bringup': PYTHONPATH=/home/ros2/tower_ws/build/sensor_bringup/prefix_override:/usr/lib/python3/dist-packages/colcon_core/task/python/colcon_distutils_commands:/home/ros2/tower_ws/install/sensor_bringup/lib/python3.10/site-packages:${PYTHONPATH} /usr/bin/python3 -W ignore:setup.py install is deprecated -W ignore:easy_install command is deprecated setup.py egg_info --egg-base ../../build/sensor_bringup build --build-base /home/ros2/tower_ws/build/sensor_bringup/build install --record /home/ros2/tower_ws/build/sensor_bringup/install.log --install-scripts $base/lib/sensor_bringup --single-version-externally-managed install_data
[1.462s] DEBUG:colcon.colcon_core.event_handler.log_command:Invoked command in '/home/ros2/tower_ws/src/sensor_bringup' returned '0': PYTHONPATH=/home/ros2/tower_ws/build/sensor_bringup/prefix_override:/usr/lib/python3/dist-packages/colcon_core/task/python/colcon_distutils_commands:/home/ros2/tower_ws/install/sensor_bringup/lib/python3.10/site-packages:${PYTHONPATH} /usr/bin/python3 -W ignore:setup.py install is deprecated -W ignore:easy_install command is deprecated setup.py egg_info --egg-base ../../build/sensor_bringup build --build-base /home/ros2/tower_ws/build/sensor_bringup/build install --record /home/ros2/tower_ws/build/sensor_bringup/install.log --install-scripts $base/lib/sensor_bringup --single-version-externally-managed install_data
[1.466s] Level 1:colcon.colcon_core.environment:checking '/home/ros2/tower_ws/install/sensor_bringup' for CMake module files
[1.467s] Level 1:colcon.colcon_core.environment:checking '/home/ros2/tower_ws/install/sensor_bringup' for CMake config files
[1.468s] Level 1:colcon.colcon_core.environment:checking '/home/ros2/tower_ws/install/sensor_bringup/lib'
[1.468s] Level 1:colcon.colcon_core.environment:checking '/home/ros2/tower_ws/install/sensor_bringup/bin'
[1.468s] Level 1:colcon.colcon_core.environment:checking '/home/ros2/tower_ws/install/sensor_bringup/lib/pkgconfig/sensor_bringup.pc'
[1.468s] Level 1:colcon.colcon_core.environment:checking '/home/ros2/tower_ws/install/sensor_bringup/lib/python3.10/site-packages'
[1.468s] Level 1:colcon.colcon_core.shell:create_environment_hook('sensor_bringup', 'pythonpath')
[1.469s] INFO:colcon.colcon_core.shell:Creating environment hook '/home/ros2/tower_ws/install/sensor_bringup/share/sensor_bringup/hook/pythonpath.ps1'
[1.469s] INFO:colcon.colcon_core.shell:Creating environment descriptor '/home/ros2/tower_ws/install/sensor_bringup/share/sensor_bringup/hook/pythonpath.dsv'
[1.469s] INFO:colcon.colcon_core.shell:Creating environment hook '/home/ros2/tower_ws/install/sensor_bringup/share/sensor_bringup/hook/pythonpath.sh'
[1.470s] Level 1:colcon.colcon_core.environment:checking '/home/ros2/tower_ws/install/sensor_bringup/bin'
[1.470s] Level 1:colcon.colcon_core.environment:create_environment_scripts_only(sensor_bringup)
[1.471s] INFO:colcon.colcon_core.shell:Creating package script '/home/ros2/tower_ws/install/sensor_bringup/share/sensor_bringup/package.ps1'
[1.472s] INFO:colcon.colcon_core.shell:Creating package descriptor '/home/ros2/tower_ws/install/sensor_bringup/share/sensor_bringup/package.dsv'
[1.473s] INFO:colcon.colcon_core.shell:Creating package script '/home/ros2/tower_ws/install/sensor_bringup/share/sensor_bringup/package.sh'
[1.474s] INFO:colcon.colcon_core.shell:Creating package script '/home/ros2/tower_ws/install/sensor_bringup/share/sensor_bringup/package.bash'
[1.475s] INFO:colcon.colcon_core.shell:Creating package script '/home/ros2/tower_ws/install/sensor_bringup/share/sensor_bringup/package.zsh'
[1.476s] Level 1:colcon.colcon_core.environment:create_file_with_runtime_dependencies(/home/ros2/tower_ws/install/sensor_bringup/share/colcon-core/packages/sensor_bringup)
[2.680s] DEBUG:colcon.colcon_core.event_handler.log_command:Invoked command in '/home/ros2/tower_ws/build/nav_messages' returned '0': CMAKE_PREFIX_PATH=${CMAKE_PREFIX_PATH}:/home/ros2/Downloads/final-ai/install/py_fakedata:/home/ros2/Downloads/final-ai/install/py_detectionmessage:/home/ros2/Downloads/final-ai/install/py_aiproc:/opt/ros/humble /usr/bin/cmake --build /home/ros2/tower_ws/build/nav_messages -- -j24 -l24
[2.688s] DEBUG:colcon.colcon_core.event_handler.log_command:Invoking command in '/home/ros2/tower_ws/build/nav_messages': CMAKE_PREFIX_PATH=${CMAKE_PREFIX_PATH}:/home/ros2/Downloads/final-ai/install/py_fakedata:/home/ros2/Downloads/final-ai/install/py_detectionmessage:/home/ros2/Downloads/final-ai/install/py_aiproc:/opt/ros/humble /usr/bin/cmake --install /home/ros2/tower_ws/build/nav_messages
[2.709s] DEBUG:colcon.colcon_core.event_handler.log_command:Invoked command in '/home/ros2/tower_ws/build/ouster_sensor_msgs' returned '0': CMAKE_PREFIX_PATH=${CMAKE_PREFIX_PATH}:/home/ros2/Downloads/final-ai/install/py_fakedata:/home/ros2/Downloads/final-ai/install/py_detectionmessage:/home/ros2/Downloads/final-ai/install/py_aiproc:/opt/ros/humble /usr/bin/cmake /home/ros2/tower_ws/src/ouster-ros/ouster-sensor-msgs -DCMAKE_INSTALL_PREFIX=/home/ros2/tower_ws/install/ouster_sensor_msgs
[2.710s] DEBUG:colcon.colcon_core.event_handler.log_command:Invoking command in '/home/ros2/tower_ws/build/ouster_sensor_msgs': CMAKE_PREFIX_PATH=${CMAKE_PREFIX_PATH}:/home/ros2/Downloads/final-ai/install/py_fakedata:/home/ros2/Downloads/final-ai/install/py_detectionmessage:/home/ros2/Downloads/final-ai/install/py_aiproc:/opt/ros/humble /usr/bin/cmake --build /home/ros2/tower_ws/build/ouster_sensor_msgs -- -j24 -l24
[2.750s] Level 1:colcon.colcon_core.environment:create_environment_scripts_only(nav_messages)
[2.750s] DEBUG:colcon.colcon_core.event_handler.log_command:Invoked command in '/home/ros2/tower_ws/build/nav_messages' returned '0': CMAKE_PREFIX_PATH=${CMAKE_PREFIX_PATH}:/home/ros2/Downloads/final-ai/install/py_fakedata:/home/ros2/Downloads/final-ai/install/py_detectionmessage:/home/ros2/Downloads/final-ai/install/py_aiproc:/opt/ros/humble /usr/bin/cmake --install /home/ros2/tower_ws/build/nav_messages
[2.751s] Level 1:colcon.colcon_core.environment:checking '/home/ros2/tower_ws/install/nav_messages' for CMake module files
[2.751s] Level 1:colcon.colcon_core.environment:checking '/home/ros2/tower_ws/install/nav_messages' for CMake config files
[2.752s] Level 1:colcon.colcon_core.shell:create_environment_hook('nav_messages', 'cmake_prefix_path')
[2.752s] INFO:colcon.colcon_core.shell:Creating environment hook '/home/ros2/tower_ws/install/nav_messages/share/nav_messages/hook/cmake_prefix_path.ps1'
[2.752s] INFO:colcon.colcon_core.shell:Creating environment descriptor '/home/ros2/tower_ws/install/nav_messages/share/nav_messages/hook/cmake_prefix_path.dsv'
[2.753s] INFO:colcon.colcon_core.shell:Creating environment hook '/home/ros2/tower_ws/install/nav_messages/share/nav_messages/hook/cmake_prefix_path.sh'
[2.753s] Level 1:colcon.colcon_core.environment:checking '/home/ros2/tower_ws/install/nav_messages/lib'
[2.754s] Level 1:colcon.colcon_core.shell:create_environment_hook('nav_messages', 'ld_library_path_lib')
[2.754s] INFO:colcon.colcon_core.shell:Creating environment hook '/home/ros2/tower_ws/install/nav_messages/share/nav_messages/hook/ld_library_path_lib.ps1'
[2.754s] INFO:colcon.colcon_core.shell:Creating environment descriptor '/home/ros2/tower_ws/install/nav_messages/share/nav_messages/hook/ld_library_path_lib.dsv'
[2.755s] INFO:colcon.colcon_core.shell:Creating environment hook '/home/ros2/tower_ws/install/nav_messages/share/nav_messages/hook/ld_library_path_lib.sh'
[2.755s] Level 1:colcon.colcon_core.environment:checking '/home/ros2/tower_ws/install/nav_messages/bin'
[2.755s] Level 1:colcon.colcon_core.environment:checking '/home/ros2/tower_ws/install/nav_messages/lib/pkgconfig/nav_messages.pc'
[2.755s] Level 1:colcon.colcon_core.environment:checking '/home/ros2/tower_ws/install/nav_messages/lib/python3.10/site-packages'
[2.756s] Level 1:colcon.colcon_core.environment:checking '/home/ros2/tower_ws/install/nav_messages/bin'
[2.756s] INFO:colcon.colcon_core.shell:Creating package script '/home/ros2/tower_ws/install/nav_messages/share/nav_messages/package.ps1'
[2.757s] INFO:colcon.colcon_core.shell:Creating package descriptor '/home/ros2/tower_ws/install/nav_messages/share/nav_messages/package.dsv'
[2.757s] INFO:colcon.colcon_core.shell:Creating package script '/home/ros2/tower_ws/install/nav_messages/share/nav_messages/package.sh'
[2.758s] INFO:colcon.colcon_core.shell:Creating package script '/home/ros2/tower_ws/install/nav_messages/share/nav_messages/package.bash'
[2.758s] INFO:colcon.colcon_core.shell:Creating package script '/home/ros2/tower_ws/install/nav_messages/share/nav_messages/package.zsh'
[2.759s] Level 1:colcon.colcon_core.environment:create_file_with_runtime_dependencies(/home/ros2/tower_ws/install/nav_messages/share/colcon-core/packages/nav_messages)
[2.760s] Level 1:colcon.colcon_core.environment:create_environment_scripts_only(nav_messages)
[2.760s] Level 1:colcon.colcon_core.environment:checking '/home/ros2/tower_ws/install/nav_messages' for CMake module files
[2.761s] Level 1:colcon.colcon_core.environment:checking '/home/ros2/tower_ws/install/nav_messages' for CMake config files
[2.761s] Level 1:colcon.colcon_core.shell:create_environment_hook('nav_messages', 'cmake_prefix_path')
[2.762s] INFO:colcon.colcon_core.shell:Creating environment hook '/home/ros2/tower_ws/install/nav_messages/share/nav_messages/hook/cmake_prefix_path.ps1'
[2.762s] INFO:colcon.colcon_core.shell:Creating environment descriptor '/home/ros2/tower_ws/install/nav_messages/share/nav_messages/hook/cmake_prefix_path.dsv'
[2.763s] INFO:colcon.colcon_core.shell:Creating environment hook '/home/ros2/tower_ws/install/nav_messages/share/nav_messages/hook/cmake_prefix_path.sh'
[2.763s] Level 1:colcon.colcon_core.environment:checking '/home/ros2/tower_ws/install/nav_messages/lib'
[2.763s] Level 1:colcon.colcon_core.shell:create_environment_hook('nav_messages', 'ld_library_path_lib')
[2.764s] INFO:colcon.colcon_core.shell:Creating environment hook '/home/ros2/tower_ws/install/nav_messages/share/nav_messages/hook/ld_library_path_lib.ps1'
[2.764s] INFO:colcon.colcon_core.shell:Creating environment descriptor '/home/ros2/tower_ws/install/nav_messages/share/nav_messages/hook/ld_library_path_lib.dsv'
[2.765s] INFO:colcon.colcon_core.shell:Creating environment hook '/home/ros2/tower_ws/install/nav_messages/share/nav_messages/hook/ld_library_path_lib.sh'
[2.765s] Level 1:colcon.colcon_core.environment:checking '/home/ros2/tower_ws/install/nav_messages/bin'
[2.765s] Level 1:colcon.colcon_core.environment:checking '/home/ros2/tower_ws/install/nav_messages/lib/pkgconfig/nav_messages.pc'
[2.766s] Level 1:colcon.colcon_core.environment:checking '/home/ros2/tower_ws/install/nav_messages/lib/python3.10/site-packages'
[2.766s] Level 1:colcon.colcon_core.environment:checking '/home/ros2/tower_ws/install/nav_messages/bin'
[2.767s] INFO:colcon.colcon_core.shell:Creating package script '/home/ros2/tower_ws/install/nav_messages/share/nav_messages/package.ps1'
[2.767s] INFO:colcon.colcon_core.shell:Creating package descriptor '/home/ros2/tower_ws/install/nav_messages/share/nav_messages/package.dsv'
[2.768s] INFO:colcon.colcon_core.shell:Creating package script '/home/ros2/tower_ws/install/nav_messages/share/nav_messages/package.sh'
[2.769s] INFO:colcon.colcon_core.shell:Creating package script '/home/ros2/tower_ws/install/nav_messages/share/nav_messages/package.bash'
[2.769s] INFO:colcon.colcon_core.shell:Creating package script '/home/ros2/tower_ws/install/nav_messages/share/nav_messages/package.zsh'
[2.770s] Level 1:colcon.colcon_core.environment:create_file_with_runtime_dependencies(/home/ros2/tower_ws/install/nav_messages/share/colcon-core/packages/nav_messages)
[2.770s] INFO:colcon.colcon_ros.task.ament_cmake.build:Building ROS package in '/home/ros2/tower_ws/src/navtech/src/nav_camera' with build type 'ament_cmake'
[2.770s] INFO:colcon.colcon_cmake.task.cmake.build:Building CMake package in '/home/ros2/tower_ws/src/navtech/src/nav_camera'
[2.771s] INFO:colcon.colcon_core.shell:Skip shell extension 'powershell' for command environment: Not usable outside of PowerShell
[2.771s] DEBUG:colcon.colcon_core.shell:Skip shell extension 'dsv' for command environment
[2.778s] INFO:colcon.colcon_ros.task.ament_cmake.build:Building ROS package in '/home/ros2/tower_ws/src/navtech/src/nav_radar' with build type 'ament_cmake'
[2.778s] INFO:colcon.colcon_cmake.task.cmake.build:Building CMake package in '/home/ros2/tower_ws/src/navtech/src/nav_radar'
[2.778s] INFO:colcon.colcon_core.shell:Skip shell extension 'powershell' for command environment: Not usable outside of PowerShell
[2.779s] DEBUG:colcon.colcon_core.shell:Skip shell extension 'dsv' for command environment
[2.789s] DEBUG:colcon.colcon_core.event_handler.log_command:Invoking command in '/home/ros2/tower_ws/build/nav_camera': CMAKE_PREFIX_PATH=/home/ros2/tower_ws/install/nav_messages:/home/ros2/tower_ws/install/zed_ros2:/home/ros2/tower_ws/install/zed_wrapper:/home/ros2/tower_ws/install/zed_components:/home/ros2/tower_ws/install/nav_launch:/home/ros2/tower_ws/install/nav_radar:/home/ros2/tower_ws/install/nav_camera:/home/ros2/ros2_ws/install/zed_ros2:/home/ros2/ros2_ws/install/zed_wrapper:/home/ros2/ros2_ws/install/zed_components:/home/ros2/Downloads/final-ai/install/detectionmessage:/home/ros2/Downloads/ros2cs/install:/home/ros2/Downloads/final-ai/install/py_fakedata:/home/ros2/Downloads/final-ai/install/py_detectionmessage:/home/ros2/Downloads/final-ai/install/py_aiproc:/opt/ros/humble LD_LIBRARY_PATH=/home/ros2/tower_ws/install/nav_messages/lib:/home/ros2/tower_ws/install/zed_components/lib:/home/ros2/ros2_ws/install/zed_components/lib:/home/ros2/Downloads/final-ai/install/detectionmessage/lib:/home/ros2/Downloads/ros2cs/install/lib:/opt/ros/humble/opt/rviz_ogre_vendor/lib:/opt/ros/humble/lib/x86_64-linux-gnu:/opt/ros/humble/lib /usr/bin/cmake --build /home/ros2/tower_ws/build/nav_camera -- -j24 -l24
[2.793s] DEBUG:colcon.colcon_core.event_handler.log_command:Invoking command in '/home/ros2/tower_ws/build/nav_radar': CMAKE_PREFIX_PATH=/home/ros2/tower_ws/install/nav_messages:/home/ros2/tower_ws/install/zed_ros2:/home/ros2/tower_ws/install/zed_wrapper:/home/ros2/tower_ws/install/zed_components:/home/ros2/tower_ws/install/nav_launch:/home/ros2/tower_ws/install/nav_radar:/home/ros2/tower_ws/install/nav_camera:/home/ros2/ros2_ws/install/zed_ros2:/home/ros2/ros2_ws/install/zed_wrapper:/home/ros2/ros2_ws/install/zed_components:/home/ros2/Downloads/final-ai/install/detectionmessage:/home/ros2/Downloads/ros2cs/install:/home/ros2/Downloads/final-ai/install/py_fakedata:/home/ros2/Downloads/final-ai/install/py_detectionmessage:/home/ros2/Downloads/final-ai/install/py_aiproc:/opt/ros/humble LD_LIBRARY_PATH=/home/ros2/tower_ws/install/nav_messages/lib:/home/ros2/tower_ws/install/zed_components/lib:/home/ros2/ros2_ws/install/zed_components/lib:/home/ros2/Downloads/final-ai/install/detectionmessage/lib:/home/ros2/Downloads/ros2cs/install/lib:/opt/ros/humble/opt/rviz_ogre_vendor/lib:/opt/ros/humble/lib/x86_64-linux-gnu:/opt/ros/humble/lib /usr/bin/cmake --build /home/ros2/tower_ws/build/nav_radar -- -j24 -l24
[13.331s] DEBUG:colcon.colcon_core.event_handler.log_command:Invoked command in '/home/ros2/tower_ws/build/ouster_sensor_msgs' returned '0': CMAKE_PREFIX_PATH=${CMAKE_PREFIX_PATH}:/home/ros2/Downloads/final-ai/install/py_fakedata:/home/ros2/Downloads/final-ai/install/py_detectionmessage:/home/ros2/Downloads/final-ai/install/py_aiproc:/opt/ros/humble /usr/bin/cmake --build /home/ros2/tower_ws/build/ouster_sensor_msgs -- -j24 -l24
[13.332s] DEBUG:colcon.colcon_core.event_handler.log_command:Invoking command in '/home/ros2/tower_ws/build/ouster_sensor_msgs': CMAKE_PREFIX_PATH=${CMAKE_PREFIX_PATH}:/home/ros2/Downloads/final-ai/install/py_fakedata:/home/ros2/Downloads/final-ai/install/py_detectionmessage:/home/ros2/Downloads/final-ai/install/py_aiproc:/opt/ros/humble /usr/bin/cmake --install /home/ros2/tower_ws/build/ouster_sensor_msgs
[13.539s] Level 1:colcon.colcon_core.environment:create_environment_scripts_only(ouster_sensor_msgs)
[13.540s] Level 1:colcon.colcon_core.environment:checking '/home/ros2/tower_ws/install/ouster_sensor_msgs' for CMake module files
[13.541s] Level 1:colcon.colcon_core.environment:checking '/home/ros2/tower_ws/install/ouster_sensor_msgs' for CMake config files
[13.541s] Level 1:colcon.colcon_core.shell:create_environment_hook('ouster_sensor_msgs', 'cmake_prefix_path')
[13.541s] INFO:colcon.colcon_core.shell:Creating environment hook '/home/ros2/tower_ws/install/ouster_sensor_msgs/share/ouster_sensor_msgs/hook/cmake_prefix_path.ps1'
[13.542s] INFO:colcon.colcon_core.shell:Creating environment descriptor '/home/ros2/tower_ws/install/ouster_sensor_msgs/share/ouster_sensor_msgs/hook/cmake_prefix_path.dsv'
[13.545s] INFO:colcon.colcon_core.shell:Creating environment hook '/home/ros2/tower_ws/install/ouster_sensor_msgs/share/ouster_sensor_msgs/hook/cmake_prefix_path.sh'
[13.546s] Level 1:colcon.colcon_core.environment:checking '/home/ros2/tower_ws/install/ouster_sensor_msgs/lib'
[13.546s] Level 1:colcon.colcon_core.shell:create_environment_hook('ouster_sensor_msgs', 'ld_library_path_lib')
[13.547s] INFO:colcon.colcon_core.shell:Creating environment hook '/home/ros2/tower_ws/install/ouster_sensor_msgs/share/ouster_sensor_msgs/hook/ld_library_path_lib.ps1'
[13.547s] INFO:colcon.colcon_core.shell:Creating environment descriptor '/home/ros2/tower_ws/install/ouster_sensor_msgs/share/ouster_sensor_msgs/hook/ld_library_path_lib.dsv'
[13.548s] INFO:colcon.colcon_core.shell:Creating environment hook '/home/ros2/tower_ws/install/ouster_sensor_msgs/share/ouster_sensor_msgs/hook/ld_library_path_lib.sh'
[13.552s] DEBUG:colcon.colcon_core.event_handler.log_command:Invoked command in '/home/ros2/tower_ws/build/ouster_sensor_msgs' returned '0': CMAKE_PREFIX_PATH=${CMAKE_PREFIX_PATH}:/home/ros2/Downloads/final-ai/install/py_fakedata:/home/ros2/Downloads/final-ai/install/py_detectionmessage:/home/ros2/Downloads/final-ai/install/py_aiproc:/opt/ros/humble /usr/bin/cmake --install /home/ros2/tower_ws/build/ouster_sensor_msgs
[13.552s] Level 1:colcon.colcon_core.environment:checking '/home/ros2/tower_ws/install/ouster_sensor_msgs/bin'
[13.552s] Level 1:colcon.colcon_core.environment:checking '/home/ros2/tower_ws/install/ouster_sensor_msgs/lib/pkgconfig/ouster_sensor_msgs.pc'
[13.553s] Level 1:colcon.colcon_core.environment:checking '/home/ros2/tower_ws/install/ouster_sensor_msgs/lib/python3.10/site-packages'
[13.553s] Level 1:colcon.colcon_core.environment:checking '/home/ros2/tower_ws/install/ouster_sensor_msgs/bin'
[13.553s] INFO:colcon.colcon_core.shell:Creating package script '/home/ros2/tower_ws/install/ouster_sensor_msgs/share/ouster_sensor_msgs/package.ps1'
[13.554s] INFO:colcon.colcon_core.shell:Creating package descriptor '/home/ros2/tower_ws/install/ouster_sensor_msgs/share/ouster_sensor_msgs/package.dsv'
[13.558s] INFO:colcon.colcon_core.shell:Creating package script '/home/ros2/tower_ws/install/ouster_sensor_msgs/share/ouster_sensor_msgs/package.sh'
[13.559s] INFO:colcon.colcon_core.shell:Creating package script '/home/ros2/tower_ws/install/ouster_sensor_msgs/share/ouster_sensor_msgs/package.bash'
[13.559s] INFO:colcon.colcon_core.shell:Creating package script '/home/ros2/tower_ws/install/ouster_sensor_msgs/share/ouster_sensor_msgs/package.zsh'
[13.560s] Level 1:colcon.colcon_core.environment:create_file_with_runtime_dependencies(/home/ros2/tower_ws/install/ouster_sensor_msgs/share/colcon-core/packages/ouster_sensor_msgs)
[13.561s] Level 1:colcon.colcon_core.environment:create_environment_scripts_only(ouster_sensor_msgs)
[13.564s] Level 1:colcon.colcon_core.environment:checking '/home/ros2/tower_ws/install/ouster_sensor_msgs' for CMake module files
[13.565s] Level 1:colcon.colcon_core.environment:checking '/home/ros2/tower_ws/install/ouster_sensor_msgs' for CMake config files
[13.565s] Level 1:colcon.colcon_core.shell:create_environment_hook('ouster_sensor_msgs', 'cmake_prefix_path')
[13.566s] INFO:colcon.colcon_core.shell:Creating environment hook '/home/ros2/tower_ws/install/ouster_sensor_msgs/share/ouster_sensor_msgs/hook/cmake_prefix_path.ps1'
[13.566s] INFO:colcon.colcon_core.shell:Creating environment descriptor '/home/ros2/tower_ws/install/ouster_sensor_msgs/share/ouster_sensor_msgs/hook/cmake_prefix_path.dsv'
[13.567s] INFO:colcon.colcon_core.shell:Creating environment hook '/home/ros2/tower_ws/install/ouster_sensor_msgs/share/ouster_sensor_msgs/hook/cmake_prefix_path.sh'
[13.571s] Level 1:colcon.colcon_core.environment:checking '/home/ros2/tower_ws/install/ouster_sensor_msgs/lib'
[13.571s] Level 1:colcon.colcon_core.shell:create_environment_hook('ouster_sensor_msgs', 'ld_library_path_lib')
[13.571s] INFO:colcon.colcon_core.shell:Creating environment hook '/home/ros2/tower_ws/install/ouster_sensor_msgs/share/ouster_sensor_msgs/hook/ld_library_path_lib.ps1'
[13.572s] INFO:colcon.colcon_core.shell:Creating environment descriptor '/home/ros2/tower_ws/install/ouster_sensor_msgs/share/ouster_sensor_msgs/hook/ld_library_path_lib.dsv'
[13.572s] INFO:colcon.colcon_core.shell:Creating environment hook '/home/ros2/tower_ws/install/ouster_sensor_msgs/share/ouster_sensor_msgs/hook/ld_library_path_lib.sh'
[13.576s] Level 1:colcon.colcon_core.environment:checking '/home/ros2/tower_ws/install/ouster_sensor_msgs/bin'
[13.576s] Level 1:colcon.colcon_core.environment:checking '/home/ros2/tower_ws/install/ouster_sensor_msgs/lib/pkgconfig/ouster_sensor_msgs.pc'
[13.577s] Level 1:colcon.colcon_core.environment:checking '/home/ros2/tower_ws/install/ouster_sensor_msgs/lib/python3.10/site-packages'
[13.577s] Level 1:colcon.colcon_core.environment:checking '/home/ros2/tower_ws/install/ouster_sensor_msgs/bin'
[13.578s] INFO:colcon.colcon_core.shell:Creating package script '/home/ros2/tower_ws/install/ouster_sensor_msgs/share/ouster_sensor_msgs/package.ps1'
[13.579s] INFO:colcon.colcon_core.shell:Creating package descriptor '/home/ros2/tower_ws/install/ouster_sensor_msgs/share/ouster_sensor_msgs/package.dsv'
[13.583s] INFO:colcon.colcon_core.shell:Creating package script '/home/ros2/tower_ws/install/ouster_sensor_msgs/share/ouster_sensor_msgs/package.sh'
[13.583s] INFO:colcon.colcon_core.shell:Creating package script '/home/ros2/tower_ws/install/ouster_sensor_msgs/share/ouster_sensor_msgs/package.bash'
[13.584s] INFO:colcon.colcon_core.shell:Creating package script '/home/ros2/tower_ws/install/ouster_sensor_msgs/share/ouster_sensor_msgs/package.zsh'
[13.584s] Level 1:colcon.colcon_core.environment:create_file_with_runtime_dependencies(/home/ros2/tower_ws/install/ouster_sensor_msgs/share/colcon-core/packages/ouster_sensor_msgs)
[13.588s] INFO:colcon.colcon_ros.task.ament_cmake.build:Building ROS package in '/home/ros2/tower_ws/src/ouster-ros/ouster-ros' with build type 'ament_cmake'
[13.588s] INFO:colcon.colcon_cmake.task.cmake.build:Building CMake package in '/home/ros2/tower_ws/src/ouster-ros/ouster-ros'
[13.589s] INFO:colcon.colcon_core.shell:Skip shell extension 'powershell' for command environment: Not usable outside of PowerShell
[13.589s] DEBUG:colcon.colcon_core.shell:Skip shell extension 'dsv' for command environment
[13.615s] DEBUG:colcon.colcon_core.event_handler.log_command:Invoking command in '/home/ros2/tower_ws/build/ouster_ros': AMENT_PREFIX_PATH=/home/ros2/tower_ws/install/ouster_sensor_msgs:${AMENT_PREFIX_PATH} CMAKE_PREFIX_PATH=/home/ros2/tower_ws/install/ouster_sensor_msgs:/home/ros2/tower_ws/install/zed_ros2:/home/ros2/tower_ws/install/zed_wrapper:/home/ros2/tower_ws/install/zed_components:/home/ros2/tower_ws/install/nav_launch:/home/ros2/tower_ws/install/nav_radar:/home/ros2/tower_ws/install/nav_camera:/home/ros2/tower_ws/install/nav_messages:/home/ros2/ros2_ws/install/zed_ros2:/home/ros2/ros2_ws/install/zed_wrapper:/home/ros2/ros2_ws/install/zed_components:/home/ros2/Downloads/final-ai/install/detectionmessage:/home/ros2/Downloads/ros2cs/install:/home/ros2/Downloads/final-ai/install/py_fakedata:/home/ros2/Downloads/final-ai/install/py_detectionmessage:/home/ros2/Downloads/final-ai/install/py_aiproc:/opt/ros/humble LD_LIBRARY_PATH=/home/ros2/tower_ws/install/ouster_sensor_msgs/lib:${LD_LIBRARY_PATH} PYTHONPATH=/home/ros2/tower_ws/install/ouster_sensor_msgs/local/lib/python3.10/dist-packages:${PYTHONPATH} /usr/bin/cmake /home/ros2/tower_ws/src/ouster-ros/ouster-ros -DCMAKE_INSTALL_PREFIX=/home/ros2/tower_ws/install/ouster_ros
[14.863s] DEBUG:colcon.colcon_core.event_handler.log_command:Invoked command in '/home/ros2/tower_ws/build/IASDK' returned '0': /usr/bin/cmake --build /home/ros2/tower_ws/build/IASDK -- -j24 -l24
[14.874s] WARNING:colcon.colcon_cmake.task.cmake.build:Could not run installation step for package 'IASDK' because it has no 'install' target
[14.874s] Level 1:colcon.colcon_core.environment:create_environment_scripts_only(IASDK)
[14.875s] Level 1:colcon.colcon_core.environment:checking '/home/ros2/tower_ws/install/IASDK' for CMake module files
[14.875s] Level 1:colcon.colcon_core.environment:checking '/home/ros2/tower_ws/install/IASDK' for CMake config files
[14.876s] Level 1:colcon.colcon_core.environment:checking '/home/ros2/tower_ws/install/IASDK/bin'
[14.876s] Level 1:colcon.colcon_core.environment:checking '/home/ros2/tower_ws/install/IASDK/lib/pkgconfig/IASDK.pc'
[14.876s] Level 1:colcon.colcon_core.environment:checking '/home/ros2/tower_ws/install/IASDK/lib/python3.10/site-packages'
[14.877s] Level 1:colcon.colcon_core.environment:checking '/home/ros2/tower_ws/install/IASDK/bin'
[14.877s] INFO:colcon.colcon_core.shell:Creating package script '/home/ros2/tower_ws/install/IASDK/share/IASDK/package.ps1'
[14.881s] INFO:colcon.colcon_core.shell:Creating package descriptor '/home/ros2/tower_ws/install/IASDK/share/IASDK/package.dsv'
[14.881s] INFO:colcon.colcon_core.shell:Creating package script '/home/ros2/tower_ws/install/IASDK/share/IASDK/package.sh'
[14.882s] INFO:colcon.colcon_core.shell:Creating package script '/home/ros2/tower_ws/install/IASDK/share/IASDK/package.bash'
[14.882s] INFO:colcon.colcon_core.shell:Creating package script '/home/ros2/tower_ws/install/IASDK/share/IASDK/package.zsh'
[14.883s] Level 1:colcon.colcon_core.environment:create_file_with_runtime_dependencies(/home/ros2/tower_ws/install/IASDK/share/colcon-core/packages/IASDK)
[17.343s] DEBUG:colcon.colcon_core.event_handler.log_command:Invoked command in '/home/ros2/tower_ws/build/ouster_ros' returned '0': AMENT_PREFIX_PATH=/home/ros2/tower_ws/install/ouster_sensor_msgs:${AMENT_PREFIX_PATH} CMAKE_PREFIX_PATH=/home/ros2/tower_ws/install/ouster_sensor_msgs:/home/ros2/tower_ws/install/zed_ros2:/home/ros2/tower_ws/install/zed_wrapper:/home/ros2/tower_ws/install/zed_components:/home/ros2/tower_ws/install/nav_launch:/home/ros2/tower_ws/install/nav_radar:/home/ros2/tower_ws/install/nav_camera:/home/ros2/tower_ws/install/nav_messages:/home/ros2/ros2_ws/install/zed_ros2:/home/ros2/ros2_ws/install/zed_wrapper:/home/ros2/ros2_ws/install/zed_components:/home/ros2/Downloads/final-ai/install/detectionmessage:/home/ros2/Downloads/ros2cs/install:/home/ros2/Downloads/final-ai/install/py_fakedata:/home/ros2/Downloads/final-ai/install/py_detectionmessage:/home/ros2/Downloads/final-ai/install/py_aiproc:/opt/ros/humble LD_LIBRARY_PATH=/home/ros2/tower_ws/install/ouster_sensor_msgs/lib:${LD_LIBRARY_PATH} PYTHONPATH=/home/ros2/tower_ws/install/ouster_sensor_msgs/local/lib/python3.10/dist-packages:${PYTHONPATH} /usr/bin/cmake /home/ros2/tower_ws/src/ouster-ros/ouster-ros -DCMAKE_INSTALL_PREFIX=/home/ros2/tower_ws/install/ouster_ros
[17.350s] DEBUG:colcon.colcon_core.event_handler.log_command:Invoking command in '/home/ros2/tower_ws/build/ouster_ros': AMENT_PREFIX_PATH=/home/ros2/tower_ws/install/ouster_sensor_msgs:${AMENT_PREFIX_PATH} CMAKE_PREFIX_PATH=/home/ros2/tower_ws/install/ouster_sensor_msgs:/home/ros2/tower_ws/install/zed_ros2:/home/ros2/tower_ws/install/zed_wrapper:/home/ros2/tower_ws/install/zed_components:/home/ros2/tower_ws/install/nav_launch:/home/ros2/tower_ws/install/nav_radar:/home/ros2/tower_ws/install/nav_camera:/home/ros2/tower_ws/install/nav_messages:/home/ros2/ros2_ws/install/zed_ros2:/home/ros2/ros2_ws/install/zed_wrapper:/home/ros2/ros2_ws/install/zed_components:/home/ros2/Downloads/final-ai/install/detectionmessage:/home/ros2/Downloads/ros2cs/install:/home/ros2/Downloads/final-ai/install/py_fakedata:/home/ros2/Downloads/final-ai/install/py_detectionmessage:/home/ros2/Downloads/final-ai/install/py_aiproc:/opt/ros/humble LD_LIBRARY_PATH=/home/ros2/tower_ws/install/ouster_sensor_msgs/lib:${LD_LIBRARY_PATH} PYTHONPATH=/home/ros2/tower_ws/install/ouster_sensor_msgs/local/lib/python3.10/dist-packages:${PYTHONPATH} /usr/bin/cmake --build /home/ros2/tower_ws/build/ouster_ros -- -j24 -l24
[30.223s] DEBUG:colcon.colcon_core.event_handler.log_command:Invoked command in '/home/ros2/tower_ws/build/nav_camera' returned '0': CMAKE_PREFIX_PATH=/home/ros2/tower_ws/install/nav_messages:/home/ros2/tower_ws/install/zed_ros2:/home/ros2/tower_ws/install/zed_wrapper:/home/ros2/tower_ws/install/zed_components:/home/ros2/tower_ws/install/nav_launch:/home/ros2/tower_ws/install/nav_radar:/home/ros2/tower_ws/install/nav_camera:/home/ros2/ros2_ws/install/zed_ros2:/home/ros2/ros2_ws/install/zed_wrapper:/home/ros2/ros2_ws/install/zed_components:/home/ros2/Downloads/final-ai/install/detectionmessage:/home/ros2/Downloads/ros2cs/install:/home/ros2/Downloads/final-ai/install/py_fakedata:/home/ros2/Downloads/final-ai/install/py_detectionmessage:/home/ros2/Downloads/final-ai/install/py_aiproc:/opt/ros/humble LD_LIBRARY_PATH=/home/ros2/tower_ws/install/nav_messages/lib:/home/ros2/tower_ws/install/zed_components/lib:/home/ros2/ros2_ws/install/zed_components/lib:/home/ros2/Downloads/final-ai/install/detectionmessage/lib:/home/ros2/Downloads/ros2cs/install/lib:/opt/ros/humble/opt/rviz_ogre_vendor/lib:/opt/ros/humble/lib/x86_64-linux-gnu:/opt/ros/humble/lib /usr/bin/cmake --build /home/ros2/tower_ws/build/nav_camera -- -j24 -l24
[30.226s] DEBUG:colcon.colcon_core.event_handler.log_command:Invoking command in '/home/ros2/tower_ws/build/nav_camera': CMAKE_PREFIX_PATH=/home/ros2/tower_ws/install/nav_messages:/home/ros2/tower_ws/install/zed_ros2:/home/ros2/tower_ws/install/zed_wrapper:/home/ros2/tower_ws/install/zed_components:/home/ros2/tower_ws/install/nav_launch:/home/ros2/tower_ws/install/nav_radar:/home/ros2/tower_ws/install/nav_camera:/home/ros2/ros2_ws/install/zed_ros2:/home/ros2/ros2_ws/install/zed_wrapper:/home/ros2/ros2_ws/install/zed_components:/home/ros2/Downloads/final-ai/install/detectionmessage:/home/ros2/Downloads/ros2cs/install:/home/ros2/Downloads/final-ai/install/py_fakedata:/home/ros2/Downloads/final-ai/install/py_detectionmessage:/home/ros2/Downloads/final-ai/install/py_aiproc:/opt/ros/humble LD_LIBRARY_PATH=/home/ros2/tower_ws/install/nav_messages/lib:/home/ros2/tower_ws/install/zed_components/lib:/home/ros2/ros2_ws/install/zed_components/lib:/home/ros2/Downloads/final-ai/install/detectionmessage/lib:/home/ros2/Downloads/ros2cs/install/lib:/opt/ros/humble/opt/rviz_ogre_vendor/lib:/opt/ros/humble/lib/x86_64-linux-gnu:/opt/ros/humble/lib /usr/bin/cmake --install /home/ros2/tower_ws/build/nav_camera
[30.253s] Level 1:colcon.colcon_core.environment:create_environment_scripts_only(nav_camera)
[30.254s] Level 1:colcon.colcon_core.environment:checking '/home/ros2/tower_ws/install/nav_camera' for CMake module files
[30.255s] DEBUG:colcon.colcon_core.event_handler.log_command:Invoked command in '/home/ros2/tower_ws/build/nav_camera' returned '0': CMAKE_PREFIX_PATH=/home/ros2/tower_ws/install/nav_messages:/home/ros2/tower_ws/install/zed_ros2:/home/ros2/tower_ws/install/zed_wrapper:/home/ros2/tower_ws/install/zed_components:/home/ros2/tower_ws/install/nav_launch:/home/ros2/tower_ws/install/nav_radar:/home/ros2/tower_ws/install/nav_camera:/home/ros2/ros2_ws/install/zed_ros2:/home/ros2/ros2_ws/install/zed_wrapper:/home/ros2/ros2_ws/install/zed_components:/home/ros2/Downloads/final-ai/install/detectionmessage:/home/ros2/Downloads/ros2cs/install:/home/ros2/Downloads/final-ai/install/py_fakedata:/home/ros2/Downloads/final-ai/install/py_detectionmessage:/home/ros2/Downloads/final-ai/install/py_aiproc:/opt/ros/humble LD_LIBRARY_PATH=/home/ros2/tower_ws/install/nav_messages/lib:/home/ros2/tower_ws/install/zed_components/lib:/home/ros2/ros2_ws/install/zed_components/lib:/home/ros2/Downloads/final-ai/install/detectionmessage/lib:/home/ros2/Downloads/ros2cs/install/lib:/opt/ros/humble/opt/rviz_ogre_vendor/lib:/opt/ros/humble/lib/x86_64-linux-gnu:/opt/ros/humble/lib /usr/bin/cmake --install /home/ros2/tower_ws/build/nav_camera
[30.255s] Level 1:colcon.colcon_core.environment:checking '/home/ros2/tower_ws/install/nav_camera' for CMake config files
[30.255s] Level 1:colcon.colcon_core.shell:create_environment_hook('nav_camera', 'cmake_prefix_path')
[30.256s] INFO:colcon.colcon_core.shell:Creating environment hook '/home/ros2/tower_ws/install/nav_camera/share/nav_camera/hook/cmake_prefix_path.ps1'
[30.257s] INFO:colcon.colcon_core.shell:Creating environment descriptor '/home/ros2/tower_ws/install/nav_camera/share/nav_camera/hook/cmake_prefix_path.dsv'
[30.257s] INFO:colcon.colcon_core.shell:Creating environment hook '/home/ros2/tower_ws/install/nav_camera/share/nav_camera/hook/cmake_prefix_path.sh'
[30.258s] Level 1:colcon.colcon_core.environment:checking '/home/ros2/tower_ws/install/nav_camera/lib'
[30.258s] Level 1:colcon.colcon_core.environment:checking '/home/ros2/tower_ws/install/nav_camera/bin'
[30.258s] Level 1:colcon.colcon_core.environment:checking '/home/ros2/tower_ws/install/nav_camera/lib/pkgconfig/nav_camera.pc'
[30.258s] Level 1:colcon.colcon_core.environment:checking '/home/ros2/tower_ws/install/nav_camera/lib/python3.10/site-packages'
[30.259s] Level 1:colcon.colcon_core.environment:checking '/home/ros2/tower_ws/install/nav_camera/bin'
[30.259s] INFO:colcon.colcon_core.shell:Creating package script '/home/ros2/tower_ws/install/nav_camera/share/nav_camera/package.ps1'
[30.260s] INFO:colcon.colcon_core.shell:Creating package descriptor '/home/ros2/tower_ws/install/nav_camera/share/nav_camera/package.dsv'
[30.261s] INFO:colcon.colcon_core.shell:Creating package script '/home/ros2/tower_ws/install/nav_camera/share/nav_camera/package.sh'
[30.261s] INFO:colcon.colcon_core.shell:Creating package script '/home/ros2/tower_ws/install/nav_camera/share/nav_camera/package.bash'
[30.262s] INFO:colcon.colcon_core.shell:Creating package script '/home/ros2/tower_ws/install/nav_camera/share/nav_camera/package.zsh'
[30.262s] Level 1:colcon.colcon_core.environment:create_file_with_runtime_dependencies(/home/ros2/tower_ws/install/nav_camera/share/colcon-core/packages/nav_camera)
[30.263s] Level 1:colcon.colcon_core.environment:create_environment_scripts_only(nav_camera)
[30.263s] Level 1:colcon.colcon_core.environment:checking '/home/ros2/tower_ws/install/nav_camera' for CMake module files
[30.264s] Level 1:colcon.colcon_core.environment:checking '/home/ros2/tower_ws/install/nav_camera' for CMake config files
[30.264s] Level 1:colcon.colcon_core.shell:create_environment_hook('nav_camera', 'cmake_prefix_path')
[30.264s] INFO:colcon.colcon_core.shell:Creating environment hook '/home/ros2/tower_ws/install/nav_camera/share/nav_camera/hook/cmake_prefix_path.ps1'
[30.265s] INFO:colcon.colcon_core.shell:Creating environment descriptor '/home/ros2/tower_ws/install/nav_camera/share/nav_camera/hook/cmake_prefix_path.dsv'
[30.266s] INFO:colcon.colcon_core.shell:Creating environment hook '/home/ros2/tower_ws/install/nav_camera/share/nav_camera/hook/cmake_prefix_path.sh'
[30.266s] Level 1:colcon.colcon_core.environment:checking '/home/ros2/tower_ws/install/nav_camera/lib'
[30.266s] Level 1:colcon.colcon_core.environment:checking '/home/ros2/tower_ws/install/nav_camera/bin'
[30.266s] Level 1:colcon.colcon_core.environment:checking '/home/ros2/tower_ws/install/nav_camera/lib/pkgconfig/nav_camera.pc'
[30.267s] Level 1:colcon.colcon_core.environment:checking '/home/ros2/tower_ws/install/nav_camera/lib/python3.10/site-packages'
[30.267s] Level 1:colcon.colcon_core.environment:checking '/home/ros2/tower_ws/install/nav_camera/bin'
[30.268s] INFO:colcon.colcon_core.shell:Creating package script '/home/ros2/tower_ws/install/nav_camera/share/nav_camera/package.ps1'
[30.269s] INFO:colcon.colcon_core.shell:Creating package descriptor '/home/ros2/tower_ws/install/nav_camera/share/nav_camera/package.dsv'
[30.269s] INFO:colcon.colcon_core.shell:Creating package script '/home/ros2/tower_ws/install/nav_camera/share/nav_camera/package.sh'
[30.270s] INFO:colcon.colcon_core.shell:Creating package script '/home/ros2/tower_ws/install/nav_camera/share/nav_camera/package.bash'
[30.271s] INFO:colcon.colcon_core.shell:Creating package script '/home/ros2/tower_ws/install/nav_camera/share/nav_camera/package.zsh'
[30.271s] Level 1:colcon.colcon_core.environment:create_file_with_runtime_dependencies(/home/ros2/tower_ws/install/nav_camera/share/colcon-core/packages/nav_camera)
[44.946s] DEBUG:colcon.colcon_core.event_handler.log_command:Invoked command in '/home/ros2/tower_ws/build/nav_radar' returned '0': CMAKE_PREFIX_PATH=/home/ros2/tower_ws/install/nav_messages:/home/ros2/tower_ws/install/zed_ros2:/home/ros2/tower_ws/install/zed_wrapper:/home/ros2/tower_ws/install/zed_components:/home/ros2/tower_ws/install/nav_launch:/home/ros2/tower_ws/install/nav_radar:/home/ros2/tower_ws/install/nav_camera:/home/ros2/ros2_ws/install/zed_ros2:/home/ros2/ros2_ws/install/zed_wrapper:/home/ros2/ros2_ws/install/zed_components:/home/ros2/Downloads/final-ai/install/detectionmessage:/home/ros2/Downloads/ros2cs/install:/home/ros2/Downloads/final-ai/install/py_fakedata:/home/ros2/Downloads/final-ai/install/py_detectionmessage:/home/ros2/Downloads/final-ai/install/py_aiproc:/opt/ros/humble LD_LIBRARY_PATH=/home/ros2/tower_ws/install/nav_messages/lib:/home/ros2/tower_ws/install/zed_components/lib:/home/ros2/ros2_ws/install/zed_components/lib:/home/ros2/Downloads/final-ai/install/detectionmessage/lib:/home/ros2/Downloads/ros2cs/install/lib:/opt/ros/humble/opt/rviz_ogre_vendor/lib:/opt/ros/humble/lib/x86_64-linux-gnu:/opt/ros/humble/lib /usr/bin/cmake --build /home/ros2/tower_ws/build/nav_radar -- -j24 -l24
[44.948s] DEBUG:colcon.colcon_core.event_handler.log_command:Invoking command in '/home/ros2/tower_ws/build/nav_radar': CMAKE_PREFIX_PATH=/home/ros2/tower_ws/install/nav_messages:/home/ros2/tower_ws/install/zed_ros2:/home/ros2/tower_ws/install/zed_wrapper:/home/ros2/tower_ws/install/zed_components:/home/ros2/tower_ws/install/nav_launch:/home/ros2/tower_ws/install/nav_radar:/home/ros2/tower_ws/install/nav_camera:/home/ros2/ros2_ws/install/zed_ros2:/home/ros2/ros2_ws/install/zed_wrapper:/home/ros2/ros2_ws/install/zed_components:/home/ros2/Downloads/final-ai/install/detectionmessage:/home/ros2/Downloads/ros2cs/install:/home/ros2/Downloads/final-ai/install/py_fakedata:/home/ros2/Downloads/final-ai/install/py_detectionmessage:/home/ros2/Downloads/final-ai/install/py_aiproc:/opt/ros/humble LD_LIBRARY_PATH=/home/ros2/tower_ws/install/nav_messages/lib:/home/ros2/tower_ws/install/zed_components/lib:/home/ros2/ros2_ws/install/zed_components/lib:/home/ros2/Downloads/final-ai/install/detectionmessage/lib:/home/ros2/Downloads/ros2cs/install/lib:/opt/ros/humble/opt/rviz_ogre_vendor/lib:/opt/ros/humble/lib/x86_64-linux-gnu:/opt/ros/humble/lib /usr/bin/cmake --install /home/ros2/tower_ws/build/nav_radar
[45.000s] Level 1:colcon.colcon_core.environment:create_environment_scripts_only(nav_radar)
[45.000s] Level 1:colcon.colcon_core.environment:checking '/home/ros2/tower_ws/install/nav_radar' for CMake module files
[45.000s] DEBUG:colcon.colcon_core.event_handler.log_command:Invoked command in '/home/ros2/tower_ws/build/nav_radar' returned '0': CMAKE_PREFIX_PATH=/home/ros2/tower_ws/install/nav_messages:/home/ros2/tower_ws/install/zed_ros2:/home/ros2/tower_ws/install/zed_wrapper:/home/ros2/tower_ws/install/zed_components:/home/ros2/tower_ws/install/nav_launch:/home/ros2/tower_ws/install/nav_radar:/home/ros2/tower_ws/install/nav_camera:/home/ros2/ros2_ws/install/zed_ros2:/home/ros2/ros2_ws/install/zed_wrapper:/home/ros2/ros2_ws/install/zed_components:/home/ros2/Downloads/final-ai/install/detectionmessage:/home/ros2/Downloads/ros2cs/install:/home/ros2/Downloads/final-ai/install/py_fakedata:/home/ros2/Downloads/final-ai/install/py_detectionmessage:/home/ros2/Downloads/final-ai/install/py_aiproc:/opt/ros/humble LD_LIBRARY_PATH=/home/ros2/tower_ws/install/nav_messages/lib:/home/ros2/tower_ws/install/zed_components/lib:/home/ros2/ros2_ws/install/zed_components/lib:/home/ros2/Downloads/final-ai/install/detectionmessage/lib:/home/ros2/Downloads/ros2cs/install/lib:/opt/ros/humble/opt/rviz_ogre_vendor/lib:/opt/ros/humble/lib/x86_64-linux-gnu:/opt/ros/humble/lib /usr/bin/cmake --install /home/ros2/tower_ws/build/nav_radar
[45.001s] Level 1:colcon.colcon_core.environment:checking '/home/ros2/tower_ws/install/nav_radar' for CMake config files
[45.001s] Level 1:colcon.colcon_core.shell:create_environment_hook('nav_radar', 'cmake_prefix_path')
[45.002s] INFO:colcon.colcon_core.shell:Creating environment hook '/home/ros2/tower_ws/install/nav_radar/share/nav_radar/hook/cmake_prefix_path.ps1'
[45.002s] INFO:colcon.colcon_core.shell:Creating environment descriptor '/home/ros2/tower_ws/install/nav_radar/share/nav_radar/hook/cmake_prefix_path.dsv'
[45.003s] INFO:colcon.colcon_core.shell:Creating environment hook '/home/ros2/tower_ws/install/nav_radar/share/nav_radar/hook/cmake_prefix_path.sh'
[45.003s] Level 1:colcon.colcon_core.environment:checking '/home/ros2/tower_ws/install/nav_radar/lib'
[45.004s] Level 1:colcon.colcon_core.environment:checking '/home/ros2/tower_ws/install/nav_radar/bin'
[45.004s] Level 1:colcon.colcon_core.environment:checking '/home/ros2/tower_ws/install/nav_radar/lib/pkgconfig/nav_radar.pc'
[45.004s] Level 1:colcon.colcon_core.environment:checking '/home/ros2/tower_ws/install/nav_radar/lib/python3.10/site-packages'
[45.004s] Level 1:colcon.colcon_core.environment:checking '/home/ros2/tower_ws/install/nav_radar/bin'
[45.005s] INFO:colcon.colcon_core.shell:Creating package script '/home/ros2/tower_ws/install/nav_radar/share/nav_radar/package.ps1'
[45.005s] INFO:colcon.colcon_core.shell:Creating package descriptor '/home/ros2/tower_ws/install/nav_radar/share/nav_radar/package.dsv'
[45.006s] INFO:colcon.colcon_core.shell:Creating package script '/home/ros2/tower_ws/install/nav_radar/share/nav_radar/package.sh'
[45.006s] INFO:colcon.colcon_core.shell:Creating package script '/home/ros2/tower_ws/install/nav_radar/share/nav_radar/package.bash'
[45.007s] INFO:colcon.colcon_core.shell:Creating package script '/home/ros2/tower_ws/install/nav_radar/share/nav_radar/package.zsh'
[45.007s] Level 1:colcon.colcon_core.environment:create_file_with_runtime_dependencies(/home/ros2/tower_ws/install/nav_radar/share/colcon-core/packages/nav_radar)
[45.008s] Level 1:colcon.colcon_core.environment:create_environment_scripts_only(nav_radar)
[45.008s] Level 1:colcon.colcon_core.environment:checking '/home/ros2/tower_ws/install/nav_radar' for CMake module files
[45.009s] Level 1:colcon.colcon_core.environment:checking '/home/ros2/tower_ws/install/nav_radar' for CMake config files
[45.009s] Level 1:colcon.colcon_core.shell:create_environment_hook('nav_radar', 'cmake_prefix_path')
[45.009s] INFO:colcon.colcon_core.shell:Creating environment hook '/home/ros2/tower_ws/install/nav_radar/share/nav_radar/hook/cmake_prefix_path.ps1'
[45.010s] INFO:colcon.colcon_core.shell:Creating environment descriptor '/home/ros2/tower_ws/install/nav_radar/share/nav_radar/hook/cmake_prefix_path.dsv'
[45.010s] INFO:colcon.colcon_core.shell:Creating environment hook '/home/ros2/tower_ws/install/nav_radar/share/nav_radar/hook/cmake_prefix_path.sh'
[45.011s] Level 1:colcon.colcon_core.environment:checking '/home/ros2/tower_ws/install/nav_radar/lib'
[45.011s] Level 1:colcon.colcon_core.environment:checking '/home/ros2/tower_ws/install/nav_radar/bin'
[45.011s] Level 1:colcon.colcon_core.environment:checking '/home/ros2/tower_ws/install/nav_radar/lib/pkgconfig/nav_radar.pc'
[45.011s] Level 1:colcon.colcon_core.environment:checking '/home/ros2/tower_ws/install/nav_radar/lib/python3.10/site-packages'
[45.012s] Level 1:colcon.colcon_core.environment:checking '/home/ros2/tower_ws/install/nav_radar/bin'
[45.012s] INFO:colcon.colcon_core.shell:Creating package script '/home/ros2/tower_ws/install/nav_radar/share/nav_radar/package.ps1'
[45.012s] INFO:colcon.colcon_core.shell:Creating package descriptor '/home/ros2/tower_ws/install/nav_radar/share/nav_radar/package.dsv'
[45.013s] INFO:colcon.colcon_core.shell:Creating package script '/home/ros2/tower_ws/install/nav_radar/share/nav_radar/package.sh'
[45.013s] INFO:colcon.colcon_core.shell:Creating package script '/home/ros2/tower_ws/install/nav_radar/share/nav_radar/package.bash'
[45.013s] INFO:colcon.colcon_core.shell:Creating package script '/home/ros2/tower_ws/install/nav_radar/share/nav_radar/package.zsh'
[45.013s] Level 1:colcon.colcon_core.environment:create_file_with_runtime_dependencies(/home/ros2/tower_ws/install/nav_radar/share/colcon-core/packages/nav_radar)
[45.014s] INFO:colcon.colcon_ros.task.ament_cmake.build:Building ROS package in '/home/ros2/tower_ws/src/navtech/src/nav_launch' with build type 'ament_cmake'
[45.014s] INFO:colcon.colcon_cmake.task.cmake.build:Building CMake package in '/home/ros2/tower_ws/src/navtech/src/nav_launch'
[45.014s] INFO:colcon.colcon_core.shell:Skip shell extension 'powershell' for command environment: Not usable outside of PowerShell
[45.014s] DEBUG:colcon.colcon_core.shell:Skip shell extension 'dsv' for command environment
[45.027s] DEBUG:colcon.colcon_core.event_handler.log_command:Invoking command in '/home/ros2/tower_ws/build/nav_launch': CMAKE_PREFIX_PATH=/home/ros2/tower_ws/install/nav_radar:/home/ros2/tower_ws/install/nav_camera:/home/ros2/tower_ws/install/nav_messages:/home/ros2/tower_ws/install/zed_ros2:/home/ros2/tower_ws/install/zed_wrapper:/home/ros2/tower_ws/install/zed_components:/home/ros2/tower_ws/install/nav_launch:/home/ros2/ros2_ws/install/zed_ros2:/home/ros2/ros2_ws/install/zed_wrapper:/home/ros2/ros2_ws/install/zed_components:/home/ros2/Downloads/final-ai/install/detectionmessage:/home/ros2/Downloads/ros2cs/install:/home/ros2/Downloads/final-ai/install/py_fakedata:/home/ros2/Downloads/final-ai/install/py_detectionmessage:/home/ros2/Downloads/final-ai/install/py_aiproc:/opt/ros/humble LD_LIBRARY_PATH=/home/ros2/tower_ws/install/nav_messages/lib:/home/ros2/tower_ws/install/zed_components/lib:/home/ros2/ros2_ws/install/zed_components/lib:/home/ros2/Downloads/final-ai/install/detectionmessage/lib:/home/ros2/Downloads/ros2cs/install/lib:/opt/ros/humble/opt/rviz_ogre_vendor/lib:/opt/ros/humble/lib/x86_64-linux-gnu:/opt/ros/humble/lib /usr/bin/cmake --build /home/ros2/tower_ws/build/nav_launch -- -j24 -l24
[45.066s] DEBUG:colcon.colcon_core.event_handler.log_command:Invoked command in '/home/ros2/tower_ws/build/nav_launch' returned '0': CMAKE_PREFIX_PATH=/home/ros2/tower_ws/install/nav_radar:/home/ros2/tower_ws/install/nav_camera:/home/ros2/tower_ws/install/nav_messages:/home/ros2/tower_ws/install/zed_ros2:/home/ros2/tower_ws/install/zed_wrapper:/home/ros2/tower_ws/install/zed_components:/home/ros2/tower_ws/install/nav_launch:/home/ros2/ros2_ws/install/zed_ros2:/home/ros2/ros2_ws/install/zed_wrapper:/home/ros2/ros2_ws/install/zed_components:/home/ros2/Downloads/final-ai/install/detectionmessage:/home/ros2/Downloads/ros2cs/install:/home/ros2/Downloads/final-ai/install/py_fakedata:/home/ros2/Downloads/final-ai/install/py_detectionmessage:/home/ros2/Downloads/final-ai/install/py_aiproc:/opt/ros/humble LD_LIBRARY_PATH=/home/ros2/tower_ws/install/nav_messages/lib:/home/ros2/tower_ws/install/zed_components/lib:/home/ros2/ros2_ws/install/zed_components/lib:/home/ros2/Downloads/final-ai/install/detectionmessage/lib:/home/ros2/Downloads/ros2cs/install/lib:/opt/ros/humble/opt/rviz_ogre_vendor/lib:/opt/ros/humble/lib/x86_64-linux-gnu:/opt/ros/humble/lib /usr/bin/cmake --build /home/ros2/tower_ws/build/nav_launch -- -j24 -l24
[45.067s] DEBUG:colcon.colcon_core.event_handler.log_command:Invoking command in '/home/ros2/tower_ws/build/nav_launch': CMAKE_PREFIX_PATH=/home/ros2/tower_ws/install/nav_radar:/home/ros2/tower_ws/install/nav_camera:/home/ros2/tower_ws/install/nav_messages:/home/ros2/tower_ws/install/zed_ros2:/home/ros2/tower_ws/install/zed_wrapper:/home/ros2/tower_ws/install/zed_components:/home/ros2/tower_ws/install/nav_launch:/home/ros2/ros2_ws/install/zed_ros2:/home/ros2/ros2_ws/install/zed_wrapper:/home/ros2/ros2_ws/install/zed_components:/home/ros2/Downloads/final-ai/install/detectionmessage:/home/ros2/Downloads/ros2cs/install:/home/ros2/Downloads/final-ai/install/py_fakedata:/home/ros2/Downloads/final-ai/install/py_detectionmessage:/home/ros2/Downloads/final-ai/install/py_aiproc:/opt/ros/humble LD_LIBRARY_PATH=/home/ros2/tower_ws/install/nav_messages/lib:/home/ros2/tower_ws/install/zed_components/lib:/home/ros2/ros2_ws/install/zed_components/lib:/home/ros2/Downloads/final-ai/install/detectionmessage/lib:/home/ros2/Downloads/ros2cs/install/lib:/opt/ros/humble/opt/rviz_ogre_vendor/lib:/opt/ros/humble/lib/x86_64-linux-gnu:/opt/ros/humble/lib /usr/bin/cmake --install /home/ros2/tower_ws/build/nav_launch
[45.081s] Level 1:colcon.colcon_core.environment:create_environment_scripts_only(nav_launch)
[45.081s] Level 1:colcon.colcon_core.environment:checking '/home/ros2/tower_ws/install/nav_launch' for CMake module files
[45.082s] DEBUG:colcon.colcon_core.event_handler.log_command:Invoked command in '/home/ros2/tower_ws/build/nav_launch' returned '0': CMAKE_PREFIX_PATH=/home/ros2/tower_ws/install/nav_radar:/home/ros2/tower_ws/install/nav_camera:/home/ros2/tower_ws/install/nav_messages:/home/ros2/tower_ws/install/zed_ros2:/home/ros2/tower_ws/install/zed_wrapper:/home/ros2/tower_ws/install/zed_components:/home/ros2/tower_ws/install/nav_launch:/home/ros2/ros2_ws/install/zed_ros2:/home/ros2/ros2_ws/install/zed_wrapper:/home/ros2/ros2_ws/install/zed_components:/home/ros2/Downloads/final-ai/install/detectionmessage:/home/ros2/Downloads/ros2cs/install:/home/ros2/Downloads/final-ai/install/py_fakedata:/home/ros2/Downloads/final-ai/install/py_detectionmessage:/home/ros2/Downloads/final-ai/install/py_aiproc:/opt/ros/humble LD_LIBRARY_PATH=/home/ros2/tower_ws/install/nav_messages/lib:/home/ros2/tower_ws/install/zed_components/lib:/home/ros2/ros2_ws/install/zed_components/lib:/home/ros2/Downloads/final-ai/install/detectionmessage/lib:/home/ros2/Downloads/ros2cs/install/lib:/opt/ros/humble/opt/rviz_ogre_vendor/lib:/opt/ros/humble/lib/x86_64-linux-gnu:/opt/ros/humble/lib /usr/bin/cmake --install /home/ros2/tower_ws/build/nav_launch
[45.082s] Level 1:colcon.colcon_core.environment:checking '/home/ros2/tower_ws/install/nav_launch' for CMake config files
[45.082s] Level 1:colcon.colcon_core.shell:create_environment_hook('nav_launch', 'cmake_prefix_path')
[45.083s] INFO:colcon.colcon_core.shell:Creating environment hook '/home/ros2/tower_ws/install/nav_launch/share/nav_launch/hook/cmake_prefix_path.ps1'
[45.083s] INFO:colcon.colcon_core.shell:Creating environment descriptor '/home/ros2/tower_ws/install/nav_launch/share/nav_launch/hook/cmake_prefix_path.dsv'
[45.084s] INFO:colcon.colcon_core.shell:Creating environment hook '/home/ros2/tower_ws/install/nav_launch/share/nav_launch/hook/cmake_prefix_path.sh'
[45.084s] Level 1:colcon.colcon_core.environment:checking '/home/ros2/tower_ws/install/nav_launch/bin'
[45.084s] Level 1:colcon.colcon_core.environment:checking '/home/ros2/tower_ws/install/nav_launch/lib/pkgconfig/nav_launch.pc'
[45.085s] Level 1:colcon.colcon_core.environment:checking '/home/ros2/tower_ws/install/nav_launch/lib/python3.10/site-packages'
[45.085s] Level 1:colcon.colcon_core.environment:checking '/home/ros2/tower_ws/install/nav_launch/bin'
[45.085s] INFO:colcon.colcon_core.shell:Creating package script '/home/ros2/tower_ws/install/nav_launch/share/nav_launch/package.ps1'
[45.086s] INFO:colcon.colcon_core.shell:Creating package descriptor '/home/ros2/tower_ws/install/nav_launch/share/nav_launch/package.dsv'
[45.086s] INFO:colcon.colcon_core.shell:Creating package script '/home/ros2/tower_ws/install/nav_launch/share/nav_launch/package.sh'
[45.086s] INFO:colcon.colcon_core.shell:Creating package script '/home/ros2/tower_ws/install/nav_launch/share/nav_launch/package.bash'
[45.086s] INFO:colcon.colcon_core.shell:Creating package script '/home/ros2/tower_ws/install/nav_launch/share/nav_launch/package.zsh'
[45.087s] Level 1:colcon.colcon_core.environment:create_file_with_runtime_dependencies(/home/ros2/tower_ws/install/nav_launch/share/colcon-core/packages/nav_launch)
[45.087s] Level 1:colcon.colcon_core.environment:create_environment_scripts_only(nav_launch)
[45.087s] Level 1:colcon.colcon_core.environment:checking '/home/ros2/tower_ws/install/nav_launch' for CMake module files
[45.087s] Level 1:colcon.colcon_core.environment:checking '/home/ros2/tower_ws/install/nav_launch' for CMake config files
[45.088s] Level 1:colcon.colcon_core.shell:create_environment_hook('nav_launch', 'cmake_prefix_path')
[45.088s] INFO:colcon.colcon_core.shell:Creating environment hook '/home/ros2/tower_ws/install/nav_launch/share/nav_launch/hook/cmake_prefix_path.ps1'
[45.088s] INFO:colcon.colcon_core.shell:Creating environment descriptor '/home/ros2/tower_ws/install/nav_launch/share/nav_launch/hook/cmake_prefix_path.dsv'
[45.088s] INFO:colcon.colcon_core.shell:Creating environment hook '/home/ros2/tower_ws/install/nav_launch/share/nav_launch/hook/cmake_prefix_path.sh'
[45.089s] Level 1:colcon.colcon_core.environment:checking '/home/ros2/tower_ws/install/nav_launch/bin'
[45.089s] Level 1:colcon.colcon_core.environment:checking '/home/ros2/tower_ws/install/nav_launch/lib/pkgconfig/nav_launch.pc'
[45.089s] Level 1:colcon.colcon_core.environment:checking '/home/ros2/tower_ws/install/nav_launch/lib/python3.10/site-packages'
[45.089s] Level 1:colcon.colcon_core.environment:checking '/home/ros2/tower_ws/install/nav_launch/bin'
[45.089s] INFO:colcon.colcon_core.shell:Creating package script '/home/ros2/tower_ws/install/nav_launch/share/nav_launch/package.ps1'
[45.090s] INFO:colcon.colcon_core.shell:Creating package descriptor '/home/ros2/tower_ws/install/nav_launch/share/nav_launch/package.dsv'
[45.090s] INFO:colcon.colcon_core.shell:Creating package script '/home/ros2/tower_ws/install/nav_launch/share/nav_launch/package.sh'
[45.090s] INFO:colcon.colcon_core.shell:Creating package script '/home/ros2/tower_ws/install/nav_launch/share/nav_launch/package.bash'
[45.091s] INFO:colcon.colcon_core.shell:Creating package script '/home/ros2/tower_ws/install/nav_launch/share/nav_launch/package.zsh'
[45.091s] Level 1:colcon.colcon_core.environment:create_file_with_runtime_dependencies(/home/ros2/tower_ws/install/nav_launch/share/colcon-core/packages/nav_launch)
[69.272s] DEBUG:colcon.colcon_core.event_handler.log_command:Invoked command in '/home/ros2/tower_ws/build/zed_components' returned '0': CMAKE_PREFIX_PATH=${CMAKE_PREFIX_PATH}:/home/ros2/Downloads/final-ai/install/py_fakedata:/home/ros2/Downloads/final-ai/install/py_detectionmessage:/home/ros2/Downloads/final-ai/install/py_aiproc:/opt/ros/humble /usr/bin/cmake --build /home/ros2/tower_ws/build/zed_components -- -j24 -l24
[69.275s] DEBUG:colcon.colcon_core.event_handler.log_command:Invoking command in '/home/ros2/tower_ws/build/zed_components': CMAKE_PREFIX_PATH=${CMAKE_PREFIX_PATH}:/home/ros2/Downloads/final-ai/install/py_fakedata:/home/ros2/Downloads/final-ai/install/py_detectionmessage:/home/ros2/Downloads/final-ai/install/py_aiproc:/opt/ros/humble /usr/bin/cmake --install /home/ros2/tower_ws/build/zed_components
[69.305s] Level 1:colcon.colcon_core.environment:create_environment_scripts_only(zed_components)
[69.305s] Level 1:colcon.colcon_core.environment:checking '/home/ros2/tower_ws/install/zed_components' for CMake module files
[69.306s] DEBUG:colcon.colcon_core.event_handler.log_command:Invoked command in '/home/ros2/tower_ws/build/zed_components' returned '0': CMAKE_PREFIX_PATH=${CMAKE_PREFIX_PATH}:/home/ros2/Downloads/final-ai/install/py_fakedata:/home/ros2/Downloads/final-ai/install/py_detectionmessage:/home/ros2/Downloads/final-ai/install/py_aiproc:/opt/ros/humble /usr/bin/cmake --install /home/ros2/tower_ws/build/zed_components
[69.307s] Level 1:colcon.colcon_core.environment:checking '/home/ros2/tower_ws/install/zed_components' for CMake config files
[69.307s] Level 1:colcon.colcon_core.shell:create_environment_hook('zed_components', 'cmake_prefix_path')
[69.307s] INFO:colcon.colcon_core.shell:Creating environment hook '/home/ros2/tower_ws/install/zed_components/share/zed_components/hook/cmake_prefix_path.ps1'
[69.308s] INFO:colcon.colcon_core.shell:Creating environment descriptor '/home/ros2/tower_ws/install/zed_components/share/zed_components/hook/cmake_prefix_path.dsv'
[69.309s] INFO:colcon.colcon_core.shell:Creating environment hook '/home/ros2/tower_ws/install/zed_components/share/zed_components/hook/cmake_prefix_path.sh'
[69.309s] Level 1:colcon.colcon_core.environment:checking '/home/ros2/tower_ws/install/zed_components/lib'
[69.310s] Level 1:colcon.colcon_core.shell:create_environment_hook('zed_components', 'ld_library_path_lib')
[69.310s] INFO:colcon.colcon_core.shell:Creating environment hook '/home/ros2/tower_ws/install/zed_components/share/zed_components/hook/ld_library_path_lib.ps1'
[69.311s] INFO:colcon.colcon_core.shell:Creating environment descriptor '/home/ros2/tower_ws/install/zed_components/share/zed_components/hook/ld_library_path_lib.dsv'
[69.311s] INFO:colcon.colcon_core.shell:Creating environment hook '/home/ros2/tower_ws/install/zed_components/share/zed_components/hook/ld_library_path_lib.sh'
[69.312s] Level 1:colcon.colcon_core.environment:checking '/home/ros2/tower_ws/install/zed_components/bin'
[69.312s] Level 1:colcon.colcon_core.environment:checking '/home/ros2/tower_ws/install/zed_components/lib/pkgconfig/zed_components.pc'
[69.312s] Level 1:colcon.colcon_core.environment:checking '/home/ros2/tower_ws/install/zed_components/lib/python3.10/site-packages'
[69.313s] Level 1:colcon.colcon_core.environment:checking '/home/ros2/tower_ws/install/zed_components/bin'
[69.313s] INFO:colcon.colcon_core.shell:Creating package script '/home/ros2/tower_ws/install/zed_components/share/zed_components/package.ps1'
[69.314s] INFO:colcon.colcon_core.shell:Creating package descriptor '/home/ros2/tower_ws/install/zed_components/share/zed_components/package.dsv'
[69.315s] INFO:colcon.colcon_core.shell:Creating package script '/home/ros2/tower_ws/install/zed_components/share/zed_components/package.sh'
[69.316s] INFO:colcon.colcon_core.shell:Creating package script '/home/ros2/tower_ws/install/zed_components/share/zed_components/package.bash'
[69.316s] INFO:colcon.colcon_core.shell:Creating package script '/home/ros2/tower_ws/install/zed_components/share/zed_components/package.zsh'
[69.317s] Level 1:colcon.colcon_core.environment:create_file_with_runtime_dependencies(/home/ros2/tower_ws/install/zed_components/share/colcon-core/packages/zed_components)
[69.318s] Level 1:colcon.colcon_core.environment:create_environment_scripts_only(zed_components)
[69.318s] Level 1:colcon.colcon_core.environment:checking '/home/ros2/tower_ws/install/zed_components' for CMake module files
[69.319s] Level 1:colcon.colcon_core.environment:checking '/home/ros2/tower_ws/install/zed_components' for CMake config files
[69.319s] Level 1:colcon.colcon_core.shell:create_environment_hook('zed_components', 'cmake_prefix_path')
[69.319s] INFO:colcon.colcon_core.shell:Creating environment hook '/home/ros2/tower_ws/install/zed_components/share/zed_components/hook/cmake_prefix_path.ps1'
[69.320s] INFO:colcon.colcon_core.shell:Creating environment descriptor '/home/ros2/tower_ws/install/zed_components/share/zed_components/hook/cmake_prefix_path.dsv'
[69.321s] INFO:colcon.colcon_core.shell:Creating environment hook '/home/ros2/tower_ws/install/zed_components/share/zed_components/hook/cmake_prefix_path.sh'
[69.322s] Level 1:colcon.colcon_core.environment:checking '/home/ros2/tower_ws/install/zed_components/lib'
[69.322s] Level 1:colcon.colcon_core.shell:create_environment_hook('zed_components', 'ld_library_path_lib')
[69.323s] INFO:colcon.colcon_core.shell:Creating environment hook '/home/ros2/tower_ws/install/zed_components/share/zed_components/hook/ld_library_path_lib.ps1'
[69.323s] INFO:colcon.colcon_core.shell:Creating environment descriptor '/home/ros2/tower_ws/install/zed_components/share/zed_components/hook/ld_library_path_lib.dsv'
[69.324s] INFO:colcon.colcon_core.shell:Creating environment hook '/home/ros2/tower_ws/install/zed_components/share/zed_components/hook/ld_library_path_lib.sh'
[69.325s] Level 1:colcon.colcon_core.environment:checking '/home/ros2/tower_ws/install/zed_components/bin'
[69.325s] Level 1:colcon.colcon_core.environment:checking '/home/ros2/tower_ws/install/zed_components/lib/pkgconfig/zed_components.pc'
[69.325s] Level 1:colcon.colcon_core.environment:checking '/home/ros2/tower_ws/install/zed_components/lib/python3.10/site-packages'
[69.326s] Level 1:colcon.colcon_core.environment:checking '/home/ros2/tower_ws/install/zed_components/bin'
[69.327s] INFO:colcon.colcon_core.shell:Creating package script '/home/ros2/tower_ws/install/zed_components/share/zed_components/package.ps1'
[69.329s] INFO:colcon.colcon_core.shell:Creating package descriptor '/home/ros2/tower_ws/install/zed_components/share/zed_components/package.dsv'
[69.330s] INFO:colcon.colcon_core.shell:Creating package script '/home/ros2/tower_ws/install/zed_components/share/zed_components/package.sh'
[69.330s] INFO:colcon.colcon_core.shell:Creating package script '/home/ros2/tower_ws/install/zed_components/share/zed_components/package.bash'
[69.331s] INFO:colcon.colcon_core.shell:Creating package script '/home/ros2/tower_ws/install/zed_components/share/zed_components/package.zsh'
[69.332s] Level 1:colcon.colcon_core.environment:create_file_with_runtime_dependencies(/home/ros2/tower_ws/install/zed_components/share/colcon-core/packages/zed_components)
[69.333s] INFO:colcon.colcon_ros.task.ament_cmake.build:Building ROS package in '/home/ros2/tower_ws/src/zed-ros2-wrapper/zed_wrapper' with build type 'ament_cmake'
[69.333s] INFO:colcon.colcon_cmake.task.cmake.build:Building CMake package in '/home/ros2/tower_ws/src/zed-ros2-wrapper/zed_wrapper'
[69.334s] INFO:colcon.colcon_core.shell:Skip shell extension 'powershell' for command environment: Not usable outside of PowerShell
[69.334s] DEBUG:colcon.colcon_core.shell:Skip shell extension 'dsv' for command environment
[69.352s] DEBUG:colcon.colcon_core.event_handler.log_command:Invoking command in '/home/ros2/tower_ws/build/zed_wrapper': CMAKE_PREFIX_PATH=/home/ros2/tower_ws/install/zed_components:/home/ros2/tower_ws/install/zed_ros2:/home/ros2/tower_ws/install/zed_wrapper:/home/ros2/tower_ws/install/nav_launch:/home/ros2/tower_ws/install/nav_radar:/home/ros2/tower_ws/install/nav_camera:/home/ros2/tower_ws/install/nav_messages:/home/ros2/ros2_ws/install/zed_ros2:/home/ros2/ros2_ws/install/zed_wrapper:/home/ros2/ros2_ws/install/zed_components:/home/ros2/Downloads/final-ai/install/detectionmessage:/home/ros2/Downloads/ros2cs/install:/home/ros2/Downloads/final-ai/install/py_fakedata:/home/ros2/Downloads/final-ai/install/py_detectionmessage:/home/ros2/Downloads/final-ai/install/py_aiproc:/opt/ros/humble /usr/bin/cmake --build /home/ros2/tower_ws/build/zed_wrapper -- -j24 -l24
[69.410s] DEBUG:colcon.colcon_core.event_handler.log_command:Invoked command in '/home/ros2/tower_ws/build/zed_wrapper' returned '0': CMAKE_PREFIX_PATH=/home/ros2/tower_ws/install/zed_components:/home/ros2/tower_ws/install/zed_ros2:/home/ros2/tower_ws/install/zed_wrapper:/home/ros2/tower_ws/install/nav_launch:/home/ros2/tower_ws/install/nav_radar:/home/ros2/tower_ws/install/nav_camera:/home/ros2/tower_ws/install/nav_messages:/home/ros2/ros2_ws/install/zed_ros2:/home/ros2/ros2_ws/install/zed_wrapper:/home/ros2/ros2_ws/install/zed_components:/home/ros2/Downloads/final-ai/install/detectionmessage:/home/ros2/Downloads/ros2cs/install:/home/ros2/Downloads/final-ai/install/py_fakedata:/home/ros2/Downloads/final-ai/install/py_detectionmessage:/home/ros2/Downloads/final-ai/install/py_aiproc:/opt/ros/humble /usr/bin/cmake --build /home/ros2/tower_ws/build/zed_wrapper -- -j24 -l24
[69.412s] DEBUG:colcon.colcon_core.event_handler.log_command:Invoking command in '/home/ros2/tower_ws/build/zed_wrapper': CMAKE_PREFIX_PATH=/home/ros2/tower_ws/install/zed_components:/home/ros2/tower_ws/install/zed_ros2:/home/ros2/tower_ws/install/zed_wrapper:/home/ros2/tower_ws/install/nav_launch:/home/ros2/tower_ws/install/nav_radar:/home/ros2/tower_ws/install/nav_camera:/home/ros2/tower_ws/install/nav_messages:/home/ros2/ros2_ws/install/zed_ros2:/home/ros2/ros2_ws/install/zed_wrapper:/home/ros2/ros2_ws/install/zed_components:/home/ros2/Downloads/final-ai/install/detectionmessage:/home/ros2/Downloads/ros2cs/install:/home/ros2/Downloads/final-ai/install/py_fakedata:/home/ros2/Downloads/final-ai/install/py_detectionmessage:/home/ros2/Downloads/final-ai/install/py_aiproc:/opt/ros/humble /usr/bin/cmake --install /home/ros2/tower_ws/build/zed_wrapper
[69.425s] Level 1:colcon.colcon_core.environment:create_environment_scripts_only(zed_wrapper)
[69.425s] Level 1:colcon.colcon_core.environment:checking '/home/ros2/tower_ws/install/zed_wrapper' for CMake module files
[69.425s] DEBUG:colcon.colcon_core.event_handler.log_command:Invoked command in '/home/ros2/tower_ws/build/zed_wrapper' returned '0': CMAKE_PREFIX_PATH=/home/ros2/tower_ws/install/zed_components:/home/ros2/tower_ws/install/zed_ros2:/home/ros2/tower_ws/install/zed_wrapper:/home/ros2/tower_ws/install/nav_launch:/home/ros2/tower_ws/install/nav_radar:/home/ros2/tower_ws/install/nav_camera:/home/ros2/tower_ws/install/nav_messages:/home/ros2/ros2_ws/install/zed_ros2:/home/ros2/ros2_ws/install/zed_wrapper:/home/ros2/ros2_ws/install/zed_components:/home/ros2/Downloads/final-ai/install/detectionmessage:/home/ros2/Downloads/ros2cs/install:/home/ros2/Downloads/final-ai/install/py_fakedata:/home/ros2/Downloads/final-ai/install/py_detectionmessage:/home/ros2/Downloads/final-ai/install/py_aiproc:/opt/ros/humble /usr/bin/cmake --install /home/ros2/tower_ws/build/zed_wrapper
[69.426s] Level 1:colcon.colcon_core.environment:checking '/home/ros2/tower_ws/install/zed_wrapper' for CMake config files
[69.427s] Level 1:colcon.colcon_core.shell:create_environment_hook('zed_wrapper', 'cmake_prefix_path')
[69.427s] INFO:colcon.colcon_core.shell:Creating environment hook '/home/ros2/tower_ws/install/zed_wrapper/share/zed_wrapper/hook/cmake_prefix_path.ps1'
[69.428s] INFO:colcon.colcon_core.shell:Creating environment descriptor '/home/ros2/tower_ws/install/zed_wrapper/share/zed_wrapper/hook/cmake_prefix_path.dsv'
[69.428s] INFO:colcon.colcon_core.shell:Creating environment hook '/home/ros2/tower_ws/install/zed_wrapper/share/zed_wrapper/hook/cmake_prefix_path.sh'
[69.429s] Level 1:colcon.colcon_core.environment:checking '/home/ros2/tower_ws/install/zed_wrapper/bin'
[69.429s] Level 1:colcon.colcon_core.environment:checking '/home/ros2/tower_ws/install/zed_wrapper/lib/pkgconfig/zed_wrapper.pc'
[69.430s] Level 1:colcon.colcon_core.environment:checking '/home/ros2/tower_ws/install/zed_wrapper/lib/python3.10/site-packages'
[69.430s] Level 1:colcon.colcon_core.environment:checking '/home/ros2/tower_ws/install/zed_wrapper/bin'
[69.431s] INFO:colcon.colcon_core.shell:Creating package script '/home/ros2/tower_ws/install/zed_wrapper/share/zed_wrapper/package.ps1'
[69.432s] INFO:colcon.colcon_core.shell:Creating package descriptor '/home/ros2/tower_ws/install/zed_wrapper/share/zed_wrapper/package.dsv'
[69.433s] INFO:colcon.colcon_core.shell:Creating package script '/home/ros2/tower_ws/install/zed_wrapper/share/zed_wrapper/package.sh'
[69.433s] INFO:colcon.colcon_core.shell:Creating package script '/home/ros2/tower_ws/install/zed_wrapper/share/zed_wrapper/package.bash'
[69.434s] INFO:colcon.colcon_core.shell:Creating package script '/home/ros2/tower_ws/install/zed_wrapper/share/zed_wrapper/package.zsh'
[69.434s] Level 1:colcon.colcon_core.environment:create_file_with_runtime_dependencies(/home/ros2/tower_ws/install/zed_wrapper/share/colcon-core/packages/zed_wrapper)
[69.435s] Level 1:colcon.colcon_core.environment:create_environment_scripts_only(zed_wrapper)
[69.436s] Level 1:colcon.colcon_core.environment:checking '/home/ros2/tower_ws/install/zed_wrapper' for CMake module files
[69.436s] Level 1:colcon.colcon_core.environment:checking '/home/ros2/tower_ws/install/zed_wrapper' for CMake config files
[69.437s] Level 1:colcon.colcon_core.shell:create_environment_hook('zed_wrapper', 'cmake_prefix_path')
[69.437s] INFO:colcon.colcon_core.shell:Creating environment hook '/home/ros2/tower_ws/install/zed_wrapper/share/zed_wrapper/hook/cmake_prefix_path.ps1'
[69.438s] INFO:colcon.colcon_core.shell:Creating environment descriptor '/home/ros2/tower_ws/install/zed_wrapper/share/zed_wrapper/hook/cmake_prefix_path.dsv'
[69.438s] INFO:colcon.colcon_core.shell:Creating environment hook '/home/ros2/tower_ws/install/zed_wrapper/share/zed_wrapper/hook/cmake_prefix_path.sh'
[69.439s] Level 1:colcon.colcon_core.environment:checking '/home/ros2/tower_ws/install/zed_wrapper/bin'
[69.439s] Level 1:colcon.colcon_core.environment:checking '/home/ros2/tower_ws/install/zed_wrapper/lib/pkgconfig/zed_wrapper.pc'
[69.440s] Level 1:colcon.colcon_core.environment:checking '/home/ros2/tower_ws/install/zed_wrapper/lib/python3.10/site-packages'
[69.440s] Level 1:colcon.colcon_core.environment:checking '/home/ros2/tower_ws/install/zed_wrapper/bin'
[69.441s] INFO:colcon.colcon_core.shell:Creating package script '/home/ros2/tower_ws/install/zed_wrapper/share/zed_wrapper/package.ps1'
[69.442s] INFO:colcon.colcon_core.shell:Creating package descriptor '/home/ros2/tower_ws/install/zed_wrapper/share/zed_wrapper/package.dsv'
[69.442s] INFO:colcon.colcon_core.shell:Creating package script '/home/ros2/tower_ws/install/zed_wrapper/share/zed_wrapper/package.sh'
[69.443s] INFO:colcon.colcon_core.shell:Creating package script '/home/ros2/tower_ws/install/zed_wrapper/share/zed_wrapper/package.bash'
[69.444s] INFO:colcon.colcon_core.shell:Creating package script '/home/ros2/tower_ws/install/zed_wrapper/share/zed_wrapper/package.zsh'
[69.444s] Level 1:colcon.colcon_core.environment:create_file_with_runtime_dependencies(/home/ros2/tower_ws/install/zed_wrapper/share/colcon-core/packages/zed_wrapper)
[69.445s] INFO:colcon.colcon_ros.task.ament_cmake.build:Building ROS package in '/home/ros2/tower_ws/src/zed-ros2-wrapper/zed_ros2' with build type 'ament_cmake'
[69.445s] INFO:colcon.colcon_cmake.task.cmake.build:Building CMake package in '/home/ros2/tower_ws/src/zed-ros2-wrapper/zed_ros2'
[69.446s] INFO:colcon.colcon_core.shell:Skip shell extension 'powershell' for command environment: Not usable outside of PowerShell
[69.446s] DEBUG:colcon.colcon_core.shell:Skip shell extension 'dsv' for command environment
[69.469s] DEBUG:colcon.colcon_core.event_handler.log_command:Invoking command in '/home/ros2/tower_ws/build/zed_ros2': CMAKE_PREFIX_PATH=/home/ros2/tower_ws/install/zed_wrapper:/home/ros2/tower_ws/install/zed_components:/home/ros2/tower_ws/install/zed_ros2:/home/ros2/tower_ws/install/nav_launch:/home/ros2/tower_ws/install/nav_radar:/home/ros2/tower_ws/install/nav_camera:/home/ros2/tower_ws/install/nav_messages:/home/ros2/ros2_ws/install/zed_ros2:/home/ros2/ros2_ws/install/zed_wrapper:/home/ros2/ros2_ws/install/zed_components:/home/ros2/Downloads/final-ai/install/detectionmessage:/home/ros2/Downloads/ros2cs/install:/home/ros2/Downloads/final-ai/install/py_fakedata:/home/ros2/Downloads/final-ai/install/py_detectionmessage:/home/ros2/Downloads/final-ai/install/py_aiproc:/opt/ros/humble /usr/bin/cmake --build /home/ros2/tower_ws/build/zed_ros2 -- -j24 -l24
[69.516s] DEBUG:colcon.colcon_core.event_handler.log_command:Invoked command in '/home/ros2/tower_ws/build/zed_ros2' returned '0': CMAKE_PREFIX_PATH=/home/ros2/tower_ws/install/zed_wrapper:/home/ros2/tower_ws/install/zed_components:/home/ros2/tower_ws/install/zed_ros2:/home/ros2/tower_ws/install/nav_launch:/home/ros2/tower_ws/install/nav_radar:/home/ros2/tower_ws/install/nav_camera:/home/ros2/tower_ws/install/nav_messages:/home/ros2/ros2_ws/install/zed_ros2:/home/ros2/ros2_ws/install/zed_wrapper:/home/ros2/ros2_ws/install/zed_components:/home/ros2/Downloads/final-ai/install/detectionmessage:/home/ros2/Downloads/ros2cs/install:/home/ros2/Downloads/final-ai/install/py_fakedata:/home/ros2/Downloads/final-ai/install/py_detectionmessage:/home/ros2/Downloads/final-ai/install/py_aiproc:/opt/ros/humble /usr/bin/cmake --build /home/ros2/tower_ws/build/zed_ros2 -- -j24 -l24
[69.518s] DEBUG:colcon.colcon_core.event_handler.log_command:Invoking command in '/home/ros2/tower_ws/build/zed_ros2': CMAKE_PREFIX_PATH=/home/ros2/tower_ws/install/zed_wrapper:/home/ros2/tower_ws/install/zed_components:/home/ros2/tower_ws/install/zed_ros2:/home/ros2/tower_ws/install/nav_launch:/home/ros2/tower_ws/install/nav_radar:/home/ros2/tower_ws/install/nav_camera:/home/ros2/tower_ws/install/nav_messages:/home/ros2/ros2_ws/install/zed_ros2:/home/ros2/ros2_ws/install/zed_wrapper:/home/ros2/ros2_ws/install/zed_components:/home/ros2/Downloads/final-ai/install/detectionmessage:/home/ros2/Downloads/ros2cs/install:/home/ros2/Downloads/final-ai/install/py_fakedata:/home/ros2/Downloads/final-ai/install/py_detectionmessage:/home/ros2/Downloads/final-ai/install/py_aiproc:/opt/ros/humble /usr/bin/cmake --install /home/ros2/tower_ws/build/zed_ros2
[69.527s] Level 1:colcon.colcon_core.environment:create_environment_scripts_only(zed_ros2)
[69.528s] Level 1:colcon.colcon_core.environment:checking '/home/ros2/tower_ws/install/zed_ros2' for CMake module files
[69.529s] DEBUG:colcon.colcon_core.event_handler.log_command:Invoked command in '/home/ros2/tower_ws/build/zed_ros2' returned '0': CMAKE_PREFIX_PATH=/home/ros2/tower_ws/install/zed_wrapper:/home/ros2/tower_ws/install/zed_components:/home/ros2/tower_ws/install/zed_ros2:/home/ros2/tower_ws/install/nav_launch:/home/ros2/tower_ws/install/nav_radar:/home/ros2/tower_ws/install/nav_camera:/home/ros2/tower_ws/install/nav_messages:/home/ros2/ros2_ws/install/zed_ros2:/home/ros2/ros2_ws/install/zed_wrapper:/home/ros2/ros2_ws/install/zed_components:/home/ros2/Downloads/final-ai/install/detectionmessage:/home/ros2/Downloads/ros2cs/install:/home/ros2/Downloads/final-ai/install/py_fakedata:/home/ros2/Downloads/final-ai/install/py_detectionmessage:/home/ros2/Downloads/final-ai/install/py_aiproc:/opt/ros/humble /usr/bin/cmake --install /home/ros2/tower_ws/build/zed_ros2
[69.529s] Level 1:colcon.colcon_core.environment:checking '/home/ros2/tower_ws/install/zed_ros2' for CMake config files
[69.529s] Level 1:colcon.colcon_core.shell:create_environment_hook('zed_ros2', 'cmake_prefix_path')
[69.529s] INFO:colcon.colcon_core.shell:Creating environment hook '/home/ros2/tower_ws/install/zed_ros2/share/zed_ros2/hook/cmake_prefix_path.ps1'
[69.530s] INFO:colcon.colcon_core.shell:Creating environment descriptor '/home/ros2/tower_ws/install/zed_ros2/share/zed_ros2/hook/cmake_prefix_path.dsv'
[69.530s] INFO:colcon.colcon_core.shell:Creating environment hook '/home/ros2/tower_ws/install/zed_ros2/share/zed_ros2/hook/cmake_prefix_path.sh'
[69.531s] Level 1:colcon.colcon_core.environment:checking '/home/ros2/tower_ws/install/zed_ros2/bin'
[69.531s] Level 1:colcon.colcon_core.environment:checking '/home/ros2/tower_ws/install/zed_ros2/lib/pkgconfig/zed_ros2.pc'
[69.531s] Level 1:colcon.colcon_core.environment:checking '/home/ros2/tower_ws/install/zed_ros2/lib/python3.10/site-packages'
[69.531s] Level 1:colcon.colcon_core.environment:checking '/home/ros2/tower_ws/install/zed_ros2/bin'
[69.532s] INFO:colcon.colcon_core.shell:Creating package script '/home/ros2/tower_ws/install/zed_ros2/share/zed_ros2/package.ps1'
[69.532s] INFO:colcon.colcon_core.shell:Creating package descriptor '/home/ros2/tower_ws/install/zed_ros2/share/zed_ros2/package.dsv'
[69.533s] INFO:colcon.colcon_core.shell:Creating package script '/home/ros2/tower_ws/install/zed_ros2/share/zed_ros2/package.sh'
[69.533s] INFO:colcon.colcon_core.shell:Creating package script '/home/ros2/tower_ws/install/zed_ros2/share/zed_ros2/package.bash'
[69.534s] INFO:colcon.colcon_core.shell:Creating package script '/home/ros2/tower_ws/install/zed_ros2/share/zed_ros2/package.zsh'
[69.534s] Level 1:colcon.colcon_core.environment:create_file_with_runtime_dependencies(/home/ros2/tower_ws/install/zed_ros2/share/colcon-core/packages/zed_ros2)
[69.534s] Level 1:colcon.colcon_core.environment:create_environment_scripts_only(zed_ros2)
[69.535s] Level 1:colcon.colcon_core.environment:checking '/home/ros2/tower_ws/install/zed_ros2' for CMake module files
[69.535s] Level 1:colcon.colcon_core.environment:checking '/home/ros2/tower_ws/install/zed_ros2' for CMake config files
[69.535s] Level 1:colcon.colcon_core.shell:create_environment_hook('zed_ros2', 'cmake_prefix_path')
[69.535s] INFO:colcon.colcon_core.shell:Creating environment hook '/home/ros2/tower_ws/install/zed_ros2/share/zed_ros2/hook/cmake_prefix_path.ps1'
[69.536s] INFO:colcon.colcon_core.shell:Creating environment descriptor '/home/ros2/tower_ws/install/zed_ros2/share/zed_ros2/hook/cmake_prefix_path.dsv'
[69.536s] INFO:colcon.colcon_core.shell:Creating environment hook '/home/ros2/tower_ws/install/zed_ros2/share/zed_ros2/hook/cmake_prefix_path.sh'
[69.537s] Level 1:colcon.colcon_core.environment:checking '/home/ros2/tower_ws/install/zed_ros2/bin'
[69.537s] Level 1:colcon.colcon_core.environment:checking '/home/ros2/tower_ws/install/zed_ros2/lib/pkgconfig/zed_ros2.pc'
[69.537s] Level 1:colcon.colcon_core.environment:checking '/home/ros2/tower_ws/install/zed_ros2/lib/python3.10/site-packages'
[69.537s] Level 1:colcon.colcon_core.environment:checking '/home/ros2/tower_ws/install/zed_ros2/bin'
[69.538s] INFO:colcon.colcon_core.shell:Creating package script '/home/ros2/tower_ws/install/zed_ros2/share/zed_ros2/package.ps1'
[69.538s] INFO:colcon.colcon_core.shell:Creating package descriptor '/home/ros2/tower_ws/install/zed_ros2/share/zed_ros2/package.dsv'
[69.539s] INFO:colcon.colcon_core.shell:Creating package script '/home/ros2/tower_ws/install/zed_ros2/share/zed_ros2/package.sh'
[69.539s] INFO:colcon.colcon_core.shell:Creating package script '/home/ros2/tower_ws/install/zed_ros2/share/zed_ros2/package.bash'
[69.539s] INFO:colcon.colcon_core.shell:Creating package script '/home/ros2/tower_ws/install/zed_ros2/share/zed_ros2/package.zsh'
[69.540s] Level 1:colcon.colcon_core.environment:create_file_with_runtime_dependencies(/home/ros2/tower_ws/install/zed_ros2/share/colcon-core/packages/zed_ros2)
[93.930s] DEBUG:colcon.colcon_core.event_handler.log_command:Invoked command in '/home/ros2/tower_ws/build/ouster_ros' returned '0': AMENT_PREFIX_PATH=/home/ros2/tower_ws/install/ouster_sensor_msgs:${AMENT_PREFIX_PATH} CMAKE_PREFIX_PATH=/home/ros2/tower_ws/install/ouster_sensor_msgs:/home/ros2/tower_ws/install/zed_ros2:/home/ros2/tower_ws/install/zed_wrapper:/home/ros2/tower_ws/install/zed_components:/home/ros2/tower_ws/install/nav_launch:/home/ros2/tower_ws/install/nav_radar:/home/ros2/tower_ws/install/nav_camera:/home/ros2/tower_ws/install/nav_messages:/home/ros2/ros2_ws/install/zed_ros2:/home/ros2/ros2_ws/install/zed_wrapper:/home/ros2/ros2_ws/install/zed_components:/home/ros2/Downloads/final-ai/install/detectionmessage:/home/ros2/Downloads/ros2cs/install:/home/ros2/Downloads/final-ai/install/py_fakedata:/home/ros2/Downloads/final-ai/install/py_detectionmessage:/home/ros2/Downloads/final-ai/install/py_aiproc:/opt/ros/humble LD_LIBRARY_PATH=/home/ros2/tower_ws/install/ouster_sensor_msgs/lib:${LD_LIBRARY_PATH} PYTHONPATH=/home/ros2/tower_ws/install/ouster_sensor_msgs/local/lib/python3.10/dist-packages:${PYTHONPATH} /usr/bin/cmake --build /home/ros2/tower_ws/build/ouster_ros -- -j24 -l24
[93.931s] DEBUG:colcon.colcon_core.event_handler.log_command:Invoking command in '/home/ros2/tower_ws/build/ouster_ros': AMENT_PREFIX_PATH=/home/ros2/tower_ws/install/ouster_sensor_msgs:${AMENT_PREFIX_PATH} CMAKE_PREFIX_PATH=/home/ros2/tower_ws/install/ouster_sensor_msgs:/home/ros2/tower_ws/install/zed_ros2:/home/ros2/tower_ws/install/zed_wrapper:/home/ros2/tower_ws/install/zed_components:/home/ros2/tower_ws/install/nav_launch:/home/ros2/tower_ws/install/nav_radar:/home/ros2/tower_ws/install/nav_camera:/home/ros2/tower_ws/install/nav_messages:/home/ros2/ros2_ws/install/zed_ros2:/home/ros2/ros2_ws/install/zed_wrapper:/home/ros2/ros2_ws/install/zed_components:/home/ros2/Downloads/final-ai/install/detectionmessage:/home/ros2/Downloads/ros2cs/install:/home/ros2/Downloads/final-ai/install/py_fakedata:/home/ros2/Downloads/final-ai/install/py_detectionmessage:/home/ros2/Downloads/final-ai/install/py_aiproc:/opt/ros/humble LD_LIBRARY_PATH=/home/ros2/tower_ws/install/ouster_sensor_msgs/lib:${LD_LIBRARY_PATH} PYTHONPATH=/home/ros2/tower_ws/install/ouster_sensor_msgs/local/lib/python3.10/dist-packages:${PYTHONPATH} /usr/bin/cmake --install /home/ros2/tower_ws/build/ouster_ros
[93.949s] Level 1:colcon.colcon_core.environment:create_environment_scripts_only(ouster_ros)
[93.949s] DEBUG:colcon.colcon_core.event_handler.log_command:Invoked command in '/home/ros2/tower_ws/build/ouster_ros' returned '0': AMENT_PREFIX_PATH=/home/ros2/tower_ws/install/ouster_sensor_msgs:${AMENT_PREFIX_PATH} CMAKE_PREFIX_PATH=/home/ros2/tower_ws/install/ouster_sensor_msgs:/home/ros2/tower_ws/install/zed_ros2:/home/ros2/tower_ws/install/zed_wrapper:/home/ros2/tower_ws/install/zed_components:/home/ros2/tower_ws/install/nav_launch:/home/ros2/tower_ws/install/nav_radar:/home/ros2/tower_ws/install/nav_camera:/home/ros2/tower_ws/install/nav_messages:/home/ros2/ros2_ws/install/zed_ros2:/home/ros2/ros2_ws/install/zed_wrapper:/home/ros2/ros2_ws/install/zed_components:/home/ros2/Downloads/final-ai/install/detectionmessage:/home/ros2/Downloads/ros2cs/install:/home/ros2/Downloads/final-ai/install/py_fakedata:/home/ros2/Downloads/final-ai/install/py_detectionmessage:/home/ros2/Downloads/final-ai/install/py_aiproc:/opt/ros/humble LD_LIBRARY_PATH=/home/ros2/tower_ws/install/ouster_sensor_msgs/lib:${LD_LIBRARY_PATH} PYTHONPATH=/home/ros2/tower_ws/install/ouster_sensor_msgs/local/lib/python3.10/dist-packages:${PYTHONPATH} /usr/bin/cmake --install /home/ros2/tower_ws/build/ouster_ros
[93.949s] Level 1:colcon.colcon_core.environment:checking '/home/ros2/tower_ws/install/ouster_ros' for CMake module files
[93.950s] Level 1:colcon.colcon_core.environment:checking '/home/ros2/tower_ws/install/ouster_ros' for CMake config files
[93.950s] Level 1:colcon.colcon_core.shell:create_environment_hook('ouster_ros', 'cmake_prefix_path')
[93.950s] INFO:colcon.colcon_core.shell:Creating environment hook '/home/ros2/tower_ws/install/ouster_ros/share/ouster_ros/hook/cmake_prefix_path.ps1'
[93.950s] INFO:colcon.colcon_core.shell:Creating environment descriptor '/home/ros2/tower_ws/install/ouster_ros/share/ouster_ros/hook/cmake_prefix_path.dsv'
[93.950s] INFO:colcon.colcon_core.shell:Creating environment hook '/home/ros2/tower_ws/install/ouster_ros/share/ouster_ros/hook/cmake_prefix_path.sh'
[93.950s] Level 1:colcon.colcon_core.environment:checking '/home/ros2/tower_ws/install/ouster_ros/lib'
[93.950s] Level 1:colcon.colcon_core.shell:create_environment_hook('ouster_ros', 'ld_library_path_lib')
[93.951s] INFO:colcon.colcon_core.shell:Creating environment hook '/home/ros2/tower_ws/install/ouster_ros/share/ouster_ros/hook/ld_library_path_lib.ps1'
[93.951s] INFO:colcon.colcon_core.shell:Creating environment descriptor '/home/ros2/tower_ws/install/ouster_ros/share/ouster_ros/hook/ld_library_path_lib.dsv'
[93.951s] INFO:colcon.colcon_core.shell:Creating environment hook '/home/ros2/tower_ws/install/ouster_ros/share/ouster_ros/hook/ld_library_path_lib.sh'
[93.951s] Level 1:colcon.colcon_core.environment:checking '/home/ros2/tower_ws/install/ouster_ros/bin'
[93.951s] Level 1:colcon.colcon_core.environment:checking '/home/ros2/tower_ws/install/ouster_ros/lib/pkgconfig/ouster_ros.pc'
[93.951s] Level 1:colcon.colcon_core.environment:checking '/home/ros2/tower_ws/install/ouster_ros/lib/python3.10/site-packages'
[93.951s] Level 1:colcon.colcon_core.environment:checking '/home/ros2/tower_ws/install/ouster_ros/bin'
[93.952s] INFO:colcon.colcon_core.shell:Creating package script '/home/ros2/tower_ws/install/ouster_ros/share/ouster_ros/package.ps1'
[93.952s] INFO:colcon.colcon_core.shell:Creating package descriptor '/home/ros2/tower_ws/install/ouster_ros/share/ouster_ros/package.dsv'
[93.952s] INFO:colcon.colcon_core.shell:Creating package script '/home/ros2/tower_ws/install/ouster_ros/share/ouster_ros/package.sh'
[93.952s] INFO:colcon.colcon_core.shell:Creating package script '/home/ros2/tower_ws/install/ouster_ros/share/ouster_ros/package.bash'
[93.952s] INFO:colcon.colcon_core.shell:Creating package script '/home/ros2/tower_ws/install/ouster_ros/share/ouster_ros/package.zsh'
[93.953s] Level 1:colcon.colcon_core.environment:create_file_with_runtime_dependencies(/home/ros2/tower_ws/install/ouster_ros/share/colcon-core/packages/ouster_ros)
[93.953s] Level 1:colcon.colcon_core.environment:create_environment_scripts_only(ouster_ros)
[93.953s] Level 1:colcon.colcon_core.environment:checking '/home/ros2/tower_ws/install/ouster_ros' for CMake module files
[93.953s] Level 1:colcon.colcon_core.environment:checking '/home/ros2/tower_ws/install/ouster_ros' for CMake config files
[93.953s] Level 1:colcon.colcon_core.shell:create_environment_hook('ouster_ros', 'cmake_prefix_path')
[93.954s] INFO:colcon.colcon_core.shell:Creating environment hook '/home/ros2/tower_ws/install/ouster_ros/share/ouster_ros/hook/cmake_prefix_path.ps1'
[93.954s] INFO:colcon.colcon_core.shell:Creating environment descriptor '/home/ros2/tower_ws/install/ouster_ros/share/ouster_ros/hook/cmake_prefix_path.dsv'
[93.954s] INFO:colcon.colcon_core.shell:Creating environment hook '/home/ros2/tower_ws/install/ouster_ros/share/ouster_ros/hook/cmake_prefix_path.sh'
[93.954s] Level 1:colcon.colcon_core.environment:checking '/home/ros2/tower_ws/install/ouster_ros/lib'
[93.954s] Level 1:colcon.colcon_core.shell:create_environment_hook('ouster_ros', 'ld_library_path_lib')
[93.954s] INFO:colcon.colcon_core.shell:Creating environment hook '/home/ros2/tower_ws/install/ouster_ros/share/ouster_ros/hook/ld_library_path_lib.ps1'
[93.955s] INFO:colcon.colcon_core.shell:Creating environment descriptor '/home/ros2/tower_ws/install/ouster_ros/share/ouster_ros/hook/ld_library_path_lib.dsv'
[93.955s] INFO:colcon.colcon_core.shell:Creating environment hook '/home/ros2/tower_ws/install/ouster_ros/share/ouster_ros/hook/ld_library_path_lib.sh'
[93.955s] Level 1:colcon.colcon_core.environment:checking '/home/ros2/tower_ws/install/ouster_ros/bin'
[93.955s] Level 1:colcon.colcon_core.environment:checking '/home/ros2/tower_ws/install/ouster_ros/lib/pkgconfig/ouster_ros.pc'
[93.955s] Level 1:colcon.colcon_core.environment:checking '/home/ros2/tower_ws/install/ouster_ros/lib/python3.10/site-packages'
[93.955s] Level 1:colcon.colcon_core.environment:checking '/home/ros2/tower_ws/install/ouster_ros/bin'
[93.955s] INFO:colcon.colcon_core.shell:Creating package script '/home/ros2/tower_ws/install/ouster_ros/share/ouster_ros/package.ps1'
[93.956s] INFO:colcon.colcon_core.shell:Creating package descriptor '/home/ros2/tower_ws/install/ouster_ros/share/ouster_ros/package.dsv'
[93.961s] INFO:colcon.colcon_core.shell:Creating package script '/home/ros2/tower_ws/install/ouster_ros/share/ouster_ros/package.sh'
[93.961s] INFO:colcon.colcon_core.shell:Creating package script '/home/ros2/tower_ws/install/ouster_ros/share/ouster_ros/package.bash'
[93.962s] INFO:colcon.colcon_core.shell:Creating package script '/home/ros2/tower_ws/install/ouster_ros/share/ouster_ros/package.zsh'
[93.962s] Level 1:colcon.colcon_core.environment:create_file_with_runtime_dependencies(/home/ros2/tower_ws/install/ouster_ros/share/colcon-core/packages/ouster_ros)
[93.962s] DEBUG:colcon.colcon_parallel_executor.executor.parallel:closing loop
[93.962s] DEBUG:colcon.colcon_parallel_executor.executor.parallel:loop closed
[93.962s] DEBUG:colcon.colcon_parallel_executor.executor.parallel:run_until_complete finished with '0'
[93.962s] DEBUG:colcon.colcon_core.event_reactor:joining thread
[93.967s] INFO:colcon.colcon_core.plugin_system:Skipping extension 'colcon_notification.desktop_notification.terminal_notifier': Not used on non-Darwin systems
[93.967s] INFO:colcon.colcon_core.plugin_system:Skipping extension 'colcon_notification.desktop_notification.win32': Not used on non-Windows systems
[93.967s] INFO:colcon.colcon_notification.desktop_notification:Sending desktop notification using 'notify2'
[93.983s] DEBUG:colcon.colcon_core.event_reactor:joined thread
[93.983s] INFO:colcon.colcon_core.shell:Creating prefix script '/home/ros2/tower_ws/install/local_setup.ps1'
[93.984s] INFO:colcon.colcon_core.shell:Creating prefix util module '/home/ros2/tower_ws/install/_local_setup_util_ps1.py'
[93.985s] INFO:colcon.colcon_core.shell:Creating prefix chain script '/home/ros2/tower_ws/install/setup.ps1'
[93.986s] INFO:colcon.colcon_core.shell:Creating prefix script '/home/ros2/tower_ws/install/local_setup.sh'
[93.987s] INFO:colcon.colcon_core.shell:Creating prefix util module '/home/ros2/tower_ws/install/_local_setup_util_sh.py'
[93.987s] INFO:colcon.colcon_core.shell:Creating prefix chain script '/home/ros2/tower_ws/install/setup.sh'
[93.988s] INFO:colcon.colcon_core.shell:Creating prefix script '/home/ros2/tower_ws/install/local_setup.bash'
[93.988s] INFO:colcon.colcon_core.shell:Creating prefix chain script '/home/ros2/tower_ws/install/setup.bash'
[93.989s] INFO:colcon.colcon_core.shell:Creating prefix script '/home/ros2/tower_ws/install/local_setup.zsh'
[93.990s] INFO:colcon.colcon_core.shell:Creating prefix chain script '/home/ros2/tower_ws/install/setup.zsh'
