[0.000000] (-) TimerEvent: {}
[0.000330] (IASDK) JobQueued: {'identifier': 'IASDK', 'dependencies': OrderedDict()}
[0.000350] (nav_messages) JobQueued: {'identifier': 'nav_messages', 'dependencies': OrderedDict()}
[0.000359] (nav_camera) JobQueued: {'identifier': 'nav_camera', 'dependencies': OrderedDict([('nav_messages', '/home/ros2/tower_ws/install/nav_messages')])}
[0.000368] (nav_radar) JobQueued: {'identifier': 'nav_radar', 'dependencies': OrderedDict([('nav_messages', '/home/ros2/tower_ws/install/nav_messages')])}
[0.000376] (nav_launch) JobQueued: {'identifier': 'nav_launch', 'dependencies': OrderedDict([('nav_messages', '/home/ros2/tower_ws/install/nav_messages'), ('nav_camera', '/home/ros2/tower_ws/install/nav_camera'), ('nav_radar', '/home/ros2/tower_ws/install/nav_radar')])}
[0.000386] (nav_messages) JobStarted: {'identifier': 'nav_messages'}
[0.004872] (IASDK) JobStarted: {'identifier': 'IASDK'}
[0.007515] (nav_messages) JobProgress: {'identifier': 'nav_messages', 'progress': 'cmake'}
[0.007826] (nav_messages) JobProgress: {'identifier': 'nav_messages', 'progress': 'build'}
[0.008260] (nav_messages) Command: {'cmd': ['/usr/bin/cmake', '--build', '/home/ros2/tower_ws/build/nav_messages', '--', '-j24', '-l24'], 'cwd': '/home/ros2/tower_ws/build/nav_messages', 'env': OrderedDict([('LESSOPEN', '| /usr/bin/lesspipe %s'), ('USER', 'ros2'), ('LC_TIME', 'lv_LV.UTF-8'), ('XDG_SESSION_TYPE', 'x11'), ('SHLVL', '1'), ('LD_LIBRARY_PATH', '/home/ros2/ros2_ws/install/zed_components/lib:/home/ros2/Downloads/final-ai/install/detectionmessage/lib:/home/ros2/Downloads/ros2cs/install/lib:/opt/ros/humble/opt/rviz_ogre_vendor/lib:/opt/ros/humble/lib/x86_64-linux-gnu:/opt/ros/humble/lib'), ('HOME', '/home/ros2'), ('OLDPWD', '/home/ros2/tower_ws/src'), ('DESKTOP_SESSION', 'ubuntu'), ('ROS_PYTHON_VERSION', '3'), ('GNOME_SHELL_SESSION_MODE', 'ubuntu'), ('GTK_MODULES', 'gail:atk-bridge'), ('LC_MONETARY', 'lv_LV.UTF-8'), ('SYSTEMD_EXEC_PID', '2112'), ('DBUS_SESSION_BUS_ADDRESS', 'unix:path=/run/user/1000/bus'), ('COLORTERM', 'truecolor'), ('COLCON_PREFIX_PATH', '/home/ros2/ros2_ws/install:/home/ros2/Downloads/final-ai/install:/home/ros2/Downloads/ros2cs/install'), ('ROS_DISTRO', 'humble'), ('GTK_IM_MODULE', 'ibus'), ('LOGNAME', 'ros2'), ('_', '/usr/bin/colcon'), ('ROS_VERSION', '2'), ('XDG_SESSION_CLASS', 'user'), ('USERNAME', 'ros2'), ('TERM', 'xterm-256color'), ('GNOME_DESKTOP_SESSION_ID', 'this-is-deprecated'), ('ROS_LOCALHOST_ONLY', '0'), ('WINDOWPATH', '2'), ('PATH', '/opt/ros/humble/bin:/home/ros2/.local/bin:/usr/local/sbin:/usr/local/bin:/usr/sbin:/usr/bin:/sbin:/bin:/usr/games:/usr/local/games:/snap/bin:/snap/bin:/home/ros2/.dotnet/tools'), ('SESSION_MANAGER', 'local/ros2:@/tmp/.ICE-unix/1944,unix/ros2:/tmp/.ICE-unix/1944'), ('XDG_MENU_PREFIX', 'gnome-'), ('LC_ADDRESS', 'lv_LV.UTF-8'), ('GNOME_TERMINAL_SCREEN', '/org/gnome/Terminal/screen/52a08a4d_bf9a_4dd1_a4c1_fcd2684cb791'), ('XDG_RUNTIME_DIR', '/run/user/1000'), ('DISPLAY', ':1'), ('LANG', 'en_US.UTF-8'), ('XDG_CURRENT_DESKTOP', 'ubuntu:GNOME'), ('DOTNET_BUNDLE_EXTRACT_BASE_DIR', '/home/ros2/.cache/dotnet_bundle_extract'), ('LC_TELEPHONE', 'lv_LV.UTF-8'), ('XMODIFIERS', '@im=ibus'), ('XDG_SESSION_DESKTOP', 'ubuntu'), ('XAUTHORITY', '/run/user/1000/gdm/Xauthority'), ('LS_COLORS', 'rs=0:di=01;34:ln=01;36:mh=00:pi=40;33:so=01;35:do=01;35:bd=40;33;01:cd=40;33;01:or=40;31;01:mi=00:su=37;41:sg=30;43:ca=30;41:tw=30;42:ow=34;42:st=37;44:ex=01;32:*.tar=01;31:*.tgz=01;31:*.arc=01;31:*.arj=01;31:*.taz=01;31:*.lha=01;31:*.lz4=01;31:*.lzh=01;31:*.lzma=01;31:*.tlz=01;31:*.txz=01;31:*.tzo=01;31:*.t7z=01;31:*.zip=01;31:*.z=01;31:*.dz=01;31:*.gz=01;31:*.lrz=01;31:*.lz=01;31:*.lzo=01;31:*.xz=01;31:*.zst=01;31:*.tzst=01;31:*.bz2=01;31:*.bz=01;31:*.tbz=01;31:*.tbz2=01;31:*.tz=01;31:*.deb=01;31:*.rpm=01;31:*.jar=01;31:*.war=01;31:*.ear=01;31:*.sar=01;31:*.rar=01;31:*.alz=01;31:*.ace=01;31:*.zoo=01;31:*.cpio=01;31:*.7z=01;31:*.rz=01;31:*.cab=01;31:*.wim=01;31:*.swm=01;31:*.dwm=01;31:*.esd=01;31:*.jpg=01;35:*.jpeg=01;35:*.mjpg=01;35:*.mjpeg=01;35:*.gif=01;35:*.bmp=01;35:*.pbm=01;35:*.pgm=01;35:*.ppm=01;35:*.tga=01;35:*.xbm=01;35:*.xpm=01;35:*.tif=01;35:*.tiff=01;35:*.png=01;35:*.svg=01;35:*.svgz=01;35:*.mng=01;35:*.pcx=01;35:*.mov=01;35:*.mpg=01;35:*.mpeg=01;35:*.m2v=01;35:*.mkv=01;35:*.webm=01;35:*.webp=01;35:*.ogm=01;35:*.mp4=01;35:*.m4v=01;35:*.mp4v=01;35:*.vob=01;35:*.qt=01;35:*.nuv=01;35:*.wmv=01;35:*.asf=01;35:*.rm=01;35:*.rmvb=01;35:*.flc=01;35:*.avi=01;35:*.fli=01;35:*.flv=01;35:*.gl=01;35:*.dl=01;35:*.xcf=01;35:*.xwd=01;35:*.yuv=01;35:*.cgm=01;35:*.emf=01;35:*.ogv=01;35:*.ogx=01;35:*.aac=00;36:*.au=00;36:*.flac=00;36:*.m4a=00;36:*.mid=00;36:*.midi=00;36:*.mka=00;36:*.mp3=00;36:*.mpc=00;36:*.ogg=00;36:*.ra=00;36:*.wav=00;36:*.oga=00;36:*.opus=00;36:*.spx=00;36:*.xspf=00;36:'), ('GNOME_TERMINAL_SERVICE', ':1.103'), ('SSH_AGENT_LAUNCHER', 'gnome-keyring'), ('SSH_AUTH_SOCK', '/run/user/1000/keyring/ssh'), ('AMENT_PREFIX_PATH', '/home/ros2/ros2_ws/install/zed_ros2:/home/ros2/ros2_ws/install/zed_wrapper:/home/ros2/ros2_ws/install/zed_components:/home/ros2/Downloads/final-ai/install/py_fakedata:/home/ros2/Downloads/final-ai/install/py_detectionmessage:/home/ros2/Downloads/final-ai/install/py_aiproc:/home/ros2/Downloads/final-ai/install/detectionmessage:/home/ros2/Downloads/ros2cs/install:/opt/ros/humble'), ('SHELL', '/bin/bash'), ('LC_NAME', 'lv_LV.UTF-8'), ('QT_ACCESSIBILITY', '1'), ('GDMSESSION', 'ubuntu'), ('LESSCLOSE', '/usr/bin/lesspipe %s %s'), ('LC_MEASUREMENT', 'lv_LV.UTF-8'), ('GPG_AGENT_INFO', '/run/user/1000/gnupg/S.gpg-agent:0:1'), ('LC_IDENTIFICATION', 'lv_LV.UTF-8'), ('QT_IM_MODULE', 'ibus'), ('PWD', '/home/ros2/tower_ws/build/nav_messages'), ('XDG_CONFIG_DIRS', '/etc/xdg/xdg-ubuntu:/etc/xdg'), ('XDG_DATA_DIRS', '/usr/share/ubuntu:/usr/share/gnome:/usr/local/share/:/usr/share/:/var/lib/snapd/desktop'), ('PYTHONPATH', '/home/ros2/Downloads/final-ai/install/py_fakedata/lib/python3.10/site-packages:/home/ros2/Downloads/final-ai/install/py_detectionmessage/lib/python3.10/site-packages:/home/ros2/Downloads/final-ai/install/py_aiproc/lib/python3.10/site-packages:/home/ros2/Downloads/final-ai/install/detectionmessage/local/lib/python3.10/dist-packages:/home/ros2/Downloads/ros2cs/install/lib/python3.10/site-packages:/home/ros2/Downloads/ros2cs/install/local/lib/python3.10/dist-packages:/opt/ros/humble/lib/python3.10/site-packages:/opt/ros/humble/local/lib/python3.10/dist-packages'), ('LC_NUMERIC', 'lv_LV.UTF-8'), ('LC_PAPER', 'lv_LV.UTF-8'), ('COLCON', '1'), ('VTE_VERSION', '6800'), ('CMAKE_PREFIX_PATH', '/home/ros2/ros2_ws/install/zed_ros2:/home/ros2/ros2_ws/install/zed_wrapper:/home/ros2/ros2_ws/install/zed_components:/home/ros2/Downloads/final-ai/install/detectionmessage:/home/ros2/Downloads/ros2cs/install:/home/ros2/Downloads/final-ai/install/py_fakedata:/home/ros2/Downloads/final-ai/install/py_detectionmessage:/home/ros2/Downloads/final-ai/install/py_aiproc:/opt/ros/humble')]), 'shell': False}
[0.009987] (IASDK) JobProgress: {'identifier': 'IASDK', 'progress': 'cmake'}
[0.010255] (IASDK) Command: {'cmd': ['/usr/bin/cmake', '/home/ros2/tower_ws/src/navtech/src/cpp_17/src', '-DCMAKE_INSTALL_PREFIX=/home/ros2/tower_ws/install/IASDK'], 'cwd': '/home/ros2/tower_ws/build/IASDK', 'env': OrderedDict([('LESSOPEN', '| /usr/bin/lesspipe %s'), ('USER', 'ros2'), ('LC_TIME', 'lv_LV.UTF-8'), ('XDG_SESSION_TYPE', 'x11'), ('SHLVL', '1'), ('LD_LIBRARY_PATH', '/home/ros2/ros2_ws/install/zed_components/lib:/home/ros2/Downloads/final-ai/install/detectionmessage/lib:/home/ros2/Downloads/ros2cs/install/lib:/opt/ros/humble/opt/rviz_ogre_vendor/lib:/opt/ros/humble/lib/x86_64-linux-gnu:/opt/ros/humble/lib'), ('HOME', '/home/ros2'), ('OLDPWD', '/home/ros2/tower_ws/src'), ('DESKTOP_SESSION', 'ubuntu'), ('ROS_PYTHON_VERSION', '3'), ('GNOME_SHELL_SESSION_MODE', 'ubuntu'), ('GTK_MODULES', 'gail:atk-bridge'), ('LC_MONETARY', 'lv_LV.UTF-8'), ('SYSTEMD_EXEC_PID', '2112'), ('DBUS_SESSION_BUS_ADDRESS', 'unix:path=/run/user/1000/bus'), ('COLORTERM', 'truecolor'), ('COLCON_PREFIX_PATH', '/home/ros2/ros2_ws/install:/home/ros2/Downloads/final-ai/install:/home/ros2/Downloads/ros2cs/install'), ('ROS_DISTRO', 'humble'), ('GTK_IM_MODULE', 'ibus'), ('LOGNAME', 'ros2'), ('_', '/usr/bin/colcon'), ('ROS_VERSION', '2'), ('XDG_SESSION_CLASS', 'user'), ('USERNAME', 'ros2'), ('TERM', 'xterm-256color'), ('GNOME_DESKTOP_SESSION_ID', 'this-is-deprecated'), ('ROS_LOCALHOST_ONLY', '0'), ('WINDOWPATH', '2'), ('PATH', '/opt/ros/humble/bin:/home/ros2/.local/bin:/usr/local/sbin:/usr/local/bin:/usr/sbin:/usr/bin:/sbin:/bin:/usr/games:/usr/local/games:/snap/bin:/snap/bin:/home/ros2/.dotnet/tools'), ('SESSION_MANAGER', 'local/ros2:@/tmp/.ICE-unix/1944,unix/ros2:/tmp/.ICE-unix/1944'), ('XDG_MENU_PREFIX', 'gnome-'), ('LC_ADDRESS', 'lv_LV.UTF-8'), ('GNOME_TERMINAL_SCREEN', '/org/gnome/Terminal/screen/52a08a4d_bf9a_4dd1_a4c1_fcd2684cb791'), ('XDG_RUNTIME_DIR', '/run/user/1000'), ('DISPLAY', ':1'), ('LANG', 'en_US.UTF-8'), ('XDG_CURRENT_DESKTOP', 'ubuntu:GNOME'), ('DOTNET_BUNDLE_EXTRACT_BASE_DIR', '/home/ros2/.cache/dotnet_bundle_extract'), ('LC_TELEPHONE', 'lv_LV.UTF-8'), ('XMODIFIERS', '@im=ibus'), ('XDG_SESSION_DESKTOP', 'ubuntu'), ('XAUTHORITY', '/run/user/1000/gdm/Xauthority'), ('LS_COLORS', 'rs=0:di=01;34:ln=01;36:mh=00:pi=40;33:so=01;35:do=01;35:bd=40;33;01:cd=40;33;01:or=40;31;01:mi=00:su=37;41:sg=30;43:ca=30;41:tw=30;42:ow=34;42:st=37;44:ex=01;32:*.tar=01;31:*.tgz=01;31:*.arc=01;31:*.arj=01;31:*.taz=01;31:*.lha=01;31:*.lz4=01;31:*.lzh=01;31:*.lzma=01;31:*.tlz=01;31:*.txz=01;31:*.tzo=01;31:*.t7z=01;31:*.zip=01;31:*.z=01;31:*.dz=01;31:*.gz=01;31:*.lrz=01;31:*.lz=01;31:*.lzo=01;31:*.xz=01;31:*.zst=01;31:*.tzst=01;31:*.bz2=01;31:*.bz=01;31:*.tbz=01;31:*.tbz2=01;31:*.tz=01;31:*.deb=01;31:*.rpm=01;31:*.jar=01;31:*.war=01;31:*.ear=01;31:*.sar=01;31:*.rar=01;31:*.alz=01;31:*.ace=01;31:*.zoo=01;31:*.cpio=01;31:*.7z=01;31:*.rz=01;31:*.cab=01;31:*.wim=01;31:*.swm=01;31:*.dwm=01;31:*.esd=01;31:*.jpg=01;35:*.jpeg=01;35:*.mjpg=01;35:*.mjpeg=01;35:*.gif=01;35:*.bmp=01;35:*.pbm=01;35:*.pgm=01;35:*.ppm=01;35:*.tga=01;35:*.xbm=01;35:*.xpm=01;35:*.tif=01;35:*.tiff=01;35:*.png=01;35:*.svg=01;35:*.svgz=01;35:*.mng=01;35:*.pcx=01;35:*.mov=01;35:*.mpg=01;35:*.mpeg=01;35:*.m2v=01;35:*.mkv=01;35:*.webm=01;35:*.webp=01;35:*.ogm=01;35:*.mp4=01;35:*.m4v=01;35:*.mp4v=01;35:*.vob=01;35:*.qt=01;35:*.nuv=01;35:*.wmv=01;35:*.asf=01;35:*.rm=01;35:*.rmvb=01;35:*.flc=01;35:*.avi=01;35:*.fli=01;35:*.flv=01;35:*.gl=01;35:*.dl=01;35:*.xcf=01;35:*.xwd=01;35:*.yuv=01;35:*.cgm=01;35:*.emf=01;35:*.ogv=01;35:*.ogx=01;35:*.aac=00;36:*.au=00;36:*.flac=00;36:*.m4a=00;36:*.mid=00;36:*.midi=00;36:*.mka=00;36:*.mp3=00;36:*.mpc=00;36:*.ogg=00;36:*.ra=00;36:*.wav=00;36:*.oga=00;36:*.opus=00;36:*.spx=00;36:*.xspf=00;36:'), ('GNOME_TERMINAL_SERVICE', ':1.103'), ('SSH_AGENT_LAUNCHER', 'gnome-keyring'), ('SSH_AUTH_SOCK', '/run/user/1000/keyring/ssh'), ('AMENT_PREFIX_PATH', '/home/ros2/ros2_ws/install/zed_ros2:/home/ros2/ros2_ws/install/zed_wrapper:/home/ros2/ros2_ws/install/zed_components:/home/ros2/Downloads/final-ai/install/py_fakedata:/home/ros2/Downloads/final-ai/install/py_detectionmessage:/home/ros2/Downloads/final-ai/install/py_aiproc:/home/ros2/Downloads/final-ai/install/detectionmessage:/home/ros2/Downloads/ros2cs/install:/opt/ros/humble'), ('SHELL', '/bin/bash'), ('LC_NAME', 'lv_LV.UTF-8'), ('QT_ACCESSIBILITY', '1'), ('GDMSESSION', 'ubuntu'), ('LESSCLOSE', '/usr/bin/lesspipe %s %s'), ('LC_MEASUREMENT', 'lv_LV.UTF-8'), ('GPG_AGENT_INFO', '/run/user/1000/gnupg/S.gpg-agent:0:1'), ('LC_IDENTIFICATION', 'lv_LV.UTF-8'), ('QT_IM_MODULE', 'ibus'), ('PWD', '/home/ros2/tower_ws/build/IASDK'), ('XDG_CONFIG_DIRS', '/etc/xdg/xdg-ubuntu:/etc/xdg'), ('XDG_DATA_DIRS', '/usr/share/ubuntu:/usr/share/gnome:/usr/local/share/:/usr/share/:/var/lib/snapd/desktop'), ('PYTHONPATH', '/home/ros2/Downloads/final-ai/install/py_fakedata/lib/python3.10/site-packages:/home/ros2/Downloads/final-ai/install/py_detectionmessage/lib/python3.10/site-packages:/home/ros2/Downloads/final-ai/install/py_aiproc/lib/python3.10/site-packages:/home/ros2/Downloads/final-ai/install/detectionmessage/local/lib/python3.10/dist-packages:/home/ros2/Downloads/ros2cs/install/lib/python3.10/site-packages:/home/ros2/Downloads/ros2cs/install/local/lib/python3.10/dist-packages:/opt/ros/humble/lib/python3.10/site-packages:/opt/ros/humble/local/lib/python3.10/dist-packages'), ('LC_NUMERIC', 'lv_LV.UTF-8'), ('LC_PAPER', 'lv_LV.UTF-8'), ('COLCON', '1'), ('VTE_VERSION', '6800'), ('CMAKE_PREFIX_PATH', '/home/ros2/ros2_ws/install/zed_ros2:/home/ros2/ros2_ws/install/zed_wrapper:/home/ros2/ros2_ws/install/zed_components:/home/ros2/Downloads/final-ai/install/detectionmessage:/home/ros2/Downloads/ros2cs/install')]), 'shell': False}
[0.037962] (IASDK) StdoutLine: {'line': b'-- Found Protobuf: /usr/lib/x86_64-linux-gnu/libprotobuf.a (found version "3.12.4") \n'}
[0.039347] (IASDK) StdoutLine: {'line': b'-- Protobuf current output dir: /home/ros2/tower_ws/build/IASDK/protobuf\n'}
[0.040446] (IASDK) StdoutLine: {'line': b'-- Configuring done\n'}
[0.044367] (nav_messages) StdoutLine: {'line': b'[  1%] \x1b[34m\x1b[1mGenerating C code for ROS interfaces\x1b[0m\n'}
[0.047934] (nav_messages) StdoutLine: {'line': b'[  2%] \x1b[34m\x1b[1mGenerating Rust code for ROS interfaces\x1b[0m\n'}
[0.051372] (nav_messages) StdoutLine: {'line': b'[  3%] \x1b[34m\x1b[1mGenerating C# code for ROS interfaces\x1b[0m\n'}
[0.052604] (nav_messages) StdoutLine: {'line': b'[  3%] \x1b[34m\x1b[1mGenerating C++ code for ROS interfaces\x1b[0m\n'}
[0.053205] (IASDK) StdoutLine: {'line': b'-- Generating done\n'}
[0.057586] (IASDK) StdoutLine: {'line': b'-- Build files have been written to: /home/ros2/tower_ws/build/IASDK\n'}
[0.058867] (nav_messages) StdoutLine: {'line': b'[  3%] Built target ament_cmake_python_copy_nav_messages\n'}
[0.059788] (IASDK) CommandEnded: {'returncode': 0}
[0.060091] (IASDK) JobProgress: {'identifier': 'IASDK', 'progress': 'build'}
[0.060347] (IASDK) Command: {'cmd': ['/usr/bin/cmake', '--build', '/home/ros2/tower_ws/build/IASDK', '--', '-j24', '-l24'], 'cwd': '/home/ros2/tower_ws/build/IASDK', 'env': OrderedDict([('LESSOPEN', '| /usr/bin/lesspipe %s'), ('USER', 'ros2'), ('LC_TIME', 'lv_LV.UTF-8'), ('XDG_SESSION_TYPE', 'x11'), ('SHLVL', '1'), ('LD_LIBRARY_PATH', '/home/ros2/ros2_ws/install/zed_components/lib:/home/ros2/Downloads/final-ai/install/detectionmessage/lib:/home/ros2/Downloads/ros2cs/install/lib:/opt/ros/humble/opt/rviz_ogre_vendor/lib:/opt/ros/humble/lib/x86_64-linux-gnu:/opt/ros/humble/lib'), ('HOME', '/home/ros2'), ('OLDPWD', '/home/ros2/tower_ws/src'), ('DESKTOP_SESSION', 'ubuntu'), ('ROS_PYTHON_VERSION', '3'), ('GNOME_SHELL_SESSION_MODE', 'ubuntu'), ('GTK_MODULES', 'gail:atk-bridge'), ('LC_MONETARY', 'lv_LV.UTF-8'), ('SYSTEMD_EXEC_PID', '2112'), ('DBUS_SESSION_BUS_ADDRESS', 'unix:path=/run/user/1000/bus'), ('COLORTERM', 'truecolor'), ('COLCON_PREFIX_PATH', '/home/ros2/ros2_ws/install:/home/ros2/Downloads/final-ai/install:/home/ros2/Downloads/ros2cs/install'), ('ROS_DISTRO', 'humble'), ('GTK_IM_MODULE', 'ibus'), ('LOGNAME', 'ros2'), ('_', '/usr/bin/colcon'), ('ROS_VERSION', '2'), ('XDG_SESSION_CLASS', 'user'), ('USERNAME', 'ros2'), ('TERM', 'xterm-256color'), ('GNOME_DESKTOP_SESSION_ID', 'this-is-deprecated'), ('ROS_LOCALHOST_ONLY', '0'), ('WINDOWPATH', '2'), ('PATH', '/opt/ros/humble/bin:/home/ros2/.local/bin:/usr/local/sbin:/usr/local/bin:/usr/sbin:/usr/bin:/sbin:/bin:/usr/games:/usr/local/games:/snap/bin:/snap/bin:/home/ros2/.dotnet/tools'), ('SESSION_MANAGER', 'local/ros2:@/tmp/.ICE-unix/1944,unix/ros2:/tmp/.ICE-unix/1944'), ('XDG_MENU_PREFIX', 'gnome-'), ('LC_ADDRESS', 'lv_LV.UTF-8'), ('GNOME_TERMINAL_SCREEN', '/org/gnome/Terminal/screen/52a08a4d_bf9a_4dd1_a4c1_fcd2684cb791'), ('XDG_RUNTIME_DIR', '/run/user/1000'), ('DISPLAY', ':1'), ('LANG', 'en_US.UTF-8'), ('XDG_CURRENT_DESKTOP', 'ubuntu:GNOME'), ('DOTNET_BUNDLE_EXTRACT_BASE_DIR', '/home/ros2/.cache/dotnet_bundle_extract'), ('LC_TELEPHONE', 'lv_LV.UTF-8'), ('XMODIFIERS', '@im=ibus'), ('XDG_SESSION_DESKTOP', 'ubuntu'), ('XAUTHORITY', '/run/user/1000/gdm/Xauthority'), ('LS_COLORS', 'rs=0:di=01;34:ln=01;36:mh=00:pi=40;33:so=01;35:do=01;35:bd=40;33;01:cd=40;33;01:or=40;31;01:mi=00:su=37;41:sg=30;43:ca=30;41:tw=30;42:ow=34;42:st=37;44:ex=01;32:*.tar=01;31:*.tgz=01;31:*.arc=01;31:*.arj=01;31:*.taz=01;31:*.lha=01;31:*.lz4=01;31:*.lzh=01;31:*.lzma=01;31:*.tlz=01;31:*.txz=01;31:*.tzo=01;31:*.t7z=01;31:*.zip=01;31:*.z=01;31:*.dz=01;31:*.gz=01;31:*.lrz=01;31:*.lz=01;31:*.lzo=01;31:*.xz=01;31:*.zst=01;31:*.tzst=01;31:*.bz2=01;31:*.bz=01;31:*.tbz=01;31:*.tbz2=01;31:*.tz=01;31:*.deb=01;31:*.rpm=01;31:*.jar=01;31:*.war=01;31:*.ear=01;31:*.sar=01;31:*.rar=01;31:*.alz=01;31:*.ace=01;31:*.zoo=01;31:*.cpio=01;31:*.7z=01;31:*.rz=01;31:*.cab=01;31:*.wim=01;31:*.swm=01;31:*.dwm=01;31:*.esd=01;31:*.jpg=01;35:*.jpeg=01;35:*.mjpg=01;35:*.mjpeg=01;35:*.gif=01;35:*.bmp=01;35:*.pbm=01;35:*.pgm=01;35:*.ppm=01;35:*.tga=01;35:*.xbm=01;35:*.xpm=01;35:*.tif=01;35:*.tiff=01;35:*.png=01;35:*.svg=01;35:*.svgz=01;35:*.mng=01;35:*.pcx=01;35:*.mov=01;35:*.mpg=01;35:*.mpeg=01;35:*.m2v=01;35:*.mkv=01;35:*.webm=01;35:*.webp=01;35:*.ogm=01;35:*.mp4=01;35:*.m4v=01;35:*.mp4v=01;35:*.vob=01;35:*.qt=01;35:*.nuv=01;35:*.wmv=01;35:*.asf=01;35:*.rm=01;35:*.rmvb=01;35:*.flc=01;35:*.avi=01;35:*.fli=01;35:*.flv=01;35:*.gl=01;35:*.dl=01;35:*.xcf=01;35:*.xwd=01;35:*.yuv=01;35:*.cgm=01;35:*.emf=01;35:*.ogv=01;35:*.ogx=01;35:*.aac=00;36:*.au=00;36:*.flac=00;36:*.m4a=00;36:*.mid=00;36:*.midi=00;36:*.mka=00;36:*.mp3=00;36:*.mpc=00;36:*.ogg=00;36:*.ra=00;36:*.wav=00;36:*.oga=00;36:*.opus=00;36:*.spx=00;36:*.xspf=00;36:'), ('GNOME_TERMINAL_SERVICE', ':1.103'), ('SSH_AGENT_LAUNCHER', 'gnome-keyring'), ('SSH_AUTH_SOCK', '/run/user/1000/keyring/ssh'), ('AMENT_PREFIX_PATH', '/home/ros2/ros2_ws/install/zed_ros2:/home/ros2/ros2_ws/install/zed_wrapper:/home/ros2/ros2_ws/install/zed_components:/home/ros2/Downloads/final-ai/install/py_fakedata:/home/ros2/Downloads/final-ai/install/py_detectionmessage:/home/ros2/Downloads/final-ai/install/py_aiproc:/home/ros2/Downloads/final-ai/install/detectionmessage:/home/ros2/Downloads/ros2cs/install:/opt/ros/humble'), ('SHELL', '/bin/bash'), ('LC_NAME', 'lv_LV.UTF-8'), ('QT_ACCESSIBILITY', '1'), ('GDMSESSION', 'ubuntu'), ('LESSCLOSE', '/usr/bin/lesspipe %s %s'), ('LC_MEASUREMENT', 'lv_LV.UTF-8'), ('GPG_AGENT_INFO', '/run/user/1000/gnupg/S.gpg-agent:0:1'), ('LC_IDENTIFICATION', 'lv_LV.UTF-8'), ('QT_IM_MODULE', 'ibus'), ('PWD', '/home/ros2/tower_ws/build/IASDK'), ('XDG_CONFIG_DIRS', '/etc/xdg/xdg-ubuntu:/etc/xdg'), ('XDG_DATA_DIRS', '/usr/share/ubuntu:/usr/share/gnome:/usr/local/share/:/usr/share/:/var/lib/snapd/desktop'), ('PYTHONPATH', '/home/ros2/Downloads/final-ai/install/py_fakedata/lib/python3.10/site-packages:/home/ros2/Downloads/final-ai/install/py_detectionmessage/lib/python3.10/site-packages:/home/ros2/Downloads/final-ai/install/py_aiproc/lib/python3.10/site-packages:/home/ros2/Downloads/final-ai/install/detectionmessage/local/lib/python3.10/dist-packages:/home/ros2/Downloads/ros2cs/install/lib/python3.10/site-packages:/home/ros2/Downloads/ros2cs/install/local/lib/python3.10/dist-packages:/opt/ros/humble/lib/python3.10/site-packages:/opt/ros/humble/local/lib/python3.10/dist-packages'), ('LC_NUMERIC', 'lv_LV.UTF-8'), ('LC_PAPER', 'lv_LV.UTF-8'), ('COLCON', '1'), ('VTE_VERSION', '6800'), ('CMAKE_PREFIX_PATH', '/home/ros2/ros2_ws/install/zed_ros2:/home/ros2/ros2_ws/install/zed_wrapper:/home/ros2/ros2_ws/install/zed_components:/home/ros2/Downloads/final-ai/install/detectionmessage:/home/ros2/Downloads/ros2cs/install')]), 'shell': False}
[0.085994] (IASDK) StdoutLine: {'line': b'[  2%] \x1b[34m\x1b[1mRunning cpp protocol buffer compiler on discovery.proto\x1b[0m\n'}
[0.086210] (IASDK) StdoutLine: {'line': b'[  2%] \x1b[34m\x1b[1mRunning cpp protocol buffer compiler on healthinfo.proto\x1b[0m\n'}
[0.086315] (IASDK) StdoutLine: {'line': b'[  4%] \x1b[34m\x1b[1mRunning cpp protocol buffer compiler on networkinfo.proto\x1b[0m\n'}
[0.086399] (IASDK) StdoutLine: {'line': b'[  5%] \x1b[34m\x1b[1mRunning cpp protocol buffer compiler on nvramcontents.proto\x1b[0m\n'}
[0.087597] (IASDK) StdoutLine: {'line': b'[  6%] \x1b[34m\x1b[1mRunning cpp protocol buffer compiler on softwareversions.proto\x1b[0m\n'}
[0.088041] (IASDK) StdoutLine: {'line': b'[  8%] \x1b[34m\x1b[1mRunning cpp protocol buffer compiler on configurationdata.proto\x1b[0m\n'}
[0.088200] (IASDK) StdoutLine: {'line': b'[  9%] \x1b[34m\x1b[1mRunning cpp protocol buffer compiler on health.proto\x1b[0m\n'}
[0.088765] (IASDK) StdoutLine: {'line': b'[ 11%] \x1b[34m\x1b[1mRunning cpp protocol buffer compiler on radarmodel.proto\x1b[0m\n'}
[0.093459] (IASDK) StdoutLine: {'line': b'[ 12%] \x1b[32mBuilding CXX object utility/CMakeFiles/utility.dir/Log.cpp.o\x1b[0m\n'}
[0.093622] (IASDK) StdoutLine: {'line': b'[ 18%] \x1b[32mBuilding CXX object utility/CMakeFiles/utility.dir/Signal_handler.cpp.o\x1b[0m\n'}
[0.093689] (IASDK) StdoutLine: {'line': b'[ 18%] \x1b[32mBuilding CXX object utility/CMakeFiles/utility.dir/Timer.cpp.o\x1b[0m\n'}
[0.093732] (IASDK) StdoutLine: {'line': b'[ 18%] \x1b[32mBuilding CXX object utility/CMakeFiles/utility.dir/Time_utils.cpp.o\x1b[0m\n'}
[0.093770] (IASDK) StdoutLine: {'line': b'[ 18%] \x1b[32mBuilding CXX object utility/CMakeFiles/utility.dir/Option_parser.cpp.o\x1b[0m\n'}
[0.093832] (IASDK) StdoutLine: {'line': b'[ 20%] \x1b[32mBuilding CXX object utility/CMakeFiles/utility.dir/Polar_coordinate.cpp.o\x1b[0m\n'}
[0.093867] (IASDK) StdoutLine: {'line': b'[ 20%] \x1b[32mBuilding CXX object utility/CMakeFiles/utility.dir/Cartesian_coordinate.cpp.o\x1b[0m\n'}
[0.095261] (IASDK) StdoutLine: {'line': b'[ 22%] \x1b[32mBuilding CXX object utility/CMakeFiles/utility.dir/threading/Active.cpp.o\x1b[0m\n'}
[0.095658] (IASDK) StdoutLine: {'line': b'[ 23%] \x1b[32mBuilding CXX object utility/CMakeFiles/utility.dir/threading/Mutex.cpp.o\x1b[0m\n'}
[0.099925] (-) TimerEvent: {}
[0.116486] (IASDK) StdoutLine: {'line': b'[ 25%] \x1b[32mBuilding CXX object protobuf/CMakeFiles/protobuf.dir/health.pb.cc.o\x1b[0m\n'}
[0.116726] (IASDK) StdoutLine: {'line': b'[ 27%] \x1b[32mBuilding CXX object protobuf/CMakeFiles/protobuf.dir/discovery.pb.cc.o\x1b[0m\n'}
[0.116894] (IASDK) StdoutLine: {'line': b'[ 27%] \x1b[32mBuilding CXX object protobuf/CMakeFiles/protobuf.dir/configurationdata.pb.cc.o\x1b[0m\n'}
[0.117143] (IASDK) StdoutLine: {'line': b'[ 30%] \x1b[32mBuilding CXX object protobuf/CMakeFiles/protobuf.dir/nvramcontents.pb.cc.o\x1b[0m\n'}
[0.117305] (IASDK) StdoutLine: {'line': b'[ 30%] \x1b[32mBuilding CXX object protobuf/CMakeFiles/protobuf.dir/networkinfo.pb.cc.o\x1b[0m\n'}
[0.117438] (IASDK) StdoutLine: {'line': b'[ 31%] \x1b[32mBuilding CXX object protobuf/CMakeFiles/protobuf.dir/healthinfo.pb.cc.o\x1b[0m\n'}
[0.118411] (IASDK) StdoutLine: {'line': b'[ 33%] \x1b[32mBuilding CXX object protobuf/CMakeFiles/protobuf.dir/softwareversions.pb.cc.o\x1b[0m\n'}
[0.121205] (IASDK) StdoutLine: {'line': b'[ 34%] \x1b[32mBuilding CXX object protobuf/CMakeFiles/protobuf.dir/radarmodel.pb.cc.o\x1b[0m\n'}
[0.200037] (-) TimerEvent: {}
[0.300284] (-) TimerEvent: {}
[0.343495] (nav_messages) StdoutLine: {'line': b'running egg_info\n'}
[0.343987] (nav_messages) StdoutLine: {'line': b'creating nav_messages.egg-info\n'}
[0.344149] (nav_messages) StdoutLine: {'line': b'writing nav_messages.egg-info/PKG-INFO\n'}
[0.344282] (nav_messages) StdoutLine: {'line': b'writing dependency_links to nav_messages.egg-info/dependency_links.txt\n'}
[0.344404] (nav_messages) StdoutLine: {'line': b'writing top-level names to nav_messages.egg-info/top_level.txt\n'}
[0.344567] (nav_messages) StdoutLine: {'line': b"writing manifest file 'nav_messages.egg-info/SOURCES.txt'\n"}
[0.346298] (nav_messages) StdoutLine: {'line': b"reading manifest file 'nav_messages.egg-info/SOURCES.txt'\n"}
[0.346673] (nav_messages) StdoutLine: {'line': b"writing manifest file 'nav_messages.egg-info/SOURCES.txt'\n"}
[0.367766] (nav_messages) StdoutLine: {'line': b'[  3%] Built target ament_cmake_python_build_nav_messages_egg\n'}
[0.400376] (-) TimerEvent: {}
[0.500671] (-) TimerEvent: {}
[0.600939] (-) TimerEvent: {}
[0.601614] (nav_messages) StdoutLine: {'line': b'[  3%] Built target nav_messages__rs\n'}
[0.682828] (nav_messages) StdoutLine: {'line': b'[  4%] \x1b[32mBuilding C object CMakeFiles/nav_messages__rosidl_generator_c.dir/rosidl_generator_c/nav_messages/msg/detail/radar_configuration_message__functions.c.o\x1b[0m\n'}
[0.685396] (nav_messages) StdoutLine: {'line': b'[  5%] \x1b[32mBuilding C object CMakeFiles/nav_messages__rosidl_generator_c.dir/rosidl_generator_c/nav_messages/msg/detail/radar_fft_data_message__functions.c.o\x1b[0m\n'}
[0.686912] (nav_messages) StdoutLine: {'line': b'[  6%] \x1b[32mBuilding C object CMakeFiles/nav_messages__rosidl_generator_c.dir/rosidl_generator_c/nav_messages/msg/detail/camera_configuration_message__functions.c.o\x1b[0m\n'}
[0.689972] (nav_messages) StdoutLine: {'line': b'[  6%] Built target nav_messages__cpp\n'}
[0.696630] (nav_messages) StdoutLine: {'line': b'[  7%] \x1b[34m\x1b[1mGenerating C++ type support for eProsima Fast-RTPS\x1b[0m\n'}
[0.699251] (nav_messages) StdoutLine: {'line': b'[  9%] \x1b[34m\x1b[1mGenerating C++ introspection for ROS interfaces\x1b[0m\n'}
[0.699476] (nav_messages) StdoutLine: {'line': b'[  9%] \x1b[34m\x1b[1mGenerating C++ type support dispatch for ROS interfaces\x1b[0m\n'}
[0.701021] (-) TimerEvent: {}
[0.736557] (nav_messages) StdoutLine: {'line': b'[ 10%] \x1b[32m\x1b[1mLinking C shared library libnav_messages__rosidl_generator_c.so\x1b[0m\n'}
[0.762644] (nav_messages) StdoutLine: {'line': b'[ 10%] Built target nav_messages__rosidl_generator_c\n'}
[0.769186] (nav_messages) StdoutLine: {'line': b'[ 11%] \x1b[34m\x1b[1mGenerating C type support for eProsima Fast-RTPS\x1b[0m\n'}
[0.769383] (nav_messages) StdoutLine: {'line': b'[ 12%] \x1b[34m\x1b[1mGenerating C type support dispatch for ROS interfaces\x1b[0m\n'}
[0.771283] (nav_messages) StdoutLine: {'line': b'[ 13%] \x1b[34m\x1b[1mGenerating C introspection for ROS interfaces\x1b[0m\n'}
[0.801110] (-) TimerEvent: {}
[0.901311] (-) TimerEvent: {}
[0.956793] (IASDK) StdoutLine: {'line': b'[ 36%] \x1b[32m\x1b[1mLinking CXX static library libutility.a\x1b[0m\n'}
[0.991379] (IASDK) StdoutLine: {'line': b'[ 36%] Built target utility\n'}
[1.001387] (-) TimerEvent: {}
[1.047853] (nav_messages) StdoutLine: {'line': b'[ 14%] \x1b[32mBuilding CXX object CMakeFiles/nav_messages__rosidl_typesupport_fastrtps_cpp.dir/rosidl_typesupport_fastrtps_cpp/nav_messages/msg/detail/dds_fastrtps/radar_configuration_message__type_support.cpp.o\x1b[0m\n'}
[1.048010] (nav_messages) StdoutLine: {'line': b'[ 16%] \x1b[32mBuilding CXX object CMakeFiles/nav_messages__rosidl_typesupport_fastrtps_cpp.dir/rosidl_typesupport_fastrtps_cpp/nav_messages/msg/detail/dds_fastrtps/camera_configuration_message__type_support.cpp.o\x1b[0m\n'}
[1.048073] (nav_messages) StdoutLine: {'line': b'[ 16%] \x1b[32mBuilding CXX object CMakeFiles/nav_messages__rosidl_typesupport_fastrtps_cpp.dir/rosidl_typesupport_fastrtps_cpp/nav_messages/msg/detail/dds_fastrtps/radar_fft_data_message__type_support.cpp.o\x1b[0m\n'}
[1.075910] (IASDK) StdoutLine: {'line': b'[ 37%] \x1b[32m\x1b[1mLinking CXX static library libprotobuf.a\x1b[0m\n'}
[1.087195] (nav_messages) StdoutLine: {'line': b'[ 18%] \x1b[32mBuilding CXX object CMakeFiles/nav_messages__rosidl_typesupport_c.dir/rosidl_typesupport_c/nav_messages/msg/radar_fft_data_message__type_support.cpp.o\x1b[0m\n'}
[1.087367] (nav_messages) StdoutLine: {'line': b'[ 19%] \x1b[32mBuilding CXX object CMakeFiles/nav_messages__rosidl_typesupport_c.dir/rosidl_typesupport_c/nav_messages/msg/radar_configuration_message__type_support.cpp.o\x1b[0m\n'}
[1.087431] (nav_messages) StdoutLine: {'line': b'[ 19%] \x1b[32mBuilding CXX object CMakeFiles/nav_messages__rosidl_typesupport_c.dir/rosidl_typesupport_c/nav_messages/msg/camera_configuration_message__type_support.cpp.o\x1b[0m\n'}
[1.101473] (-) TimerEvent: {}
[1.102120] (IASDK) StdoutLine: {'line': b'[ 37%] Built target protobuf\n'}
[1.102442] (nav_messages) StdoutLine: {'line': b'[ 20%] \x1b[32mBuilding CXX object CMakeFiles/nav_messages__rosidl_typesupport_fastrtps_c.dir/rosidl_typesupport_fastrtps_c/nav_messages/msg/detail/radar_configuration_message__type_support_c.cpp.o\x1b[0m\n'}
[1.102586] (nav_messages) StdoutLine: {'line': b'[ 21%] \x1b[32mBuilding CXX object CMakeFiles/nav_messages__rosidl_typesupport_fastrtps_c.dir/rosidl_typesupport_fastrtps_c/nav_messages/msg/detail/camera_configuration_message__type_support_c.cpp.o\x1b[0m\n'}
[1.105600] (nav_messages) StdoutLine: {'line': b'[ 21%] \x1b[32mBuilding CXX object CMakeFiles/nav_messages__rosidl_typesupport_fastrtps_c.dir/rosidl_typesupport_fastrtps_c/nav_messages/msg/detail/radar_fft_data_message__type_support_c.cpp.o\x1b[0m\n'}
[1.114448] (IASDK) StdoutLine: {'line': b'[ 38%] \x1b[32mBuilding CXX object navigation/CMakeFiles/navigation.dir/Peak_finder.cpp.o\x1b[0m\n'}
[1.114632] (nav_messages) StdoutLine: {'line': b'[ 22%] \x1b[32m\x1b[1mLinking CXX shared library libnav_messages__rosidl_typesupport_c.so\x1b[0m\n'}
[1.115742] (IASDK) StdoutLine: {'line': b'[ 40%] \x1b[32mBuilding CXX object navigation/CMakeFiles/navigation.dir/Sector_blanking.cpp.o\x1b[0m\n'}
[1.130776] (nav_messages) StdoutLine: {'line': b'[ 23%] \x1b[32mBuilding C object CMakeFiles/nav_messages__rosidl_typesupport_introspection_c.dir/rosidl_typesupport_introspection_c/nav_messages/msg/detail/radar_fft_data_message__type_support.c.o\x1b[0m\n'}
[1.132152] (nav_messages) StdoutLine: {'line': b'[ 24%] \x1b[32mBuilding C object CMakeFiles/nav_messages__rosidl_typesupport_introspection_c.dir/rosidl_typesupport_introspection_c/nav_messages/msg/detail/radar_configuration_message__type_support.c.o\x1b[0m\n'}
[1.132908] (nav_messages) StdoutLine: {'line': b'[ 25%] \x1b[32mBuilding C object CMakeFiles/nav_messages__rosidl_typesupport_introspection_c.dir/rosidl_typesupport_introspection_c/nav_messages/msg/detail/camera_configuration_message__type_support.c.o\x1b[0m\n'}
[1.133503] (nav_messages) StdoutLine: {'line': b'[ 26%] \x1b[32mBuilding CXX object CMakeFiles/nav_messages__rosidl_typesupport_cpp.dir/rosidl_typesupport_cpp/nav_messages/msg/radar_configuration_message__type_support.cpp.o\x1b[0m\n'}
[1.134384] (nav_messages) StdoutLine: {'line': b'[ 27%] \x1b[32mBuilding CXX object CMakeFiles/nav_messages__rosidl_typesupport_cpp.dir/rosidl_typesupport_cpp/nav_messages/msg/camera_configuration_message__type_support.cpp.o\x1b[0m\n'}
[1.134804] (nav_messages) StdoutLine: {'line': b'[ 28%] \x1b[32mBuilding CXX object CMakeFiles/nav_messages__rosidl_typesupport_cpp.dir/rosidl_typesupport_cpp/nav_messages/msg/radar_fft_data_message__type_support.cpp.o\x1b[0m\n'}
[1.144090] (nav_messages) StdoutLine: {'line': b'[ 28%] Built target nav_messages__rosidl_typesupport_c\n'}
[1.163473] (nav_messages) StdoutLine: {'line': b'[ 31%] \x1b[32mBuilding C object CMakeFiles/nav_messages_radar_fft_data_message__rosidl_typesupport_c.dir/rosidl_generator_cs/nav_messages/msg/radar_fft_data_message.ep.rosidl_typesupport_c.c.o\x1b[0m\n'}
[1.163650] (nav_messages) StdoutLine: {'line': b'[ 30%] \x1b[32mBuilding C object CMakeFiles/nav_messages_radar_fft_data_message__rosidl_typesupport_c.dir/rosidl_generator_cs/nav_messages/msg/radar_fft_data_message_s.c.o\x1b[0m\n'}
[1.163719] (nav_messages) StdoutLine: {'line': b'[ 31%] \x1b[32mBuilding C object CMakeFiles/nav_messages_radar_fft_data_message__rosidl_typesupport_c.dir/rosidl_generator_cs/nav_messages/msg/radar_configuration_message_s.c.o\x1b[0m\n'}
[1.163776] (nav_messages) StdoutLine: {'line': b'[ 32%] \x1b[32mBuilding C object CMakeFiles/nav_messages_camera_configuration_message__rosidl_typesupport_c.dir/rosidl_generator_cs/nav_messages/msg/camera_configuration_message.ep.rosidl_typesupport_c.c.o\x1b[0m\n'}
[1.163830] (nav_messages) StdoutLine: {'line': b'[ 32%] \x1b[32mBuilding C object CMakeFiles/nav_messages_camera_configuration_message__rosidl_typesupport_c.dir/rosidl_generator_cs/nav_messages/msg/radar_configuration_message_s.c.o\x1b[0m\n'}
[1.163883] (nav_messages) StdoutLine: {'line': b'[ 33%] \x1b[32mBuilding C object CMakeFiles/nav_messages_radar_fft_data_message__rosidl_typesupport_c.dir/rosidl_generator_cs/nav_messages/msg/camera_configuration_message_s.c.o\x1b[0m\n'}
[1.166442] (nav_messages) StdoutLine: {'line': b'[ 34%] \x1b[32mBuilding C object CMakeFiles/nav_messages_radar_configuration_message__rosidl_typesupport_c.dir/rosidl_generator_cs/nav_messages/msg/radar_configuration_message_s.c.o\x1b[0m\n'}
[1.166631] (nav_messages) StdoutLine: {'line': b'[ 35%] \x1b[32mBuilding C object CMakeFiles/nav_messages_radar_configuration_message__rosidl_typesupport_c.dir/rosidl_generator_cs/nav_messages/msg/radar_fft_data_message_s.c.o\x1b[0m\n'}
[1.166728] (nav_messages) StdoutLine: {'line': b'[ 36%] \x1b[32mBuilding C object CMakeFiles/nav_messages_radar_configuration_message__rosidl_typesupport_c.dir/rosidl_generator_cs/nav_messages/msg/radar_configuration_message.ep.rosidl_typesupport_c.c.o\x1b[0m\n'}
[1.174390] (nav_messages) StdoutLine: {'line': b'[ 37%] \x1b[32mBuilding C object CMakeFiles/nav_messages_camera_configuration_message__rosidl_typesupport_c.dir/rosidl_generator_cs/nav_messages/msg/radar_fft_data_message_s.c.o\x1b[0m\n'}
[1.174562] (nav_messages) StdoutLine: {'line': b'[ 37%] Built target nav_messages__cs\n'}
[1.174630] (nav_messages) StdoutLine: {'line': b'[ 38%] \x1b[32mBuilding C object CMakeFiles/nav_messages_radar_configuration_message__rosidl_typesupport_c.dir/rosidl_generator_cs/nav_messages/msg/camera_configuration_message_s.c.o\x1b[0m\n'}
[1.180737] (nav_messages) StdoutLine: {'line': b'[ 39%] \x1b[32mBuilding CXX object CMakeFiles/nav_messages__rosidl_typesupport_introspection_cpp.dir/rosidl_typesupport_introspection_cpp/nav_messages/msg/detail/radar_configuration_message__type_support.cpp.o\x1b[0m\n'}
[1.184617] (nav_messages) StdoutLine: {'line': b'[ 40%] \x1b[32mBuilding CXX object CMakeFiles/nav_messages__rosidl_typesupport_introspection_cpp.dir/rosidl_typesupport_introspection_cpp/nav_messages/msg/detail/radar_fft_data_message__type_support.cpp.o\x1b[0m\n'}
[1.188844] (nav_messages) StdoutLine: {'line': b'[ 41%] \x1b[34m\x1b[1m/usr/bin/cmake;-version;/usr/bin/dotnet restore nav_messages_assembly_dotnetcore.csproj;          /usr/bin/dotnet build nav_messages_assembly_dotnetcore.csproj -> /home/ros2/tower_ws/build/nav_messages/nav_messages_assembly\x1b[0m\n'}
[1.190690] (nav_messages) StdoutLine: {'line': b'[ 42%] \x1b[32m\x1b[1mLinking C shared library libnav_messages__rosidl_typesupport_introspection_c.so\x1b[0m\n'}
[1.200054] (nav_messages) StdoutLine: {'line': b'[ 43%] \x1b[32mBuilding C object CMakeFiles/nav_messages_camera_configuration_message__rosidl_typesupport_c.dir/rosidl_generator_cs/nav_messages/msg/camera_configuration_message_s.c.o\x1b[0m\n'}
[1.201577] (-) TimerEvent: {}
[1.203401] (nav_messages) StdoutLine: {'line': b'[ 44%] \x1b[32mBuilding CXX object CMakeFiles/nav_messages__rosidl_typesupport_introspection_cpp.dir/rosidl_typesupport_introspection_cpp/nav_messages/msg/detail/camera_configuration_message__type_support.cpp.o\x1b[0m\n'}
[1.210414] (nav_messages) StdoutLine: {'line': b'[ 45%] \x1b[32m\x1b[1mLinking C shared library rosidl_generator_cs/nav_messages/msg/libnav_messages_radar_fft_data_message__rosidl_typesupport_c_native.so\x1b[0m\n'}
[1.217706] (nav_messages) StdoutLine: {'line': b'[ 46%] \x1b[32m\x1b[1mLinking C shared library rosidl_generator_cs/nav_messages/msg/libnav_messages_radar_configuration_message__rosidl_typesupport_c_native.so\x1b[0m\n'}
[1.221652] (nav_messages) StdoutLine: {'line': b'[ 46%] Built target nav_messages__rosidl_typesupport_introspection_c\n'}
[1.223134] (nav_messages) StdoutLine: {'line': b'cmake version 3.22.1\n'}
[1.223277] (nav_messages) StdoutLine: {'line': b'\n'}
[1.223365] (nav_messages) StdoutLine: {'line': b'CMake suite maintained and supported by Kitware (kitware.com/cmake).\n'}
[1.240408] (nav_messages) StdoutLine: {'line': b'[ 49%] \x1b[32mBuilding C object CMakeFiles/nav_messages_radar_configuration_message__rosidl_typesupport_introspection_c.dir/rosidl_generator_cs/nav_messages/msg/radar_fft_data_message_s.c.o\x1b[0m\n'}
[1.240554] (nav_messages) StdoutLine: {'line': b'[ 49%] \x1b[32mBuilding C object CMakeFiles/nav_messages_camera_configuration_message__rosidl_typesupport_introspection_c.dir/rosidl_generator_cs/nav_messages/msg/radar_configuration_message_s.c.o\x1b[0m\n'}
[1.240595] (nav_messages) StdoutLine: {'line': b'[ 49%] \x1b[32mBuilding C object CMakeFiles/nav_messages_camera_configuration_message__rosidl_typesupport_introspection_c.dir/rosidl_generator_cs/nav_messages/msg/camera_configuration_message.ep.rosidl_typesupport_introspection_c.c.o\x1b[0m\n'}
[1.240755] (nav_messages) StdoutLine: {'line': b'[ 50%] \x1b[32mBuilding C object CMakeFiles/nav_messages_radar_fft_data_message__rosidl_typesupport_introspection_c.dir/rosidl_generator_cs/nav_messages/msg/radar_fft_data_message.ep.rosidl_typesupport_introspection_c.c.o\x1b[0m\n'}
[1.240977] (nav_messages) StdoutLine: {'line': b'[ 51%] \x1b[32mBuilding C object CMakeFiles/nav_messages_camera_configuration_message__rosidl_typesupport_introspection_c.dir/rosidl_generator_cs/nav_messages/msg/radar_fft_data_message_s.c.o\x1b[0m\n'}
[1.241114] (nav_messages) StdoutLine: {'line': b'[ 52%] \x1b[32mBuilding C object CMakeFiles/nav_messages_radar_configuration_message__rosidl_typesupport_introspection_c.dir/rosidl_generator_cs/nav_messages/msg/camera_configuration_message_s.c.o\x1b[0m\n'}
[1.242649] (nav_messages) StdoutLine: {'line': b'[ 53%] \x1b[32mBuilding C object CMakeFiles/nav_messages_radar_configuration_message__rosidl_typesupport_introspection_c.dir/rosidl_generator_cs/nav_messages/msg/radar_configuration_message.ep.rosidl_typesupport_introspection_c.c.o\x1b[0m\n'}
[1.244104] (nav_messages) StdoutLine: {'line': b'[ 54%] \x1b[32mBuilding C object CMakeFiles/nav_messages_radar_configuration_message__rosidl_typesupport_introspection_c.dir/rosidl_generator_cs/nav_messages/msg/radar_configuration_message_s.c.o\x1b[0m\n'}
[1.251532] (nav_messages) StdoutLine: {'line': b'[ 55%] \x1b[32m\x1b[1mLinking C shared library rosidl_generator_cs/nav_messages/msg/libnav_messages_camera_configuration_message__rosidl_typesupport_c_native.so\x1b[0m\n'}
[1.259516] (nav_messages) StdoutLine: {'line': b'[ 56%] Built target nav_messages_radar_fft_data_message__rosidl_typesupport_c\n'}
[1.270506] (nav_messages) StdoutLine: {'line': b'[ 57%] \x1b[32mBuilding C object CMakeFiles/nav_messages_camera_configuration_message__rosidl_typesupport_introspection_c.dir/rosidl_generator_cs/nav_messages/msg/camera_configuration_message_s.c.o\x1b[0m\n'}
[1.271424] (nav_messages) StdoutLine: {'line': b'[ 58%] Built target nav_messages_radar_configuration_message__rosidl_typesupport_c\n'}
[1.276024] (nav_messages) StdoutLine: {'line': b'[ 59%] \x1b[32mBuilding C object CMakeFiles/nav_messages_radar_fft_data_message__rosidl_typesupport_introspection_c.dir/rosidl_generator_cs/nav_messages/msg/radar_configuration_message_s.c.o\x1b[0m\n'}
[1.279582] (nav_messages) StdoutLine: {'line': b'[ 60%] \x1b[32mBuilding C object CMakeFiles/nav_messages_radar_fft_data_message__rosidl_typesupport_introspection_c.dir/rosidl_generator_cs/nav_messages/msg/radar_fft_data_message_s.c.o\x1b[0m\n'}
[1.279807] (nav_messages) StdoutLine: {'line': b'[ 61%] \x1b[32mBuilding C object CMakeFiles/nav_messages_radar_fft_data_message__rosidl_typesupport_introspection_c.dir/rosidl_generator_cs/nav_messages/msg/camera_configuration_message_s.c.o\x1b[0m\n'}
[1.292192] (nav_messages) StdoutLine: {'line': b'[ 62%] Built target nav_messages_camera_configuration_message__rosidl_typesupport_c\n'}
[1.301703] (-) TimerEvent: {}
[1.303419] (nav_messages) StdoutLine: {'line': b'[ 63%] \x1b[32m\x1b[1mLinking C shared library rosidl_generator_cs/nav_messages/msg/libnav_messages_radar_configuration_message__rosidl_typesupport_introspection_c_native.so\x1b[0m\n'}
[1.310624] (nav_messages) StdoutLine: {'line': b'[ 64%] \x1b[32m\x1b[1mLinking C shared library rosidl_generator_cs/nav_messages/msg/libnav_messages_camera_configuration_message__rosidl_typesupport_introspection_c_native.so\x1b[0m\n'}
[1.323352] (nav_messages) StdoutLine: {'line': b'[ 65%] \x1b[32m\x1b[1mLinking C shared library rosidl_generator_cs/nav_messages/msg/libnav_messages_radar_fft_data_message__rosidl_typesupport_introspection_c_native.so\x1b[0m\n'}
[1.330480] (nav_messages) StdoutLine: {'line': b'[ 66%] Built target nav_messages_radar_configuration_message__rosidl_typesupport_introspection_c\n'}
[1.348532] (nav_messages) StdoutLine: {'line': b'[ 67%] Built target nav_messages_camera_configuration_message__rosidl_typesupport_introspection_c\n'}
[1.350017] (nav_messages) StdoutLine: {'line': b'[ 68%] Built target nav_messages_radar_fft_data_message__rosidl_typesupport_introspection_c\n'}
[1.389049] (nav_messages) StdoutLine: {'line': b'\x1b[?1h\x1b=[ 69%] \x1b[32m\x1b[1mLinking CXX shared library libnav_messages__rosidl_typesupport_cpp.so\x1b[0m\n'}
[1.401807] (-) TimerEvent: {}
[1.423534] (nav_messages) StdoutLine: {'line': b'[ 69%] Built target nav_messages__rosidl_typesupport_cpp\n'}
[1.445953] (nav_messages) StdoutLine: {'line': b'[ 70%] \x1b[32m\x1b[1mLinking CXX shared library libnav_messages__rosidl_typesupport_fastrtps_c.so\x1b[0m\n'}
[1.501918] (-) TimerEvent: {}
[1.506785] (nav_messages) StdoutLine: {'line': b'[ 71%] \x1b[32m\x1b[1mLinking CXX shared library libnav_messages__rosidl_typesupport_fastrtps_cpp.so\x1b[0m\n'}
[1.527905] (nav_messages) StdoutLine: {'line': b'[ 71%] Built target nav_messages__rosidl_typesupport_fastrtps_c\n'}
[1.539578] (nav_messages) StdoutLine: {'line': b'[ 72%] \x1b[32m\x1b[1mLinking CXX shared library libnav_messages__rosidl_typesupport_introspection_cpp.so\x1b[0m\n'}
[1.544713] (nav_messages) StdoutLine: {'line': b'[ 75%] \x1b[32mBuilding C object CMakeFiles/nav_messages_camera_configuration_message__rosidl_typesupport_fastrtps_c.dir/rosidl_generator_cs/nav_messages/msg/radar_fft_data_message_s.c.o\x1b[0m\n'}
[1.544928] (nav_messages) StdoutLine: {'line': b'[ 75%] \x1b[32mBuilding C object CMakeFiles/nav_messages_radar_configuration_message__rosidl_typesupport_fastrtps_c.dir/rosidl_generator_cs/nav_messages/msg/radar_configuration_message_s.c.o\x1b[0m\n'}
[1.545027] (nav_messages) StdoutLine: {'line': b'[ 75%] \x1b[32mBuilding C object CMakeFiles/nav_messages_camera_configuration_message__rosidl_typesupport_fastrtps_c.dir/rosidl_generator_cs/nav_messages/msg/camera_configuration_message.ep.rosidl_typesupport_fastrtps_c.c.o\x1b[0m\n'}
[1.545110] (nav_messages) StdoutLine: {'line': b'[ 76%] \x1b[32mBuilding C object CMakeFiles/nav_messages_radar_fft_data_message__rosidl_typesupport_fastrtps_c.dir/rosidl_generator_cs/nav_messages/msg/radar_fft_data_message_s.c.o\x1b[0m\n'}
[1.545408] (nav_messages) StdoutLine: {'line': b'[ 77%] \x1b[32mBuilding C object CMakeFiles/nav_messages_camera_configuration_message__rosidl_typesupport_fastrtps_c.dir/rosidl_generator_cs/nav_messages/msg/radar_configuration_message_s.c.o\x1b[0m\n'}
[1.546426] (nav_messages) StdoutLine: {'line': b'[ 78%] \x1b[32mBuilding C object CMakeFiles/nav_messages_radar_configuration_message__rosidl_typesupport_fastrtps_c.dir/rosidl_generator_cs/nav_messages/msg/radar_configuration_message.ep.rosidl_typesupport_fastrtps_c.c.o\x1b[0m\n'}
[1.546562] (nav_messages) StdoutLine: {'line': b'[ 79%] \x1b[32mBuilding C object CMakeFiles/nav_messages_radar_fft_data_message__rosidl_typesupport_fastrtps_c.dir/rosidl_generator_cs/nav_messages/msg/camera_configuration_message_s.c.o\x1b[0m\n'}
[1.546655] (nav_messages) StdoutLine: {'line': b'[ 81%] \x1b[32mBuilding C object CMakeFiles/nav_messages_camera_configuration_message__rosidl_typesupport_fastrtps_c.dir/rosidl_generator_cs/nav_messages/msg/camera_configuration_message_s.c.o\x1b[0m\n'}
[1.546733] (nav_messages) StdoutLine: {'line': b'[ 81%] \x1b[32mBuilding C object CMakeFiles/nav_messages_radar_fft_data_message__rosidl_typesupport_fastrtps_c.dir/rosidl_generator_cs/nav_messages/msg/radar_fft_data_message.ep.rosidl_typesupport_fastrtps_c.c.o\x1b[0m\n'}
[1.546805] (nav_messages) StdoutLine: {'line': b'[ 82%] \x1b[32mBuilding C object CMakeFiles/nav_messages_radar_configuration_message__rosidl_typesupport_fastrtps_c.dir/rosidl_generator_cs/nav_messages/msg/radar_fft_data_message_s.c.o\x1b[0m\n'}
[1.547170] (nav_messages) StdoutLine: {'line': b'[ 82%] \x1b[32mBuilding C object CMakeFiles/nav_messages_radar_configuration_message__rosidl_typesupport_fastrtps_c.dir/rosidl_generator_cs/nav_messages/msg/camera_configuration_message_s.c.o\x1b[0m\n'}
[1.547527] (nav_messages) StdoutLine: {'line': b'[ 83%] \x1b[32mBuilding C object CMakeFiles/nav_messages_radar_fft_data_message__rosidl_typesupport_fastrtps_c.dir/rosidl_generator_cs/nav_messages/msg/radar_configuration_message_s.c.o\x1b[0m\n'}
[1.561453] (nav_messages) StdoutLine: {'line': b'[ 83%] Built target nav_messages__rosidl_typesupport_fastrtps_cpp\n'}
[1.583423] (nav_messages) StdoutLine: {'line': b'[ 84%] \x1b[32m\x1b[1mLinking C shared library rosidl_generator_cs/nav_messages/msg/libnav_messages_radar_fft_data_message__rosidl_typesupport_fastrtps_c_native.so\x1b[0m\n'}
[1.587975] (nav_messages) StdoutLine: {'line': b'[ 86%] \x1b[32m\x1b[1mLinking C shared library rosidl_generator_cs/nav_messages/msg/libnav_messages_radar_configuration_message__rosidl_typesupport_fastrtps_c_native.so\x1b[0m\n'}
[1.588138] (nav_messages) StdoutLine: {'line': b'[ 86%] \x1b[32m\x1b[1mLinking C shared library rosidl_generator_cs/nav_messages/msg/libnav_messages_camera_configuration_message__rosidl_typesupport_fastrtps_c_native.so\x1b[0m\n'}
[1.602014] (-) TimerEvent: {}
[1.614710] (nav_messages) StdoutLine: {'line': b'[ 87%] Built target nav_messages_radar_fft_data_message__rosidl_typesupport_fastrtps_c\n'}
[1.616163] (nav_messages) StdoutLine: {'line': b'[ 88%] Built target nav_messages_camera_configuration_message__rosidl_typesupport_fastrtps_c\n'}
[1.619304] (nav_messages) StdoutLine: {'line': b'[ 89%] Built target nav_messages_radar_configuration_message__rosidl_typesupport_fastrtps_c\n'}
[1.620374] (nav_messages) StdoutLine: {'line': b'[ 89%] Built target nav_messages__rosidl_typesupport_introspection_cpp\n'}
[1.636533] (nav_messages) StdoutLine: {'line': b'[ 89%] Built target nav_messages\n'}
[1.650983] (nav_messages) StdoutLine: {'line': b'[ 90%] \x1b[34m\x1b[1mGenerating Python code for ROS interfaces\x1b[0m\n'}
[1.702168] (-) TimerEvent: {}
[1.761982] (nav_messages) StdoutLine: {'line': b'  Determining projects to restore...\n'}
[1.802251] (-) TimerEvent: {}
[1.896127] (IASDK) StdoutLine: {'line': b'[ 41%] \x1b[32m\x1b[1mLinking CXX static library libnavigation.a\x1b[0m\n'}
[1.902433] (-) TimerEvent: {}
[1.921342] (IASDK) StdoutLine: {'line': b'[ 41%] Built target navigation\n'}
[1.937294] (IASDK) StdoutLine: {'line': b'[ 43%] \x1b[32mBuilding CXX object network/CMakeFiles/networking.dir/core/utility/net_conversion.cpp.o\x1b[0m\n'}
[1.938490] (IASDK) StdoutLine: {'line': b'[ 44%] \x1b[32mBuilding CXX object network/CMakeFiles/networking.dir/core/socket/TCP_socket.cpp.o\x1b[0m\n'}
[1.938664] (IASDK) StdoutLine: {'line': b'[ 45%] \x1b[32mBuilding CXX object network/CMakeFiles/networking.dir/core/utility/MAC_address.cpp.o\x1b[0m\n'}
[1.938726] (IASDK) StdoutLine: {'line': b'[ 47%] \x1b[32mBuilding CXX object network/CMakeFiles/networking.dir/core/utility/IP_address.cpp.o\x1b[0m\n'}
[1.938778] (IASDK) StdoutLine: {'line': b'[ 48%] \x1b[32mBuilding CXX object network/CMakeFiles/networking.dir/protocol/CAT_240/client/Cat240_client.cpp.o\x1b[0m\n'}
[1.938827] (IASDK) StdoutLine: {'line': b'[ 50%] \x1b[32mBuilding CXX object network/CMakeFiles/networking.dir/core/socket/Socket.cpp.o\x1b[0m\n'}
[1.938876] (IASDK) StdoutLine: {'line': b'[ 51%] \x1b[32mBuilding CXX object network/CMakeFiles/networking.dir/core/socket/UDP_socket.cpp.o\x1b[0m\n'}
[1.939010] (IASDK) StdoutLine: {'line': b'[ 52%] \x1b[32mBuilding CXX object network/CMakeFiles/networking.dir/protocol/CAT_240/protocol/Cat240_message.cpp.o\x1b[0m\n'}
[1.939210] (IASDK) StdoutLine: {'line': b'[ 55%] \x1b[32mBuilding CXX object network/CMakeFiles/networking.dir/protocol/Colossus/client/Colossus_client.cpp.o\x1b[0m\n'}
[1.939326] (IASDK) StdoutLine: {'line': b'[ 55%] \x1b[32mBuilding CXX object network/CMakeFiles/networking.dir/protocol/CAT_240/server/Cat240_server.cpp.o\x1b[0m\n'}
[1.940038] (IASDK) StdoutLine: {'line': b'[ 58%] \x1b[32mBuilding CXX object network/CMakeFiles/networking.dir/protocol/Colossus/test/Colossus_test.cpp.o\x1b[0m\n'}
[1.940175] (IASDK) StdoutLine: {'line': b'[ 58%] \x1b[32mBuilding CXX object network/CMakeFiles/networking.dir/protocol/CAT_240/event_handling/Cat240_events.cpp.o\x1b[0m\n'}
[1.940363] (IASDK) StdoutLine: {'line': b'[ 61%] \x1b[32mBuilding CXX object network/CMakeFiles/networking.dir/protocol/Colossus/server/Colossus_server.cpp.o\x1b[0m\n'}
[1.940489] (IASDK) StdoutLine: {'line': b'[ 61%] \x1b[32mBuilding CXX object network/CMakeFiles/networking.dir/protocol/Colossus/event_handling/Colossus_events.cpp.o\x1b[0m\n'}
[1.940617] (IASDK) StdoutLine: {'line': b'[ 62%] \x1b[32mBuilding CXX object network/CMakeFiles/networking.dir/protocol/Colossus/test/Colossus_test_runner.cpp.o\x1b[0m\n'}
[1.940696] (IASDK) StdoutLine: {'line': b'[ 65%] \x1b[32mBuilding CXX object network/CMakeFiles/networking.dir/protocol/Colossus_UDP/client/Colossus_UDP_client.cpp.o\x1b[0m\n'}
[1.940767] (IASDK) StdoutLine: {'line': b'[ 65%] \x1b[32mBuilding CXX object network/CMakeFiles/networking.dir/protocol/Colossus/protocol/Colossus_network_message.cpp.o\x1b[0m\n'}
[1.940872] (IASDK) StdoutLine: {'line': b'[ 66%] \x1b[32mBuilding CXX object network/CMakeFiles/networking.dir/protocol/Colossus_UDP/event_handling/Colossus_UDP_events.cpp.o\x1b[0m\n'}
[1.940969] (IASDK) StdoutLine: {'line': b'[ 68%] \x1b[32mBuilding CXX object network/CMakeFiles/networking.dir/protocol/NMEA/protocol/NMEA_message.cpp.o\x1b[0m\n'}
[1.941486] (IASDK) StdoutLine: {'line': b'[ 69%] \x1b[32mBuilding CXX object network/CMakeFiles/networking.dir/protocol/Colossus/test/Colossus_test_cases.cpp.o\x1b[0m\n'}
[1.941858] (IASDK) StdoutLine: {'line': b'[ 70%] \x1b[32mBuilding CXX object network/CMakeFiles/networking.dir/protocol/Colossus_UDP/protocol/Colossus_UDP_network_message.cpp.o\x1b[0m\n'}
[1.943402] (IASDK) StdoutLine: {'line': b'[ 72%] \x1b[32mBuilding CXX object network/CMakeFiles/networking.dir/protocol/NMEA/protocol/NMEA_parser.cpp.o\x1b[0m\n'}
[1.944117] (IASDK) StdoutLine: {'line': b'[ 73%] \x1b[32mBuilding CXX object network/CMakeFiles/networking.dir/protocol/NMEA/client/NMEA_client.cpp.o\x1b[0m\n'}
[1.944230] (IASDK) StdoutLine: {'line': b'[ 75%] \x1b[32mBuilding CXX object network/CMakeFiles/networking.dir/protocol/NMEA/server/NMEA_server.cpp.o\x1b[0m\n'}
[1.979576] (nav_messages) StdoutLine: {'line': b'  Restored /home/ros2/tower_ws/build/nav_messages/nav_messages_assembly/nav_messages_assembly_dotnetcore.csproj (in 117 ms).\n'}
[2.002540] (-) TimerEvent: {}
[2.099393] (IASDK) StdoutLine: {'line': b'[ 76%] \x1b[32mBuilding CXX object network/CMakeFiles/networking.dir/protocol/NMEA/event_handling/NMEA_events.cpp.o\x1b[0m\n'}
[2.102638] (-) TimerEvent: {}
[2.202931] (-) TimerEvent: {}
[2.303237] (-) TimerEvent: {}
[2.375644] (nav_messages) StdoutLine: {'line': b'\x1b[?1h\x1b=Microsoft (R) Build Engine version 17.0.4+85d71072f for .NET\n'}
[2.375891] (nav_messages) StdoutLine: {'line': b'Copyright (C) Microsoft Corporation. All rights reserved.\n'}
[2.376034] (nav_messages) StdoutLine: {'line': b'\n'}
[2.403328] (-) TimerEvent: {}
[2.486408] (nav_messages) StdoutLine: {'line': b'[ 90%] Built target nav_messages__py\n'}
[2.504436] (-) TimerEvent: {}
[2.512349] (nav_messages) StdoutLine: {'line': b'[ 91%] \x1b[32mBuilding C object CMakeFiles/nav_messages__rosidl_generator_py.dir/rosidl_generator_py/nav_messages/msg/_radar_configuration_message_s.c.o\x1b[0m\n'}
[2.524284] (nav_messages) StdoutLine: {'line': b'[ 92%] \x1b[32mBuilding C object CMakeFiles/nav_messages__rosidl_generator_py.dir/rosidl_generator_py/nav_messages/msg/_radar_fft_data_message_s.c.o\x1b[0m\n'}
[2.524530] (nav_messages) StdoutLine: {'line': b'[ 93%] \x1b[32mBuilding C object CMakeFiles/nav_messages__rosidl_generator_py.dir/rosidl_generator_py/nav_messages/msg/_camera_configuration_message_s.c.o\x1b[0m\n'}
[2.604561] (-) TimerEvent: {}
[2.704918] (-) TimerEvent: {}
[2.711188] (nav_messages) StdoutLine: {'line': b'[ 94%] \x1b[32m\x1b[1mLinking C shared library rosidl_generator_py/nav_messages/libnav_messages__rosidl_generator_py.so\x1b[0m\n'}
[2.756187] (nav_messages) StdoutLine: {'line': b'[ 94%] Built target nav_messages__rosidl_generator_py\n'}
[2.774273] (nav_messages) StdoutLine: {'line': b'[ 95%] \x1b[32mBuilding C object CMakeFiles/nav_messages__rosidl_typesupport_fastrtps_c__pyext.dir/rosidl_generator_py/nav_messages/_nav_messages_s.ep.rosidl_typesupport_fastrtps_c.c.o\x1b[0m\n'}
[2.774461] (nav_messages) StdoutLine: {'line': b'[ 96%] \x1b[32mBuilding C object CMakeFiles/nav_messages__rosidl_typesupport_introspection_c__pyext.dir/rosidl_generator_py/nav_messages/_nav_messages_s.ep.rosidl_typesupport_introspection_c.c.o\x1b[0m\n'}
[2.777304] (nav_messages) StdoutLine: {'line': b'[ 97%] \x1b[32mBuilding C object CMakeFiles/nav_messages__rosidl_typesupport_c__pyext.dir/rosidl_generator_py/nav_messages/_nav_messages_s.ep.rosidl_typesupport_c.c.o\x1b[0m\n'}
[2.805032] (-) TimerEvent: {}
[2.879503] (nav_messages) StdoutLine: {'line': b'[ 98%] \x1b[32m\x1b[1mLinking C shared library rosidl_generator_py/nav_messages/nav_messages_s__rosidl_typesupport_fastrtps_c.cpython-310-x86_64-linux-gnu.so\x1b[0m\n'}
[2.880539] (nav_messages) StdoutLine: {'line': b'[ 99%] \x1b[32m\x1b[1mLinking C shared library rosidl_generator_py/nav_messages/nav_messages_s__rosidl_typesupport_introspection_c.cpython-310-x86_64-linux-gnu.so\x1b[0m\n'}
[2.886828] (nav_messages) StdoutLine: {'line': b'[100%] \x1b[32m\x1b[1mLinking C shared library rosidl_generator_py/nav_messages/nav_messages_s__rosidl_typesupport_c.cpython-310-x86_64-linux-gnu.so\x1b[0m\n'}
[2.905054] (nav_messages) StdoutLine: {'line': b'[100%] Built target nav_messages__rosidl_typesupport_fastrtps_c__pyext\n'}
[2.905255] (-) TimerEvent: {}
[2.914682] (nav_messages) StdoutLine: {'line': b'[100%] Built target nav_messages__rosidl_typesupport_introspection_c__pyext\n'}
[2.926711] (nav_messages) StdoutLine: {'line': b'[100%] Built target nav_messages__rosidl_typesupport_c__pyext\n'}
[2.992793] (nav_messages) StdoutLine: {'line': b'  Determining projects to restore...\n'}
[3.005400] (-) TimerEvent: {}
[3.105709] (-) TimerEvent: {}
[3.206025] (-) TimerEvent: {}
[3.207889] (nav_messages) StdoutLine: {'line': b'  All projects are up-to-date for restore.\n'}
[3.306122] (-) TimerEvent: {}
[3.406400] (-) TimerEvent: {}
[3.506664] (-) TimerEvent: {}
[3.606929] (-) TimerEvent: {}
[3.707203] (-) TimerEvent: {}
[3.807512] (-) TimerEvent: {}
[3.875938] (IASDK) StdoutLine: {'line': b'[ 77%] \x1b[32m\x1b[1mLinking CXX static library libnetworking.a\x1b[0m\n'}
[3.907610] (-) TimerEvent: {}
[3.966039] (IASDK) StdoutLine: {'line': b'[ 77%] Built target networking\n'}
[3.978115] (IASDK) StdoutLine: {'line': b'[ 80%] \x1b[32mBuilding CXX object CMakeFiles/colossus_relay.dir/relay_main.cpp.o\x1b[0m\n'}
[3.978360] (IASDK) StdoutLine: {'line': b'[ 80%] \x1b[32mBuilding CXX object CMakeFiles/connection_tester.dir/connection_tester.cpp.o\x1b[0m\n'}
[3.978453] (IASDK) StdoutLine: {'line': b'[ 81%] \x1b[32mBuilding CXX object CMakeFiles/nmea_server.dir/NMEA_server_main.cpp.o\x1b[0m\n'}
[3.979521] (IASDK) StdoutLine: {'line': b'[ 83%] \x1b[32mBuilding CXX object CMakeFiles/nmea_client.dir/NMEA_client_main.cpp.o\x1b[0m\n'}
[3.980521] (IASDK) StdoutLine: {'line': b'[ 84%] \x1b[32mBuilding CXX object CMakeFiles/colossus_client.dir/Colossus_client_main.cpp.o\x1b[0m\n'}
[3.981862] (IASDK) StdoutLine: {'line': b'[ 86%] \x1b[32mBuilding CXX object CMakeFiles/colossus_udp_client.dir/Colossus_udp_client_main.cpp.o\x1b[0m\n'}
[3.982009] (IASDK) StdoutLine: {'line': b'[ 87%] \x1b[32mBuilding CXX object CMakeFiles/cat240_client.dir/Cat240_client_main.cpp.o\x1b[0m\n'}
[3.982393] (IASDK) StdoutLine: {'line': b'[ 88%] \x1b[32mBuilding CXX object CMakeFiles/navigation_client.dir/navigation_main.cpp.o\x1b[0m\n'}
[4.007739] (-) TimerEvent: {}
[4.108044] (-) TimerEvent: {}
[4.208342] (-) TimerEvent: {}
[4.308735] (-) TimerEvent: {}
[4.313525] (nav_messages) StdoutLine: {'line': b'  nav_messages_assembly_dotnetcore -> /home/ros2/tower_ws/build/nav_messages/netstandard2.0/nav_messages_assembly.dll\n'}
[4.319173] (nav_messages) StdoutLine: {'line': b'\x1b[39;49m\x1b[92m\n'}
[4.319353] (nav_messages) StdoutLine: {'line': b'Build succeeded.\n'}
[4.319443] (nav_messages) StdoutLine: {'line': b'\x1b[39;49m    0 Warning(s)\n'}
[4.319511] (nav_messages) StdoutLine: {'line': b'\x1b[39;49m    0 Error(s)\n'}
[4.319575] (nav_messages) StdoutLine: {'line': b'\x1b[39;49m\n'}
[4.319635] (nav_messages) StdoutLine: {'line': b'Time Elapsed 00:00:01.84\n'}
[4.343686] (nav_messages) StdoutLine: {'line': b'[100%] Built target nav_messages_assembly\n'}
[4.355098] (nav_messages) CommandEnded: {'returncode': 0}
[4.355802] (nav_messages) JobProgress: {'identifier': 'nav_messages', 'progress': 'install'}
[4.364037] (nav_messages) Command: {'cmd': ['/usr/bin/cmake', '--install', '/home/ros2/tower_ws/build/nav_messages'], 'cwd': '/home/ros2/tower_ws/build/nav_messages', 'env': OrderedDict([('LESSOPEN', '| /usr/bin/lesspipe %s'), ('USER', 'ros2'), ('LC_TIME', 'lv_LV.UTF-8'), ('XDG_SESSION_TYPE', 'x11'), ('SHLVL', '1'), ('LD_LIBRARY_PATH', '/home/ros2/ros2_ws/install/zed_components/lib:/home/ros2/Downloads/final-ai/install/detectionmessage/lib:/home/ros2/Downloads/ros2cs/install/lib:/opt/ros/humble/opt/rviz_ogre_vendor/lib:/opt/ros/humble/lib/x86_64-linux-gnu:/opt/ros/humble/lib'), ('HOME', '/home/ros2'), ('OLDPWD', '/home/ros2/tower_ws/src'), ('DESKTOP_SESSION', 'ubuntu'), ('ROS_PYTHON_VERSION', '3'), ('GNOME_SHELL_SESSION_MODE', 'ubuntu'), ('GTK_MODULES', 'gail:atk-bridge'), ('LC_MONETARY', 'lv_LV.UTF-8'), ('SYSTEMD_EXEC_PID', '2112'), ('DBUS_SESSION_BUS_ADDRESS', 'unix:path=/run/user/1000/bus'), ('COLORTERM', 'truecolor'), ('COLCON_PREFIX_PATH', '/home/ros2/ros2_ws/install:/home/ros2/Downloads/final-ai/install:/home/ros2/Downloads/ros2cs/install'), ('ROS_DISTRO', 'humble'), ('GTK_IM_MODULE', 'ibus'), ('LOGNAME', 'ros2'), ('_', '/usr/bin/colcon'), ('ROS_VERSION', '2'), ('XDG_SESSION_CLASS', 'user'), ('USERNAME', 'ros2'), ('TERM', 'xterm-256color'), ('GNOME_DESKTOP_SESSION_ID', 'this-is-deprecated'), ('ROS_LOCALHOST_ONLY', '0'), ('WINDOWPATH', '2'), ('PATH', '/opt/ros/humble/bin:/home/ros2/.local/bin:/usr/local/sbin:/usr/local/bin:/usr/sbin:/usr/bin:/sbin:/bin:/usr/games:/usr/local/games:/snap/bin:/snap/bin:/home/ros2/.dotnet/tools'), ('SESSION_MANAGER', 'local/ros2:@/tmp/.ICE-unix/1944,unix/ros2:/tmp/.ICE-unix/1944'), ('XDG_MENU_PREFIX', 'gnome-'), ('LC_ADDRESS', 'lv_LV.UTF-8'), ('GNOME_TERMINAL_SCREEN', '/org/gnome/Terminal/screen/52a08a4d_bf9a_4dd1_a4c1_fcd2684cb791'), ('XDG_RUNTIME_DIR', '/run/user/1000'), ('DISPLAY', ':1'), ('LANG', 'en_US.UTF-8'), ('XDG_CURRENT_DESKTOP', 'ubuntu:GNOME'), ('DOTNET_BUNDLE_EXTRACT_BASE_DIR', '/home/ros2/.cache/dotnet_bundle_extract'), ('LC_TELEPHONE', 'lv_LV.UTF-8'), ('XMODIFIERS', '@im=ibus'), ('XDG_SESSION_DESKTOP', 'ubuntu'), ('XAUTHORITY', '/run/user/1000/gdm/Xauthority'), ('LS_COLORS', 'rs=0:di=01;34:ln=01;36:mh=00:pi=40;33:so=01;35:do=01;35:bd=40;33;01:cd=40;33;01:or=40;31;01:mi=00:su=37;41:sg=30;43:ca=30;41:tw=30;42:ow=34;42:st=37;44:ex=01;32:*.tar=01;31:*.tgz=01;31:*.arc=01;31:*.arj=01;31:*.taz=01;31:*.lha=01;31:*.lz4=01;31:*.lzh=01;31:*.lzma=01;31:*.tlz=01;31:*.txz=01;31:*.tzo=01;31:*.t7z=01;31:*.zip=01;31:*.z=01;31:*.dz=01;31:*.gz=01;31:*.lrz=01;31:*.lz=01;31:*.lzo=01;31:*.xz=01;31:*.zst=01;31:*.tzst=01;31:*.bz2=01;31:*.bz=01;31:*.tbz=01;31:*.tbz2=01;31:*.tz=01;31:*.deb=01;31:*.rpm=01;31:*.jar=01;31:*.war=01;31:*.ear=01;31:*.sar=01;31:*.rar=01;31:*.alz=01;31:*.ace=01;31:*.zoo=01;31:*.cpio=01;31:*.7z=01;31:*.rz=01;31:*.cab=01;31:*.wim=01;31:*.swm=01;31:*.dwm=01;31:*.esd=01;31:*.jpg=01;35:*.jpeg=01;35:*.mjpg=01;35:*.mjpeg=01;35:*.gif=01;35:*.bmp=01;35:*.pbm=01;35:*.pgm=01;35:*.ppm=01;35:*.tga=01;35:*.xbm=01;35:*.xpm=01;35:*.tif=01;35:*.tiff=01;35:*.png=01;35:*.svg=01;35:*.svgz=01;35:*.mng=01;35:*.pcx=01;35:*.mov=01;35:*.mpg=01;35:*.mpeg=01;35:*.m2v=01;35:*.mkv=01;35:*.webm=01;35:*.webp=01;35:*.ogm=01;35:*.mp4=01;35:*.m4v=01;35:*.mp4v=01;35:*.vob=01;35:*.qt=01;35:*.nuv=01;35:*.wmv=01;35:*.asf=01;35:*.rm=01;35:*.rmvb=01;35:*.flc=01;35:*.avi=01;35:*.fli=01;35:*.flv=01;35:*.gl=01;35:*.dl=01;35:*.xcf=01;35:*.xwd=01;35:*.yuv=01;35:*.cgm=01;35:*.emf=01;35:*.ogv=01;35:*.ogx=01;35:*.aac=00;36:*.au=00;36:*.flac=00;36:*.m4a=00;36:*.mid=00;36:*.midi=00;36:*.mka=00;36:*.mp3=00;36:*.mpc=00;36:*.ogg=00;36:*.ra=00;36:*.wav=00;36:*.oga=00;36:*.opus=00;36:*.spx=00;36:*.xspf=00;36:'), ('GNOME_TERMINAL_SERVICE', ':1.103'), ('SSH_AGENT_LAUNCHER', 'gnome-keyring'), ('SSH_AUTH_SOCK', '/run/user/1000/keyring/ssh'), ('AMENT_PREFIX_PATH', '/home/ros2/ros2_ws/install/zed_ros2:/home/ros2/ros2_ws/install/zed_wrapper:/home/ros2/ros2_ws/install/zed_components:/home/ros2/Downloads/final-ai/install/py_fakedata:/home/ros2/Downloads/final-ai/install/py_detectionmessage:/home/ros2/Downloads/final-ai/install/py_aiproc:/home/ros2/Downloads/final-ai/install/detectionmessage:/home/ros2/Downloads/ros2cs/install:/opt/ros/humble'), ('SHELL', '/bin/bash'), ('LC_NAME', 'lv_LV.UTF-8'), ('QT_ACCESSIBILITY', '1'), ('GDMSESSION', 'ubuntu'), ('LESSCLOSE', '/usr/bin/lesspipe %s %s'), ('LC_MEASUREMENT', 'lv_LV.UTF-8'), ('GPG_AGENT_INFO', '/run/user/1000/gnupg/S.gpg-agent:0:1'), ('LC_IDENTIFICATION', 'lv_LV.UTF-8'), ('QT_IM_MODULE', 'ibus'), ('PWD', '/home/ros2/tower_ws/build/nav_messages'), ('XDG_CONFIG_DIRS', '/etc/xdg/xdg-ubuntu:/etc/xdg'), ('XDG_DATA_DIRS', '/usr/share/ubuntu:/usr/share/gnome:/usr/local/share/:/usr/share/:/var/lib/snapd/desktop'), ('PYTHONPATH', '/home/ros2/Downloads/final-ai/install/py_fakedata/lib/python3.10/site-packages:/home/ros2/Downloads/final-ai/install/py_detectionmessage/lib/python3.10/site-packages:/home/ros2/Downloads/final-ai/install/py_aiproc/lib/python3.10/site-packages:/home/ros2/Downloads/final-ai/install/detectionmessage/local/lib/python3.10/dist-packages:/home/ros2/Downloads/ros2cs/install/lib/python3.10/site-packages:/home/ros2/Downloads/ros2cs/install/local/lib/python3.10/dist-packages:/opt/ros/humble/lib/python3.10/site-packages:/opt/ros/humble/local/lib/python3.10/dist-packages'), ('LC_NUMERIC', 'lv_LV.UTF-8'), ('LC_PAPER', 'lv_LV.UTF-8'), ('COLCON', '1'), ('VTE_VERSION', '6800'), ('CMAKE_PREFIX_PATH', '/home/ros2/ros2_ws/install/zed_ros2:/home/ros2/ros2_ws/install/zed_wrapper:/home/ros2/ros2_ws/install/zed_components:/home/ros2/Downloads/final-ai/install/detectionmessage:/home/ros2/Downloads/ros2cs/install:/home/ros2/Downloads/final-ai/install/py_fakedata:/home/ros2/Downloads/final-ai/install/py_detectionmessage:/home/ros2/Downloads/final-ai/install/py_aiproc:/opt/ros/humble')]), 'shell': False}
[4.372503] (nav_messages) StdoutLine: {'line': b'-- Install configuration: ""\n'}
[4.372691] (nav_messages) StdoutLine: {'line': b'-- Installing: /home/ros2/tower_ws/install/nav_messages/share/ament_index/resource_index/rosidl_interfaces/nav_messages\n'}
[4.372818] (nav_messages) StdoutLine: {'line': b'-- Installing: /home/ros2/tower_ws/install/nav_messages/include/nav_messages/nav_messages\n'}
[4.373007] (nav_messages) StdoutLine: {'line': b'-- Installing: /home/ros2/tower_ws/install/nav_messages/include/nav_messages/nav_messages/msg\n'}
[4.373093] (nav_messages) StdoutLine: {'line': b'-- Installing: /home/ros2/tower_ws/install/nav_messages/include/nav_messages/nav_messages/msg/radar_fft_data_message.h\n'}
[4.373190] (nav_messages) StdoutLine: {'line': b'-- Installing: /home/ros2/tower_ws/install/nav_messages/include/nav_messages/nav_messages/msg/rosidl_generator_c__visibility_control.h\n'}
[4.373376] (nav_messages) StdoutLine: {'line': b'-- Installing: /home/ros2/tower_ws/install/nav_messages/include/nav_messages/nav_messages/msg/camera_configuration_message.h\n'}
[4.373472] (nav_messages) StdoutLine: {'line': b'-- Installing: /home/ros2/tower_ws/install/nav_messages/include/nav_messages/nav_messages/msg/detail\n'}
[4.373536] (nav_messages) StdoutLine: {'line': b'-- Installing: /home/ros2/tower_ws/install/nav_messages/include/nav_messages/nav_messages/msg/detail/radar_configuration_message__type_support.h\n'}
[4.373620] (nav_messages) StdoutLine: {'line': b'-- Installing: /home/ros2/tower_ws/install/nav_messages/include/nav_messages/nav_messages/msg/detail/camera_configuration_message__functions.h\n'}
[4.373705] (nav_messages) StdoutLine: {'line': b'-- Installing: /home/ros2/tower_ws/install/nav_messages/include/nav_messages/nav_messages/msg/detail/radar_configuration_message__functions.h\n'}
[4.373787] (nav_messages) StdoutLine: {'line': b'-- Installing: /home/ros2/tower_ws/install/nav_messages/include/nav_messages/nav_messages/msg/detail/radar_configuration_message__functions.c\n'}
[4.373866] (nav_messages) StdoutLine: {'line': b'-- Installing: /home/ros2/tower_ws/install/nav_messages/include/nav_messages/nav_messages/msg/detail/camera_configuration_message__functions.c\n'}
[4.373945] (nav_messages) StdoutLine: {'line': b'-- Installing: /home/ros2/tower_ws/install/nav_messages/include/nav_messages/nav_messages/msg/detail/camera_configuration_message__type_support.h\n'}
[4.374020] (nav_messages) StdoutLine: {'line': b'-- Installing: /home/ros2/tower_ws/install/nav_messages/include/nav_messages/nav_messages/msg/detail/radar_fft_data_message__functions.h\n'}
[4.374100] (nav_messages) StdoutLine: {'line': b'-- Installing: /home/ros2/tower_ws/install/nav_messages/include/nav_messages/nav_messages/msg/detail/radar_fft_data_message__type_support.h\n'}
[4.374179] (nav_messages) StdoutLine: {'line': b'-- Installing: /home/ros2/tower_ws/install/nav_messages/include/nav_messages/nav_messages/msg/detail/radar_fft_data_message__struct.h\n'}
[4.374259] (nav_messages) StdoutLine: {'line': b'-- Installing: /home/ros2/tower_ws/install/nav_messages/include/nav_messages/nav_messages/msg/detail/radar_fft_data_message__functions.c\n'}
[4.374342] (nav_messages) StdoutLine: {'line': b'-- Installing: /home/ros2/tower_ws/install/nav_messages/include/nav_messages/nav_messages/msg/detail/camera_configuration_message__struct.h\n'}
[4.374417] (nav_messages) StdoutLine: {'line': b'-- Installing: /home/ros2/tower_ws/install/nav_messages/include/nav_messages/nav_messages/msg/detail/radar_configuration_message__struct.h\n'}
[4.374495] (nav_messages) StdoutLine: {'line': b'-- Installing: /home/ros2/tower_ws/install/nav_messages/include/nav_messages/nav_messages/msg/radar_configuration_message.h\n'}
[4.374625] (nav_messages) StdoutLine: {'line': b'-- Installing: /home/ros2/tower_ws/install/nav_messages/share/nav_messages/environment/library_path.sh\n'}
[4.374741] (nav_messages) StdoutLine: {'line': b'-- Installing: /home/ros2/tower_ws/install/nav_messages/share/nav_messages/environment/library_path.dsv\n'}
[4.374894] (nav_messages) StdoutLine: {'line': b'-- Installing: /home/ros2/tower_ws/install/nav_messages/lib/libnav_messages__rosidl_generator_c.so\n'}
[4.375176] (nav_messages) StdoutLine: {'line': b'-- Set runtime path of "/home/ros2/tower_ws/install/nav_messages/lib/libnav_messages__rosidl_generator_c.so" to ""\n'}
[4.375276] (nav_messages) StdoutLine: {'line': b'-- Up-to-date: /home/ros2/tower_ws/install/nav_messages/include/nav_messages/nav_messages\n'}
[4.375363] (nav_messages) StdoutLine: {'line': b'-- Up-to-date: /home/ros2/tower_ws/install/nav_messages/include/nav_messages/nav_messages/msg\n'}
[4.375443] (nav_messages) StdoutLine: {'line': b'-- Up-to-date: /home/ros2/tower_ws/install/nav_messages/include/nav_messages/nav_messages/msg/detail\n'}
[4.375528] (nav_messages) StdoutLine: {'line': b'-- Installing: /home/ros2/tower_ws/install/nav_messages/include/nav_messages/nav_messages/msg/detail/camera_configuration_message__rosidl_typesupport_fastrtps_c.h\n'}
[4.375592] (nav_messages) StdoutLine: {'line': b'-- Installing: /home/ros2/tower_ws/install/nav_messages/include/nav_messages/nav_messages/msg/detail/radar_fft_data_message__rosidl_typesupport_fastrtps_c.h\n'}
[4.375673] (nav_messages) StdoutLine: {'line': b'-- Installing: /home/ros2/tower_ws/install/nav_messages/include/nav_messages/nav_messages/msg/detail/radar_configuration_message__rosidl_typesupport_fastrtps_c.h\n'}
[4.375752] (nav_messages) StdoutLine: {'line': b'-- Installing: /home/ros2/tower_ws/install/nav_messages/include/nav_messages/nav_messages/msg/rosidl_typesupport_fastrtps_c__visibility_control.h\n'}
[4.375830] (nav_messages) StdoutLine: {'line': b'-- Installing: /home/ros2/tower_ws/install/nav_messages/lib/libnav_messages__rosidl_typesupport_fastrtps_c.so\n'}
[4.376093] (nav_messages) StdoutLine: {'line': b'-- Set runtime path of "/home/ros2/tower_ws/install/nav_messages/lib/libnav_messages__rosidl_typesupport_fastrtps_c.so" to ""\n'}
[4.376172] (nav_messages) StdoutLine: {'line': b'-- Up-to-date: /home/ros2/tower_ws/install/nav_messages/include/nav_messages/nav_messages\n'}
[4.376248] (nav_messages) StdoutLine: {'line': b'-- Up-to-date: /home/ros2/tower_ws/install/nav_messages/include/nav_messages/nav_messages/msg\n'}
[4.376332] (nav_messages) StdoutLine: {'line': b'-- Installing: /home/ros2/tower_ws/install/nav_messages/include/nav_messages/nav_messages/msg/radar_fft_data_message.hpp\n'}
[4.376407] (nav_messages) StdoutLine: {'line': b'-- Installing: /home/ros2/tower_ws/install/nav_messages/include/nav_messages/nav_messages/msg/camera_configuration_message.hpp\n'}
[4.376485] (nav_messages) StdoutLine: {'line': b'-- Installing: /home/ros2/tower_ws/install/nav_messages/include/nav_messages/nav_messages/msg/radar_configuration_message.hpp\n'}
[4.376564] (nav_messages) StdoutLine: {'line': b'-- Up-to-date: /home/ros2/tower_ws/install/nav_messages/include/nav_messages/nav_messages/msg/detail\n'}
[4.376642] (nav_messages) StdoutLine: {'line': b'-- Installing: /home/ros2/tower_ws/install/nav_messages/include/nav_messages/nav_messages/msg/detail/radar_fft_data_message__struct.hpp\n'}
[4.376719] (nav_messages) StdoutLine: {'line': b'-- Installing: /home/ros2/tower_ws/install/nav_messages/include/nav_messages/nav_messages/msg/detail/camera_configuration_message__traits.hpp\n'}
[4.376795] (nav_messages) StdoutLine: {'line': b'-- Installing: /home/ros2/tower_ws/install/nav_messages/include/nav_messages/nav_messages/msg/detail/camera_configuration_message__type_support.hpp\n'}
[4.376871] (nav_messages) StdoutLine: {'line': b'-- Installing: /home/ros2/tower_ws/install/nav_messages/include/nav_messages/nav_messages/msg/detail/camera_configuration_message__builder.hpp\n'}
[4.376947] (nav_messages) StdoutLine: {'line': b'-- Installing: /home/ros2/tower_ws/install/nav_messages/include/nav_messages/nav_messages/msg/detail/radar_configuration_message__traits.hpp\n'}
[4.377022] (nav_messages) StdoutLine: {'line': b'-- Installing: /home/ros2/tower_ws/install/nav_messages/include/nav_messages/nav_messages/msg/detail/radar_fft_data_message__type_support.hpp\n'}
[4.377088] (nav_messages) StdoutLine: {'line': b'-- Installing: /home/ros2/tower_ws/install/nav_messages/include/nav_messages/nav_messages/msg/detail/radar_configuration_message__type_support.hpp\n'}
[4.377160] (nav_messages) StdoutLine: {'line': b'-- Installing: /home/ros2/tower_ws/install/nav_messages/include/nav_messages/nav_messages/msg/detail/radar_fft_data_message__builder.hpp\n'}
[4.377247] (nav_messages) StdoutLine: {'line': b'-- Installing: /home/ros2/tower_ws/install/nav_messages/include/nav_messages/nav_messages/msg/detail/camera_configuration_message__struct.hpp\n'}
[4.377328] (nav_messages) StdoutLine: {'line': b'-- Installing: /home/ros2/tower_ws/install/nav_messages/include/nav_messages/nav_messages/msg/detail/radar_configuration_message__builder.hpp\n'}
[4.377406] (nav_messages) StdoutLine: {'line': b'-- Installing: /home/ros2/tower_ws/install/nav_messages/include/nav_messages/nav_messages/msg/detail/radar_configuration_message__struct.hpp\n'}
[4.377483] (nav_messages) StdoutLine: {'line': b'-- Installing: /home/ros2/tower_ws/install/nav_messages/include/nav_messages/nav_messages/msg/detail/radar_fft_data_message__traits.hpp\n'}
[4.377570] (nav_messages) StdoutLine: {'line': b'-- Installing: /home/ros2/tower_ws/install/nav_messages/include/nav_messages/nav_messages/msg/rosidl_generator_cpp__visibility_control.hpp\n'}
[4.377678] (nav_messages) StdoutLine: {'line': b'-- Up-to-date: /home/ros2/tower_ws/install/nav_messages/include/nav_messages/nav_messages\n'}
[4.377799] (nav_messages) StdoutLine: {'line': b'-- Up-to-date: /home/ros2/tower_ws/install/nav_messages/include/nav_messages/nav_messages/msg\n'}
[4.377875] (nav_messages) StdoutLine: {'line': b'-- Installing: /home/ros2/tower_ws/install/nav_messages/include/nav_messages/nav_messages/msg/rosidl_typesupport_fastrtps_cpp__visibility_control.h\n'}
[4.377954] (nav_messages) StdoutLine: {'line': b'-- Up-to-date: /home/ros2/tower_ws/install/nav_messages/include/nav_messages/nav_messages/msg/detail\n'}
[4.378032] (nav_messages) StdoutLine: {'line': b'-- Installing: /home/ros2/tower_ws/install/nav_messages/include/nav_messages/nav_messages/msg/detail/radar_fft_data_message__rosidl_typesupport_fastrtps_cpp.hpp\n'}
[4.378109] (nav_messages) StdoutLine: {'line': b'-- Installing: /home/ros2/tower_ws/install/nav_messages/include/nav_messages/nav_messages/msg/detail/radar_configuration_message__rosidl_typesupport_fastrtps_cpp.hpp\n'}
[4.378189] (nav_messages) StdoutLine: {'line': b'-- Installing: /home/ros2/tower_ws/install/nav_messages/include/nav_messages/nav_messages/msg/detail/camera_configuration_message__rosidl_typesupport_fastrtps_cpp.hpp\n'}
[4.378265] (nav_messages) StdoutLine: {'line': b'-- Installing: /home/ros2/tower_ws/install/nav_messages/include/nav_messages/nav_messages/msg/detail/dds_fastrtps\n'}
[4.378370] (nav_messages) StdoutLine: {'line': b'-- Installing: /home/ros2/tower_ws/install/nav_messages/lib/libnav_messages__rosidl_typesupport_fastrtps_cpp.so\n'}
[4.378675] (nav_messages) StdoutLine: {'line': b'-- Set runtime path of "/home/ros2/tower_ws/install/nav_messages/lib/libnav_messages__rosidl_typesupport_fastrtps_cpp.so" to ""\n'}
[4.378752] (nav_messages) StdoutLine: {'line': b'-- Up-to-date: /home/ros2/tower_ws/install/nav_messages/include/nav_messages/nav_messages\n'}
[4.378829] (nav_messages) StdoutLine: {'line': b'-- Up-to-date: /home/ros2/tower_ws/install/nav_messages/include/nav_messages/nav_messages/msg\n'}
[4.378906] (nav_messages) StdoutLine: {'line': b'-- Installing: /home/ros2/tower_ws/install/nav_messages/include/nav_messages/nav_messages/msg/rosidl_typesupport_introspection_c__visibility_control.h\n'}
[4.378982] (nav_messages) StdoutLine: {'line': b'-- Up-to-date: /home/ros2/tower_ws/install/nav_messages/include/nav_messages/nav_messages/msg/detail\n'}
[4.379059] (nav_messages) StdoutLine: {'line': b'-- Installing: /home/ros2/tower_ws/install/nav_messages/include/nav_messages/nav_messages/msg/detail/radar_configuration_message__rosidl_typesupport_introspection_c.h\n'}
[4.379142] (nav_messages) StdoutLine: {'line': b'-- Installing: /home/ros2/tower_ws/install/nav_messages/include/nav_messages/nav_messages/msg/detail/camera_configuration_message__rosidl_typesupport_introspection_c.h\n'}
[4.379225] (nav_messages) StdoutLine: {'line': b'-- Installing: /home/ros2/tower_ws/install/nav_messages/include/nav_messages/nav_messages/msg/detail/radar_configuration_message__type_support.c\n'}
[4.379334] (nav_messages) StdoutLine: {'line': b'-- Installing: /home/ros2/tower_ws/install/nav_messages/include/nav_messages/nav_messages/msg/detail/radar_fft_data_message__rosidl_typesupport_introspection_c.h\n'}
[4.379413] (nav_messages) StdoutLine: {'line': b'-- Installing: /home/ros2/tower_ws/install/nav_messages/include/nav_messages/nav_messages/msg/detail/camera_configuration_message__type_support.c\n'}
[4.379493] (nav_messages) StdoutLine: {'line': b'-- Installing: /home/ros2/tower_ws/install/nav_messages/include/nav_messages/nav_messages/msg/detail/radar_fft_data_message__type_support.c\n'}
[4.379576] (nav_messages) StdoutLine: {'line': b'-- Installing: /home/ros2/tower_ws/install/nav_messages/lib/libnav_messages__rosidl_typesupport_introspection_c.so\n'}
[4.379847] (nav_messages) StdoutLine: {'line': b'-- Set runtime path of "/home/ros2/tower_ws/install/nav_messages/lib/libnav_messages__rosidl_typesupport_introspection_c.so" to ""\n'}
[4.379925] (nav_messages) StdoutLine: {'line': b'-- Installing: /home/ros2/tower_ws/install/nav_messages/lib/libnav_messages__rosidl_typesupport_c.so\n'}
[4.380126] (nav_messages) StdoutLine: {'line': b'-- Set runtime path of "/home/ros2/tower_ws/install/nav_messages/lib/libnav_messages__rosidl_typesupport_c.so" to ""\n'}
[4.380206] (nav_messages) StdoutLine: {'line': b'-- Up-to-date: /home/ros2/tower_ws/install/nav_messages/include/nav_messages/nav_messages\n'}
[4.380302] (nav_messages) StdoutLine: {'line': b'-- Up-to-date: /home/ros2/tower_ws/install/nav_messages/include/nav_messages/nav_messages/msg\n'}
[4.380370] (nav_messages) StdoutLine: {'line': b'-- Up-to-date: /home/ros2/tower_ws/install/nav_messages/include/nav_messages/nav_messages/msg/detail\n'}
[4.380454] (nav_messages) StdoutLine: {'line': b'-- Installing: /home/ros2/tower_ws/install/nav_messages/include/nav_messages/nav_messages/msg/detail/radar_configuration_message__type_support.cpp\n'}
[4.380531] (nav_messages) StdoutLine: {'line': b'-- Installing: /home/ros2/tower_ws/install/nav_messages/include/nav_messages/nav_messages/msg/detail/radar_fft_data_message__type_support.cpp\n'}
[4.380593] (nav_messages) StdoutLine: {'line': b'-- Installing: /home/ros2/tower_ws/install/nav_messages/include/nav_messages/nav_messages/msg/detail/camera_configuration_message__rosidl_typesupport_introspection_cpp.hpp\n'}
[4.380671] (nav_messages) StdoutLine: {'line': b'-- Installing: /home/ros2/tower_ws/install/nav_messages/include/nav_messages/nav_messages/msg/detail/radar_fft_data_message__rosidl_typesupport_introspection_cpp.hpp\n'}
[4.380749] (nav_messages) StdoutLine: {'line': b'-- Installing: /home/ros2/tower_ws/install/nav_messages/include/nav_messages/nav_messages/msg/detail/camera_configuration_message__type_support.cpp\n'}
[4.380830] (nav_messages) StdoutLine: {'line': b'-- Installing: /home/ros2/tower_ws/install/nav_messages/include/nav_messages/nav_messages/msg/detail/radar_configuration_message__rosidl_typesupport_introspection_cpp.hpp\n'}
[4.380905] (nav_messages) StdoutLine: {'line': b'-- Installing: /home/ros2/tower_ws/install/nav_messages/lib/libnav_messages__rosidl_typesupport_introspection_cpp.so\n'}
[4.381142] (nav_messages) StdoutLine: {'line': b'-- Set runtime path of "/home/ros2/tower_ws/install/nav_messages/lib/libnav_messages__rosidl_typesupport_introspection_cpp.so" to ""\n'}
[4.381218] (nav_messages) StdoutLine: {'line': b'-- Installing: /home/ros2/tower_ws/install/nav_messages/lib/libnav_messages__rosidl_typesupport_cpp.so\n'}
[4.381425] (nav_messages) StdoutLine: {'line': b'-- Set runtime path of "/home/ros2/tower_ws/install/nav_messages/lib/libnav_messages__rosidl_typesupport_cpp.so" to ""\n'}
[4.381505] (nav_messages) StdoutLine: {'line': b'-- Installing: /home/ros2/tower_ws/install/nav_messages/lib/libnav_messages_radar_configuration_message__rosidl_typesupport_c_native.so\n'}
[4.381725] (nav_messages) StdoutLine: {'line': b'-- Set runtime path of "/home/ros2/tower_ws/install/nav_messages/lib/libnav_messages_radar_configuration_message__rosidl_typesupport_c_native.so" to ""\n'}
[4.381799] (nav_messages) StdoutLine: {'line': b'-- Installing: /home/ros2/tower_ws/install/nav_messages/lib/libnav_messages_radar_configuration_message__rosidl_typesupport_introspection_c_native.so\n'}
[4.382029] (nav_messages) StdoutLine: {'line': b'-- Set runtime path of "/home/ros2/tower_ws/install/nav_messages/lib/libnav_messages_radar_configuration_message__rosidl_typesupport_introspection_c_native.so" to ""\n'}
[4.382105] (nav_messages) StdoutLine: {'line': b'-- Installing: /home/ros2/tower_ws/install/nav_messages/lib/libnav_messages_radar_configuration_message__rosidl_typesupport_fastrtps_c_native.so\n'}
[4.382338] (nav_messages) StdoutLine: {'line': b'-- Set runtime path of "/home/ros2/tower_ws/install/nav_messages/lib/libnav_messages_radar_configuration_message__rosidl_typesupport_fastrtps_c_native.so" to ""\n'}
[4.382424] (nav_messages) StdoutLine: {'line': b'-- Installing: /home/ros2/tower_ws/install/nav_messages/lib/libnav_messages_radar_fft_data_message__rosidl_typesupport_c_native.so\n'}
[4.382638] (nav_messages) StdoutLine: {'line': b'-- Set runtime path of "/home/ros2/tower_ws/install/nav_messages/lib/libnav_messages_radar_fft_data_message__rosidl_typesupport_c_native.so" to ""\n'}
[4.382714] (nav_messages) StdoutLine: {'line': b'-- Installing: /home/ros2/tower_ws/install/nav_messages/lib/libnav_messages_radar_fft_data_message__rosidl_typesupport_introspection_c_native.so\n'}
[4.382966] (nav_messages) StdoutLine: {'line': b'-- Set runtime path of "/home/ros2/tower_ws/install/nav_messages/lib/libnav_messages_radar_fft_data_message__rosidl_typesupport_introspection_c_native.so" to ""\n'}
[4.383111] (nav_messages) StdoutLine: {'line': b'-- Installing: /home/ros2/tower_ws/install/nav_messages/lib/libnav_messages_radar_fft_data_message__rosidl_typesupport_fastrtps_c_native.so\n'}
[4.383241] (nav_messages) StdoutLine: {'line': b'-- Set runtime path of "/home/ros2/tower_ws/install/nav_messages/lib/libnav_messages_radar_fft_data_message__rosidl_typesupport_fastrtps_c_native.so" to ""\n'}
[4.383341] (nav_messages) StdoutLine: {'line': b'-- Installing: /home/ros2/tower_ws/install/nav_messages/lib/libnav_messages_camera_configuration_message__rosidl_typesupport_c_native.so\n'}
[4.383466] (nav_messages) StdoutLine: {'line': b'-- Set runtime path of "/home/ros2/tower_ws/install/nav_messages/lib/libnav_messages_camera_configuration_message__rosidl_typesupport_c_native.so" to ""\n'}
[4.383552] (nav_messages) StdoutLine: {'line': b'-- Installing: /home/ros2/tower_ws/install/nav_messages/lib/libnav_messages_camera_configuration_message__rosidl_typesupport_introspection_c_native.so\n'}
[4.383637] (nav_messages) StdoutLine: {'line': b'-- Set runtime path of "/home/ros2/tower_ws/install/nav_messages/lib/libnav_messages_camera_configuration_message__rosidl_typesupport_introspection_c_native.so" to ""\n'}
[4.383721] (nav_messages) StdoutLine: {'line': b'-- Installing: /home/ros2/tower_ws/install/nav_messages/lib/libnav_messages_camera_configuration_message__rosidl_typesupport_fastrtps_c_native.so\n'}
[4.383801] (nav_messages) StdoutLine: {'line': b'-- Set runtime path of "/home/ros2/tower_ws/install/nav_messages/lib/libnav_messages_camera_configuration_message__rosidl_typesupport_fastrtps_c_native.so" to ""\n'}
[4.383894] (nav_messages) StdoutLine: {'line': b'-- Installing: /home/ros2/tower_ws/install/nav_messages/lib/dotnet\n'}
[4.383955] (nav_messages) StdoutLine: {'line': b'-- Installing: /home/ros2/tower_ws/install/nav_messages/lib/dotnet/std_msgs_assembly.dll\n'}
[4.384038] (nav_messages) StdoutLine: {'line': b'-- Installing: /home/ros2/tower_ws/install/nav_messages/lib/dotnet/nav_messages_assembly.dll\n'}
[4.384138] (nav_messages) StdoutLine: {'line': b'-- Installing: /home/ros2/tower_ws/install/nav_messages/lib/dotnet/builtin_interfaces_assembly.dll\n'}
[4.384202] (nav_messages) StdoutLine: {'line': b'-- Installing: /home/ros2/tower_ws/install/nav_messages/lib/dotnet/nav_messages_assembly.deps.json\n'}
[4.384264] (nav_messages) StdoutLine: {'line': b'-- Installing: /home/ros2/tower_ws/install/nav_messages/lib/dotnet/ros2cs_common.dll\n'}
[4.384366] (nav_messages) StdoutLine: {'line': b'-- Installing: /home/ros2/tower_ws/install/nav_messages/share/nav_messages/environment/pythonpath.sh\n'}
[4.384459] (nav_messages) StdoutLine: {'line': b'-- Installing: /home/ros2/tower_ws/install/nav_messages/share/nav_messages/environment/pythonpath.dsv\n'}
[4.384539] (nav_messages) StdoutLine: {'line': b'-- Installing: /home/ros2/tower_ws/install/nav_messages/local/lib/python3.10/dist-packages/nav_messages-1.0.0-py3.10.egg-info\n'}
[4.384603] (nav_messages) StdoutLine: {'line': b'-- Installing: /home/ros2/tower_ws/install/nav_messages/local/lib/python3.10/dist-packages/nav_messages-1.0.0-py3.10.egg-info/dependency_links.txt\n'}
[4.384665] (nav_messages) StdoutLine: {'line': b'-- Installing: /home/ros2/tower_ws/install/nav_messages/local/lib/python3.10/dist-packages/nav_messages-1.0.0-py3.10.egg-info/PKG-INFO\n'}
[4.384728] (nav_messages) StdoutLine: {'line': b'-- Installing: /home/ros2/tower_ws/install/nav_messages/local/lib/python3.10/dist-packages/nav_messages-1.0.0-py3.10.egg-info/top_level.txt\n'}
[4.384790] (nav_messages) StdoutLine: {'line': b'-- Installing: /home/ros2/tower_ws/install/nav_messages/local/lib/python3.10/dist-packages/nav_messages-1.0.0-py3.10.egg-info/SOURCES.txt\n'}
[4.384853] (nav_messages) StdoutLine: {'line': b'-- Installing: /home/ros2/tower_ws/install/nav_messages/local/lib/python3.10/dist-packages/nav_messages\n'}
[4.384939] (nav_messages) StdoutLine: {'line': b'-- Installing: /home/ros2/tower_ws/install/nav_messages/local/lib/python3.10/dist-packages/nav_messages/nav_messages_s__rosidl_typesupport_introspection_c.cpython-310-x86_64-linux-gnu.so\n'}
[4.385072] (nav_messages) StdoutLine: {'line': b'-- Installing: /home/ros2/tower_ws/install/nav_messages/local/lib/python3.10/dist-packages/nav_messages/nav_messages_s__rosidl_typesupport_c.cpython-310-x86_64-linux-gnu.so\n'}
[4.385142] (nav_messages) StdoutLine: {'line': b'-- Installing: /home/ros2/tower_ws/install/nav_messages/local/lib/python3.10/dist-packages/nav_messages/_nav_messages_s.ep.rosidl_typesupport_fastrtps_c.c\n'}
[4.385228] (nav_messages) StdoutLine: {'line': b'-- Installing: /home/ros2/tower_ws/install/nav_messages/local/lib/python3.10/dist-packages/nav_messages/_nav_messages_s.ep.rosidl_typesupport_introspection_c.c\n'}
[4.385318] (nav_messages) StdoutLine: {'line': b'-- Installing: /home/ros2/tower_ws/install/nav_messages/local/lib/python3.10/dist-packages/nav_messages/nav_messages_s__rosidl_typesupport_fastrtps_c.cpython-310-x86_64-linux-gnu.so\n'}
[4.385387] (nav_messages) StdoutLine: {'line': b'-- Installing: /home/ros2/tower_ws/install/nav_messages/local/lib/python3.10/dist-packages/nav_messages/__init__.py\n'}
[4.385452] (nav_messages) StdoutLine: {'line': b'-- Installing: /home/ros2/tower_ws/install/nav_messages/local/lib/python3.10/dist-packages/nav_messages/msg\n'}
[4.385517] (nav_messages) StdoutLine: {'line': b'-- Installing: /home/ros2/tower_ws/install/nav_messages/local/lib/python3.10/dist-packages/nav_messages/msg/_camera_configuration_message.py\n'}
[4.385584] (nav_messages) StdoutLine: {'line': b'-- Installing: /home/ros2/tower_ws/install/nav_messages/local/lib/python3.10/dist-packages/nav_messages/msg/_radar_configuration_message_s.c\n'}
[4.385647] (nav_messages) StdoutLine: {'line': b'-- Installing: /home/ros2/tower_ws/install/nav_messages/local/lib/python3.10/dist-packages/nav_messages/msg/_camera_configuration_message_s.c\n'}
[4.385707] (nav_messages) StdoutLine: {'line': b'-- Installing: /home/ros2/tower_ws/install/nav_messages/local/lib/python3.10/dist-packages/nav_messages/msg/_radar_fft_data_message.py\n'}
[4.385769] (nav_messages) StdoutLine: {'line': b'-- Installing: /home/ros2/tower_ws/install/nav_messages/local/lib/python3.10/dist-packages/nav_messages/msg/__init__.py\n'}
[4.385830] (nav_messages) StdoutLine: {'line': b'-- Installing: /home/ros2/tower_ws/install/nav_messages/local/lib/python3.10/dist-packages/nav_messages/msg/_radar_configuration_message.py\n'}
[4.385888] (nav_messages) StdoutLine: {'line': b'-- Installing: /home/ros2/tower_ws/install/nav_messages/local/lib/python3.10/dist-packages/nav_messages/msg/_radar_fft_data_message_s.c\n'}
[4.385948] (nav_messages) StdoutLine: {'line': b'-- Installing: /home/ros2/tower_ws/install/nav_messages/local/lib/python3.10/dist-packages/nav_messages/libnav_messages__rosidl_generator_py.so\n'}
[4.386007] (nav_messages) StdoutLine: {'line': b'-- Installing: /home/ros2/tower_ws/install/nav_messages/local/lib/python3.10/dist-packages/nav_messages/_nav_messages_s.ep.rosidl_typesupport_c.c\n'}
[4.408858] (-) TimerEvent: {}
[4.414293] (nav_messages) StdoutLine: {'line': b"Listing '/home/ros2/tower_ws/install/nav_messages/local/lib/python3.10/dist-packages/nav_messages'...\n"}
[4.414414] (nav_messages) StdoutLine: {'line': b"Compiling '/home/ros2/tower_ws/install/nav_messages/local/lib/python3.10/dist-packages/nav_messages/__init__.py'...\n"}
[4.414485] (nav_messages) StdoutLine: {'line': b"Listing '/home/ros2/tower_ws/install/nav_messages/local/lib/python3.10/dist-packages/nav_messages/msg'...\n"}
[4.414542] (nav_messages) StdoutLine: {'line': b"Compiling '/home/ros2/tower_ws/install/nav_messages/local/lib/python3.10/dist-packages/nav_messages/msg/__init__.py'...\n"}
[4.414598] (nav_messages) StdoutLine: {'line': b"Compiling '/home/ros2/tower_ws/install/nav_messages/local/lib/python3.10/dist-packages/nav_messages/msg/_camera_configuration_message.py'...\n"}
[4.414658] (nav_messages) StdoutLine: {'line': b"Compiling '/home/ros2/tower_ws/install/nav_messages/local/lib/python3.10/dist-packages/nav_messages/msg/_radar_configuration_message.py'...\n"}
[4.414714] (nav_messages) StdoutLine: {'line': b"Compiling '/home/ros2/tower_ws/install/nav_messages/local/lib/python3.10/dist-packages/nav_messages/msg/_radar_fft_data_message.py'...\n"}
[4.417836] (nav_messages) StdoutLine: {'line': b'-- Installing: /home/ros2/tower_ws/install/nav_messages/local/lib/python3.10/dist-packages/nav_messages/nav_messages_s__rosidl_typesupport_fastrtps_c.cpython-310-x86_64-linux-gnu.so\n'}
[4.418089] (nav_messages) StdoutLine: {'line': b'-- Set runtime path of "/home/ros2/tower_ws/install/nav_messages/local/lib/python3.10/dist-packages/nav_messages/nav_messages_s__rosidl_typesupport_fastrtps_c.cpython-310-x86_64-linux-gnu.so" to ""\n'}
[4.418260] (nav_messages) StdoutLine: {'line': b'-- Installing: /home/ros2/tower_ws/install/nav_messages/local/lib/python3.10/dist-packages/nav_messages/nav_messages_s__rosidl_typesupport_introspection_c.cpython-310-x86_64-linux-gnu.so\n'}
[4.418532] (nav_messages) StdoutLine: {'line': b'-- Set runtime path of "/home/ros2/tower_ws/install/nav_messages/local/lib/python3.10/dist-packages/nav_messages/nav_messages_s__rosidl_typesupport_introspection_c.cpython-310-x86_64-linux-gnu.so" to ""\n'}
[4.418771] (nav_messages) StdoutLine: {'line': b'-- Installing: /home/ros2/tower_ws/install/nav_messages/local/lib/python3.10/dist-packages/nav_messages/nav_messages_s__rosidl_typesupport_c.cpython-310-x86_64-linux-gnu.so\n'}
[4.419062] (nav_messages) StdoutLine: {'line': b'-- Set runtime path of "/home/ros2/tower_ws/install/nav_messages/local/lib/python3.10/dist-packages/nav_messages/nav_messages_s__rosidl_typesupport_c.cpython-310-x86_64-linux-gnu.so" to ""\n'}
[4.419123] (nav_messages) StdoutLine: {'line': b'-- Installing: /home/ros2/tower_ws/install/nav_messages/lib/libnav_messages__rosidl_generator_py.so\n'}
[4.419460] (nav_messages) StdoutLine: {'line': b'-- Set runtime path of "/home/ros2/tower_ws/install/nav_messages/lib/libnav_messages__rosidl_generator_py.so" to ""\n'}
[4.419670] (nav_messages) StdoutLine: {'line': b'-- Installing: /home/ros2/tower_ws/install/nav_messages/share/ament_index/resource_index/rust_packages/nav_messages\n'}
[4.419787] (nav_messages) StdoutLine: {'line': b'-- Installing: /home/ros2/tower_ws/install/nav_messages/share/nav_messages/rust\n'}
[4.419864] (nav_messages) StdoutLine: {'line': b'-- Installing: /home/ros2/tower_ws/install/nav_messages/share/nav_messages/rust/build.rs\n'}
[4.419980] (nav_messages) StdoutLine: {'line': b'-- Installing: /home/ros2/tower_ws/install/nav_messages/share/nav_messages/rust/src\n'}
[4.420051] (nav_messages) StdoutLine: {'line': b'-- Installing: /home/ros2/tower_ws/install/nav_messages/share/nav_messages/rust/src/msg.rs\n'}
[4.420144] (nav_messages) StdoutLine: {'line': b'-- Installing: /home/ros2/tower_ws/install/nav_messages/share/nav_messages/rust/src/lib.rs\n'}
[4.420246] (nav_messages) StdoutLine: {'line': b'-- Installing: /home/ros2/tower_ws/install/nav_messages/share/nav_messages/rust/src/msg\n'}
[4.420327] (nav_messages) StdoutLine: {'line': b'-- Installing: /home/ros2/tower_ws/install/nav_messages/share/nav_messages/rust/src/msg/rmw.rs\n'}
[4.420390] (nav_messages) StdoutLine: {'line': b'-- Installing: /home/ros2/tower_ws/install/nav_messages/share/nav_messages/rust/Cargo.toml\n'}
[4.420473] (nav_messages) StdoutLine: {'line': b'-- Installing: /home/ros2/tower_ws/install/nav_messages/share/nav_messages/msg/RadarConfigurationMessage.idl\n'}
[4.420556] (nav_messages) StdoutLine: {'line': b'-- Installing: /home/ros2/tower_ws/install/nav_messages/share/nav_messages/msg/RadarFftDataMessage.idl\n'}
[4.420648] (nav_messages) StdoutLine: {'line': b'-- Installing: /home/ros2/tower_ws/install/nav_messages/share/nav_messages/msg/CameraConfigurationMessage.idl\n'}
[4.420756] (nav_messages) StdoutLine: {'line': b'-- Installing: /home/ros2/tower_ws/install/nav_messages/share/nav_messages/msg/RadarConfigurationMessage.msg\n'}
[4.420878] (nav_messages) StdoutLine: {'line': b'-- Installing: /home/ros2/tower_ws/install/nav_messages/share/nav_messages/msg/RadarFftDataMessage.msg\n'}
[4.420988] (nav_messages) StdoutLine: {'line': b'-- Installing: /home/ros2/tower_ws/install/nav_messages/share/nav_messages/msg/CameraConfigurationMessage.msg\n'}
[4.421135] (nav_messages) StdoutLine: {'line': b'-- Installing: /home/ros2/tower_ws/install/nav_messages/share/ament_index/resource_index/package_run_dependencies/nav_messages\n'}
[4.421297] (nav_messages) StdoutLine: {'line': b'-- Installing: /home/ros2/tower_ws/install/nav_messages/share/ament_index/resource_index/parent_prefix_path/nav_messages\n'}
[4.421424] (nav_messages) StdoutLine: {'line': b'-- Installing: /home/ros2/tower_ws/install/nav_messages/share/nav_messages/environment/ament_prefix_path.sh\n'}
[4.421549] (nav_messages) StdoutLine: {'line': b'-- Installing: /home/ros2/tower_ws/install/nav_messages/share/nav_messages/environment/ament_prefix_path.dsv\n'}
[4.421674] (nav_messages) StdoutLine: {'line': b'-- Installing: /home/ros2/tower_ws/install/nav_messages/share/nav_messages/environment/path.sh\n'}
[4.421790] (nav_messages) StdoutLine: {'line': b'-- Installing: /home/ros2/tower_ws/install/nav_messages/share/nav_messages/environment/path.dsv\n'}
[4.421896] (nav_messages) StdoutLine: {'line': b'-- Installing: /home/ros2/tower_ws/install/nav_messages/share/nav_messages/local_setup.bash\n'}
[4.422004] (nav_messages) StdoutLine: {'line': b'-- Installing: /home/ros2/tower_ws/install/nav_messages/share/nav_messages/local_setup.sh\n'}
[4.422112] (nav_messages) StdoutLine: {'line': b'-- Installing: /home/ros2/tower_ws/install/nav_messages/share/nav_messages/local_setup.zsh\n'}
[4.422212] (nav_messages) StdoutLine: {'line': b'-- Installing: /home/ros2/tower_ws/install/nav_messages/share/nav_messages/local_setup.dsv\n'}
[4.422322] (nav_messages) StdoutLine: {'line': b'-- Installing: /home/ros2/tower_ws/install/nav_messages/share/nav_messages/package.dsv\n'}
[4.422483] (nav_messages) StdoutLine: {'line': b'-- Installing: /home/ros2/tower_ws/install/nav_messages/share/ament_index/resource_index/packages/nav_messages\n'}
[4.422644] (nav_messages) StdoutLine: {'line': b'-- Installing: /home/ros2/tower_ws/install/nav_messages/share/nav_messages/cmake/export_nav_messages__rosidl_generator_cExport.cmake\n'}
[4.422763] (nav_messages) StdoutLine: {'line': b'-- Installing: /home/ros2/tower_ws/install/nav_messages/share/nav_messages/cmake/export_nav_messages__rosidl_generator_cExport-noconfig.cmake\n'}
[4.422898] (nav_messages) StdoutLine: {'line': b'-- Installing: /home/ros2/tower_ws/install/nav_messages/share/nav_messages/cmake/export_nav_messages__rosidl_typesupport_fastrtps_cExport.cmake\n'}
[4.423030] (nav_messages) StdoutLine: {'line': b'-- Installing: /home/ros2/tower_ws/install/nav_messages/share/nav_messages/cmake/export_nav_messages__rosidl_typesupport_fastrtps_cExport-noconfig.cmake\n'}
[4.423171] (nav_messages) StdoutLine: {'line': b'-- Installing: /home/ros2/tower_ws/install/nav_messages/share/nav_messages/cmake/export_nav_messages__rosidl_generator_cppExport.cmake\n'}
[4.423301] (nav_messages) StdoutLine: {'line': b'-- Installing: /home/ros2/tower_ws/install/nav_messages/share/nav_messages/cmake/export_nav_messages__rosidl_typesupport_fastrtps_cppExport.cmake\n'}
[4.423426] (nav_messages) StdoutLine: {'line': b'-- Installing: /home/ros2/tower_ws/install/nav_messages/share/nav_messages/cmake/export_nav_messages__rosidl_typesupport_fastrtps_cppExport-noconfig.cmake\n'}
[4.423553] (nav_messages) StdoutLine: {'line': b'-- Installing: /home/ros2/tower_ws/install/nav_messages/share/nav_messages/cmake/nav_messages__rosidl_typesupport_introspection_cExport.cmake\n'}
[4.423670] (nav_messages) StdoutLine: {'line': b'-- Installing: /home/ros2/tower_ws/install/nav_messages/share/nav_messages/cmake/nav_messages__rosidl_typesupport_introspection_cExport-noconfig.cmake\n'}
[4.423786] (nav_messages) StdoutLine: {'line': b'-- Installing: /home/ros2/tower_ws/install/nav_messages/share/nav_messages/cmake/nav_messages__rosidl_typesupport_cExport.cmake\n'}
[4.423891] (nav_messages) StdoutLine: {'line': b'-- Installing: /home/ros2/tower_ws/install/nav_messages/share/nav_messages/cmake/nav_messages__rosidl_typesupport_cExport-noconfig.cmake\n'}
[4.424012] (nav_messages) StdoutLine: {'line': b'-- Installing: /home/ros2/tower_ws/install/nav_messages/share/nav_messages/cmake/nav_messages__rosidl_typesupport_introspection_cppExport.cmake\n'}
[4.424135] (nav_messages) StdoutLine: {'line': b'-- Installing: /home/ros2/tower_ws/install/nav_messages/share/nav_messages/cmake/nav_messages__rosidl_typesupport_introspection_cppExport-noconfig.cmake\n'}
[4.424251] (nav_messages) StdoutLine: {'line': b'-- Installing: /home/ros2/tower_ws/install/nav_messages/share/nav_messages/cmake/nav_messages__rosidl_typesupport_cppExport.cmake\n'}
[4.424390] (nav_messages) StdoutLine: {'line': b'-- Installing: /home/ros2/tower_ws/install/nav_messages/share/nav_messages/cmake/nav_messages__rosidl_typesupport_cppExport-noconfig.cmake\n'}
[4.424514] (nav_messages) StdoutLine: {'line': b'-- Installing: /home/ros2/tower_ws/install/nav_messages/share/nav_messages/cmake/export_nav_messages__rosidl_generator_pyExport.cmake\n'}
[4.424629] (nav_messages) StdoutLine: {'line': b'-- Installing: /home/ros2/tower_ws/install/nav_messages/share/nav_messages/cmake/export_nav_messages__rosidl_generator_pyExport-noconfig.cmake\n'}
[4.424733] (nav_messages) StdoutLine: {'line': b'-- Installing: /home/ros2/tower_ws/install/nav_messages/share/nav_messages/cmake/rosidl_cmake-extras.cmake\n'}
[4.424834] (nav_messages) StdoutLine: {'line': b'-- Installing: /home/ros2/tower_ws/install/nav_messages/share/nav_messages/cmake/ament_cmake_export_dependencies-extras.cmake\n'}
[4.424964] (nav_messages) StdoutLine: {'line': b'-- Installing: /home/ros2/tower_ws/install/nav_messages/share/nav_messages/cmake/ament_cmake_export_include_directories-extras.cmake\n'}
[4.425055] (nav_messages) StdoutLine: {'line': b'-- Installing: /home/ros2/tower_ws/install/nav_messages/share/nav_messages/cmake/ament_cmake_export_libraries-extras.cmake\n'}
[4.425166] (nav_messages) StdoutLine: {'line': b'-- Installing: /home/ros2/tower_ws/install/nav_messages/share/nav_messages/cmake/ament_cmake_export_targets-extras.cmake\n'}
[4.425272] (nav_messages) StdoutLine: {'line': b'-- Installing: /home/ros2/tower_ws/install/nav_messages/share/nav_messages/cmake/rosidl_cmake_export_typesupport_targets-extras.cmake\n'}
[4.425379] (nav_messages) StdoutLine: {'line': b'-- Installing: /home/ros2/tower_ws/install/nav_messages/share/nav_messages/cmake/rosidl_cmake_export_typesupport_libraries-extras.cmake\n'}
[4.425494] (nav_messages) StdoutLine: {'line': b'-- Installing: /home/ros2/tower_ws/install/nav_messages/share/nav_messages/cmake/ament_cmake_export_assemblies-extras.cmake\n'}
[4.425603] (nav_messages) StdoutLine: {'line': b'-- Installing: /home/ros2/tower_ws/install/nav_messages/share/nav_messages/cmake/rosidl_cmake_aggregate_target-extras.cmake\n'}
[4.425715] (nav_messages) StdoutLine: {'line': b'-- Installing: /home/ros2/tower_ws/install/nav_messages/share/nav_messages/cmake/nav_messagesConfig.cmake\n'}
[4.425805] (nav_messages) StdoutLine: {'line': b'-- Installing: /home/ros2/tower_ws/install/nav_messages/share/nav_messages/cmake/nav_messagesConfig-version.cmake\n'}
[4.425906] (nav_messages) StdoutLine: {'line': b'-- Installing: /home/ros2/tower_ws/install/nav_messages/share/nav_messages/package.xml\n'}
[4.428063] (nav_messages) CommandEnded: {'returncode': 0}
[4.451983] (nav_messages) JobEnded: {'identifier': 'nav_messages', 'rc': 0}
[4.452485] (nav_camera) JobStarted: {'identifier': 'nav_camera'}
[4.455181] (nav_radar) JobStarted: {'identifier': 'nav_radar'}
[4.458895] (nav_camera) JobProgress: {'identifier': 'nav_camera', 'progress': 'cmake'}
[4.459428] (nav_camera) Command: {'cmd': ['/usr/bin/cmake', '/home/ros2/tower_ws/src/navtech/src/nav_camera', '-DCMAKE_INSTALL_PREFIX=/home/ros2/tower_ws/install/nav_camera'], 'cwd': '/home/ros2/tower_ws/build/nav_camera', 'env': OrderedDict([('LESSOPEN', '| /usr/bin/lesspipe %s'), ('USER', 'ros2'), ('LC_TIME', 'lv_LV.UTF-8'), ('XDG_SESSION_TYPE', 'x11'), ('SHLVL', '1'), ('LD_LIBRARY_PATH', '/home/ros2/tower_ws/install/nav_messages/lib:/home/ros2/ros2_ws/install/zed_components/lib:/home/ros2/Downloads/final-ai/install/detectionmessage/lib:/home/ros2/Downloads/ros2cs/install/lib:/opt/ros/humble/opt/rviz_ogre_vendor/lib:/opt/ros/humble/lib/x86_64-linux-gnu:/opt/ros/humble/lib'), ('HOME', '/home/ros2'), ('OLDPWD', '/home/ros2/tower_ws/src'), ('DESKTOP_SESSION', 'ubuntu'), ('ROS_PYTHON_VERSION', '3'), ('GNOME_SHELL_SESSION_MODE', 'ubuntu'), ('GTK_MODULES', 'gail:atk-bridge'), ('LC_MONETARY', 'lv_LV.UTF-8'), ('SYSTEMD_EXEC_PID', '2112'), ('DBUS_SESSION_BUS_ADDRESS', 'unix:path=/run/user/1000/bus'), ('COLORTERM', 'truecolor'), ('COLCON_PREFIX_PATH', '/home/ros2/ros2_ws/install:/home/ros2/Downloads/final-ai/install:/home/ros2/Downloads/ros2cs/install'), ('ROS_DISTRO', 'humble'), ('GTK_IM_MODULE', 'ibus'), ('LOGNAME', 'ros2'), ('_', '/usr/bin/colcon'), ('ROS_VERSION', '2'), ('XDG_SESSION_CLASS', 'user'), ('USERNAME', 'ros2'), ('TERM', 'xterm-256color'), ('GNOME_DESKTOP_SESSION_ID', 'this-is-deprecated'), ('ROS_LOCALHOST_ONLY', '0'), ('WINDOWPATH', '2'), ('PATH', '/opt/ros/humble/bin:/home/ros2/.local/bin:/usr/local/sbin:/usr/local/bin:/usr/sbin:/usr/bin:/sbin:/bin:/usr/games:/usr/local/games:/snap/bin:/snap/bin:/home/ros2/.dotnet/tools'), ('SESSION_MANAGER', 'local/ros2:@/tmp/.ICE-unix/1944,unix/ros2:/tmp/.ICE-unix/1944'), ('XDG_MENU_PREFIX', 'gnome-'), ('LC_ADDRESS', 'lv_LV.UTF-8'), ('GNOME_TERMINAL_SCREEN', '/org/gnome/Terminal/screen/52a08a4d_bf9a_4dd1_a4c1_fcd2684cb791'), ('XDG_RUNTIME_DIR', '/run/user/1000'), ('DISPLAY', ':1'), ('LANG', 'en_US.UTF-8'), ('XDG_CURRENT_DESKTOP', 'ubuntu:GNOME'), ('DOTNET_BUNDLE_EXTRACT_BASE_DIR', '/home/ros2/.cache/dotnet_bundle_extract'), ('LC_TELEPHONE', 'lv_LV.UTF-8'), ('XMODIFIERS', '@im=ibus'), ('XDG_SESSION_DESKTOP', 'ubuntu'), ('XAUTHORITY', '/run/user/1000/gdm/Xauthority'), ('LS_COLORS', 'rs=0:di=01;34:ln=01;36:mh=00:pi=40;33:so=01;35:do=01;35:bd=40;33;01:cd=40;33;01:or=40;31;01:mi=00:su=37;41:sg=30;43:ca=30;41:tw=30;42:ow=34;42:st=37;44:ex=01;32:*.tar=01;31:*.tgz=01;31:*.arc=01;31:*.arj=01;31:*.taz=01;31:*.lha=01;31:*.lz4=01;31:*.lzh=01;31:*.lzma=01;31:*.tlz=01;31:*.txz=01;31:*.tzo=01;31:*.t7z=01;31:*.zip=01;31:*.z=01;31:*.dz=01;31:*.gz=01;31:*.lrz=01;31:*.lz=01;31:*.lzo=01;31:*.xz=01;31:*.zst=01;31:*.tzst=01;31:*.bz2=01;31:*.bz=01;31:*.tbz=01;31:*.tbz2=01;31:*.tz=01;31:*.deb=01;31:*.rpm=01;31:*.jar=01;31:*.war=01;31:*.ear=01;31:*.sar=01;31:*.rar=01;31:*.alz=01;31:*.ace=01;31:*.zoo=01;31:*.cpio=01;31:*.7z=01;31:*.rz=01;31:*.cab=01;31:*.wim=01;31:*.swm=01;31:*.dwm=01;31:*.esd=01;31:*.jpg=01;35:*.jpeg=01;35:*.mjpg=01;35:*.mjpeg=01;35:*.gif=01;35:*.bmp=01;35:*.pbm=01;35:*.pgm=01;35:*.ppm=01;35:*.tga=01;35:*.xbm=01;35:*.xpm=01;35:*.tif=01;35:*.tiff=01;35:*.png=01;35:*.svg=01;35:*.svgz=01;35:*.mng=01;35:*.pcx=01;35:*.mov=01;35:*.mpg=01;35:*.mpeg=01;35:*.m2v=01;35:*.mkv=01;35:*.webm=01;35:*.webp=01;35:*.ogm=01;35:*.mp4=01;35:*.m4v=01;35:*.mp4v=01;35:*.vob=01;35:*.qt=01;35:*.nuv=01;35:*.wmv=01;35:*.asf=01;35:*.rm=01;35:*.rmvb=01;35:*.flc=01;35:*.avi=01;35:*.fli=01;35:*.flv=01;35:*.gl=01;35:*.dl=01;35:*.xcf=01;35:*.xwd=01;35:*.yuv=01;35:*.cgm=01;35:*.emf=01;35:*.ogv=01;35:*.ogx=01;35:*.aac=00;36:*.au=00;36:*.flac=00;36:*.m4a=00;36:*.mid=00;36:*.midi=00;36:*.mka=00;36:*.mp3=00;36:*.mpc=00;36:*.ogg=00;36:*.ra=00;36:*.wav=00;36:*.oga=00;36:*.opus=00;36:*.spx=00;36:*.xspf=00;36:'), ('GNOME_TERMINAL_SERVICE', ':1.103'), ('SSH_AGENT_LAUNCHER', 'gnome-keyring'), ('SSH_AUTH_SOCK', '/run/user/1000/keyring/ssh'), ('AMENT_PREFIX_PATH', '/home/ros2/tower_ws/install/nav_messages:/home/ros2/ros2_ws/install/zed_ros2:/home/ros2/ros2_ws/install/zed_wrapper:/home/ros2/ros2_ws/install/zed_components:/home/ros2/Downloads/final-ai/install/py_fakedata:/home/ros2/Downloads/final-ai/install/py_detectionmessage:/home/ros2/Downloads/final-ai/install/py_aiproc:/home/ros2/Downloads/final-ai/install/detectionmessage:/home/ros2/Downloads/ros2cs/install:/opt/ros/humble'), ('SHELL', '/bin/bash'), ('LC_NAME', 'lv_LV.UTF-8'), ('QT_ACCESSIBILITY', '1'), ('GDMSESSION', 'ubuntu'), ('LESSCLOSE', '/usr/bin/lesspipe %s %s'), ('LC_MEASUREMENT', 'lv_LV.UTF-8'), ('GPG_AGENT_INFO', '/run/user/1000/gnupg/S.gpg-agent:0:1'), ('LC_IDENTIFICATION', 'lv_LV.UTF-8'), ('QT_IM_MODULE', 'ibus'), ('PWD', '/home/ros2/tower_ws/build/nav_camera'), ('XDG_CONFIG_DIRS', '/etc/xdg/xdg-ubuntu:/etc/xdg'), ('XDG_DATA_DIRS', '/usr/share/ubuntu:/usr/share/gnome:/usr/local/share/:/usr/share/:/var/lib/snapd/desktop'), ('PYTHONPATH', '/home/ros2/tower_ws/install/nav_messages/local/lib/python3.10/dist-packages:/home/ros2/Downloads/final-ai/install/py_fakedata/lib/python3.10/site-packages:/home/ros2/Downloads/final-ai/install/py_detectionmessage/lib/python3.10/site-packages:/home/ros2/Downloads/final-ai/install/py_aiproc/lib/python3.10/site-packages:/home/ros2/Downloads/final-ai/install/detectionmessage/local/lib/python3.10/dist-packages:/home/ros2/Downloads/ros2cs/install/lib/python3.10/site-packages:/home/ros2/Downloads/ros2cs/install/local/lib/python3.10/dist-packages:/opt/ros/humble/lib/python3.10/site-packages:/opt/ros/humble/local/lib/python3.10/dist-packages'), ('LC_NUMERIC', 'lv_LV.UTF-8'), ('LC_PAPER', 'lv_LV.UTF-8'), ('COLCON', '1'), ('VTE_VERSION', '6800'), ('CMAKE_PREFIX_PATH', '/home/ros2/tower_ws/install/nav_messages:/home/ros2/ros2_ws/install/zed_ros2:/home/ros2/ros2_ws/install/zed_wrapper:/home/ros2/ros2_ws/install/zed_components:/home/ros2/Downloads/final-ai/install/detectionmessage:/home/ros2/Downloads/ros2cs/install:/home/ros2/Downloads/final-ai/install/py_fakedata:/home/ros2/Downloads/final-ai/install/py_detectionmessage:/home/ros2/Downloads/final-ai/install/py_aiproc:/opt/ros/humble')]), 'shell': False}
[4.461612] (nav_radar) JobProgress: {'identifier': 'nav_radar', 'progress': 'cmake'}
[4.462007] (nav_radar) Command: {'cmd': ['/usr/bin/cmake', '/home/ros2/tower_ws/src/navtech/src/nav_radar', '-DCMAKE_INSTALL_PREFIX=/home/ros2/tower_ws/install/nav_radar'], 'cwd': '/home/ros2/tower_ws/build/nav_radar', 'env': OrderedDict([('LESSOPEN', '| /usr/bin/lesspipe %s'), ('USER', 'ros2'), ('LC_TIME', 'lv_LV.UTF-8'), ('XDG_SESSION_TYPE', 'x11'), ('SHLVL', '1'), ('LD_LIBRARY_PATH', '/home/ros2/tower_ws/install/nav_messages/lib:/home/ros2/ros2_ws/install/zed_components/lib:/home/ros2/Downloads/final-ai/install/detectionmessage/lib:/home/ros2/Downloads/ros2cs/install/lib:/opt/ros/humble/opt/rviz_ogre_vendor/lib:/opt/ros/humble/lib/x86_64-linux-gnu:/opt/ros/humble/lib'), ('HOME', '/home/ros2'), ('OLDPWD', '/home/ros2/tower_ws/src'), ('DESKTOP_SESSION', 'ubuntu'), ('ROS_PYTHON_VERSION', '3'), ('GNOME_SHELL_SESSION_MODE', 'ubuntu'), ('GTK_MODULES', 'gail:atk-bridge'), ('LC_MONETARY', 'lv_LV.UTF-8'), ('SYSTEMD_EXEC_PID', '2112'), ('DBUS_SESSION_BUS_ADDRESS', 'unix:path=/run/user/1000/bus'), ('COLORTERM', 'truecolor'), ('COLCON_PREFIX_PATH', '/home/ros2/ros2_ws/install:/home/ros2/Downloads/final-ai/install:/home/ros2/Downloads/ros2cs/install'), ('ROS_DISTRO', 'humble'), ('GTK_IM_MODULE', 'ibus'), ('LOGNAME', 'ros2'), ('_', '/usr/bin/colcon'), ('ROS_VERSION', '2'), ('XDG_SESSION_CLASS', 'user'), ('USERNAME', 'ros2'), ('TERM', 'xterm-256color'), ('GNOME_DESKTOP_SESSION_ID', 'this-is-deprecated'), ('ROS_LOCALHOST_ONLY', '0'), ('WINDOWPATH', '2'), ('PATH', '/opt/ros/humble/bin:/home/ros2/.local/bin:/usr/local/sbin:/usr/local/bin:/usr/sbin:/usr/bin:/sbin:/bin:/usr/games:/usr/local/games:/snap/bin:/snap/bin:/home/ros2/.dotnet/tools'), ('SESSION_MANAGER', 'local/ros2:@/tmp/.ICE-unix/1944,unix/ros2:/tmp/.ICE-unix/1944'), ('XDG_MENU_PREFIX', 'gnome-'), ('LC_ADDRESS', 'lv_LV.UTF-8'), ('GNOME_TERMINAL_SCREEN', '/org/gnome/Terminal/screen/52a08a4d_bf9a_4dd1_a4c1_fcd2684cb791'), ('XDG_RUNTIME_DIR', '/run/user/1000'), ('DISPLAY', ':1'), ('LANG', 'en_US.UTF-8'), ('XDG_CURRENT_DESKTOP', 'ubuntu:GNOME'), ('DOTNET_BUNDLE_EXTRACT_BASE_DIR', '/home/ros2/.cache/dotnet_bundle_extract'), ('LC_TELEPHONE', 'lv_LV.UTF-8'), ('XMODIFIERS', '@im=ibus'), ('XDG_SESSION_DESKTOP', 'ubuntu'), ('XAUTHORITY', '/run/user/1000/gdm/Xauthority'), ('LS_COLORS', 'rs=0:di=01;34:ln=01;36:mh=00:pi=40;33:so=01;35:do=01;35:bd=40;33;01:cd=40;33;01:or=40;31;01:mi=00:su=37;41:sg=30;43:ca=30;41:tw=30;42:ow=34;42:st=37;44:ex=01;32:*.tar=01;31:*.tgz=01;31:*.arc=01;31:*.arj=01;31:*.taz=01;31:*.lha=01;31:*.lz4=01;31:*.lzh=01;31:*.lzma=01;31:*.tlz=01;31:*.txz=01;31:*.tzo=01;31:*.t7z=01;31:*.zip=01;31:*.z=01;31:*.dz=01;31:*.gz=01;31:*.lrz=01;31:*.lz=01;31:*.lzo=01;31:*.xz=01;31:*.zst=01;31:*.tzst=01;31:*.bz2=01;31:*.bz=01;31:*.tbz=01;31:*.tbz2=01;31:*.tz=01;31:*.deb=01;31:*.rpm=01;31:*.jar=01;31:*.war=01;31:*.ear=01;31:*.sar=01;31:*.rar=01;31:*.alz=01;31:*.ace=01;31:*.zoo=01;31:*.cpio=01;31:*.7z=01;31:*.rz=01;31:*.cab=01;31:*.wim=01;31:*.swm=01;31:*.dwm=01;31:*.esd=01;31:*.jpg=01;35:*.jpeg=01;35:*.mjpg=01;35:*.mjpeg=01;35:*.gif=01;35:*.bmp=01;35:*.pbm=01;35:*.pgm=01;35:*.ppm=01;35:*.tga=01;35:*.xbm=01;35:*.xpm=01;35:*.tif=01;35:*.tiff=01;35:*.png=01;35:*.svg=01;35:*.svgz=01;35:*.mng=01;35:*.pcx=01;35:*.mov=01;35:*.mpg=01;35:*.mpeg=01;35:*.m2v=01;35:*.mkv=01;35:*.webm=01;35:*.webp=01;35:*.ogm=01;35:*.mp4=01;35:*.m4v=01;35:*.mp4v=01;35:*.vob=01;35:*.qt=01;35:*.nuv=01;35:*.wmv=01;35:*.asf=01;35:*.rm=01;35:*.rmvb=01;35:*.flc=01;35:*.avi=01;35:*.fli=01;35:*.flv=01;35:*.gl=01;35:*.dl=01;35:*.xcf=01;35:*.xwd=01;35:*.yuv=01;35:*.cgm=01;35:*.emf=01;35:*.ogv=01;35:*.ogx=01;35:*.aac=00;36:*.au=00;36:*.flac=00;36:*.m4a=00;36:*.mid=00;36:*.midi=00;36:*.mka=00;36:*.mp3=00;36:*.mpc=00;36:*.ogg=00;36:*.ra=00;36:*.wav=00;36:*.oga=00;36:*.opus=00;36:*.spx=00;36:*.xspf=00;36:'), ('GNOME_TERMINAL_SERVICE', ':1.103'), ('SSH_AGENT_LAUNCHER', 'gnome-keyring'), ('SSH_AUTH_SOCK', '/run/user/1000/keyring/ssh'), ('AMENT_PREFIX_PATH', '/home/ros2/tower_ws/install/nav_messages:/home/ros2/ros2_ws/install/zed_ros2:/home/ros2/ros2_ws/install/zed_wrapper:/home/ros2/ros2_ws/install/zed_components:/home/ros2/Downloads/final-ai/install/py_fakedata:/home/ros2/Downloads/final-ai/install/py_detectionmessage:/home/ros2/Downloads/final-ai/install/py_aiproc:/home/ros2/Downloads/final-ai/install/detectionmessage:/home/ros2/Downloads/ros2cs/install:/opt/ros/humble'), ('SHELL', '/bin/bash'), ('LC_NAME', 'lv_LV.UTF-8'), ('QT_ACCESSIBILITY', '1'), ('GDMSESSION', 'ubuntu'), ('LESSCLOSE', '/usr/bin/lesspipe %s %s'), ('LC_MEASUREMENT', 'lv_LV.UTF-8'), ('GPG_AGENT_INFO', '/run/user/1000/gnupg/S.gpg-agent:0:1'), ('LC_IDENTIFICATION', 'lv_LV.UTF-8'), ('QT_IM_MODULE', 'ibus'), ('PWD', '/home/ros2/tower_ws/build/nav_radar'), ('XDG_CONFIG_DIRS', '/etc/xdg/xdg-ubuntu:/etc/xdg'), ('XDG_DATA_DIRS', '/usr/share/ubuntu:/usr/share/gnome:/usr/local/share/:/usr/share/:/var/lib/snapd/desktop'), ('PYTHONPATH', '/home/ros2/tower_ws/install/nav_messages/local/lib/python3.10/dist-packages:/home/ros2/Downloads/final-ai/install/py_fakedata/lib/python3.10/site-packages:/home/ros2/Downloads/final-ai/install/py_detectionmessage/lib/python3.10/site-packages:/home/ros2/Downloads/final-ai/install/py_aiproc/lib/python3.10/site-packages:/home/ros2/Downloads/final-ai/install/detectionmessage/local/lib/python3.10/dist-packages:/home/ros2/Downloads/ros2cs/install/lib/python3.10/site-packages:/home/ros2/Downloads/ros2cs/install/local/lib/python3.10/dist-packages:/opt/ros/humble/lib/python3.10/site-packages:/opt/ros/humble/local/lib/python3.10/dist-packages'), ('LC_NUMERIC', 'lv_LV.UTF-8'), ('LC_PAPER', 'lv_LV.UTF-8'), ('COLCON', '1'), ('VTE_VERSION', '6800'), ('CMAKE_PREFIX_PATH', '/home/ros2/tower_ws/install/nav_messages:/home/ros2/ros2_ws/install/zed_ros2:/home/ros2/ros2_ws/install/zed_wrapper:/home/ros2/ros2_ws/install/zed_components:/home/ros2/Downloads/final-ai/install/detectionmessage:/home/ros2/Downloads/ros2cs/install:/home/ros2/Downloads/final-ai/install/py_fakedata:/home/ros2/Downloads/final-ai/install/py_detectionmessage:/home/ros2/Downloads/final-ai/install/py_aiproc:/opt/ros/humble')]), 'shell': False}
[4.508967] (-) TimerEvent: {}
[4.510355] (nav_camera) StdoutLine: {'line': b'-- The C compiler identification is GNU 11.4.0\n'}
[4.512158] (nav_radar) StdoutLine: {'line': b'-- The C compiler identification is GNU 11.4.0\n'}
[4.552888] (nav_camera) StdoutLine: {'line': b'-- The CXX compiler identification is GNU 11.4.0\n'}
[4.558009] (nav_radar) StdoutLine: {'line': b'-- The CXX compiler identification is GNU 11.4.0\n'}
[4.558413] (nav_camera) StdoutLine: {'line': b'-- Detecting C compiler ABI info\n'}
[4.564518] (nav_radar) StdoutLine: {'line': b'-- Detecting C compiler ABI info\n'}
[4.609081] (-) TimerEvent: {}
[4.618143] (nav_camera) StdoutLine: {'line': b'-- Detecting C compiler ABI info - done\n'}
[4.622903] (nav_camera) StdoutLine: {'line': b'-- Check for working C compiler: /usr/bin/cc - skipped\n'}
[4.623095] (nav_camera) StdoutLine: {'line': b'-- Detecting C compile features\n'}
[4.623244] (nav_camera) StdoutLine: {'line': b'-- Detecting C compile features - done\n'}
[4.625231] (nav_camera) StdoutLine: {'line': b'-- Detecting CXX compiler ABI info\n'}
[4.627334] (nav_radar) StdoutLine: {'line': b'-- Detecting C compiler ABI info - done\n'}
[4.634790] (nav_radar) StdoutLine: {'line': b'-- Check for working C compiler: /usr/bin/cc - skipped\n'}
[4.634999] (nav_radar) StdoutLine: {'line': b'-- Detecting C compile features\n'}
[4.635400] (nav_radar) StdoutLine: {'line': b'-- Detecting C compile features - done\n'}
[4.638361] (nav_radar) StdoutLine: {'line': b'-- Detecting CXX compiler ABI info\n'}
[4.693449] (nav_camera) StdoutLine: {'line': b'-- Detecting CXX compiler ABI info - done\n'}
[4.700898] (nav_camera) StdoutLine: {'line': b'-- Check for working CXX compiler: /usr/bin/c++ - skipped\n'}
[4.701125] (nav_camera) StdoutLine: {'line': b'-- Detecting CXX compile features\n'}
[4.701595] (nav_camera) StdoutLine: {'line': b'-- Detecting CXX compile features - done\n'}
[4.706907] (nav_camera) StdoutLine: {'line': b'-- Found ament_cmake: 1.3.14 (/opt/ros/humble/share/ament_cmake/cmake)\n'}
[4.709142] (-) TimerEvent: {}
[4.713092] (nav_radar) StdoutLine: {'line': b'-- Detecting CXX compiler ABI info - done\n'}
[4.718646] (nav_radar) StdoutLine: {'line': b'-- Check for working CXX compiler: /usr/bin/c++ - skipped\n'}
[4.718821] (nav_radar) StdoutLine: {'line': b'-- Detecting CXX compile features\n'}
[4.719115] (nav_radar) StdoutLine: {'line': b'-- Detecting CXX compile features - done\n'}
[4.721407] (nav_radar) StdoutLine: {'line': b'-- Found ament_cmake: 1.3.14 (/opt/ros/humble/share/ament_cmake/cmake)\n'}
[4.809247] (-) TimerEvent: {}
[4.856170] (nav_camera) StdoutLine: {'line': b'-- Found Python3: /usr/bin/python3 (found version "3.10.12") found components: Interpreter \n'}
[4.864079] (nav_radar) StdoutLine: {'line': b'-- Found Python3: /usr/bin/python3 (found version "3.10.12") found components: Interpreter \n'}
[4.876863] (IASDK) StdoutLine: {'line': b'[ 90%] \x1b[32m\x1b[1mLinking CXX executable bin/nmea_server\x1b[0m\n'}
[4.909329] (-) TimerEvent: {}
[4.935529] (IASDK) StdoutLine: {'line': b'[ 91%] \x1b[32m\x1b[1mLinking CXX executable bin/nmea_client\x1b[0m\n'}
[4.948555] (nav_camera) StdoutLine: {'line': b'-- Found rclcpp: 16.0.19 (/opt/ros/humble/share/rclcpp/cmake)\n'}
[4.951755] (nav_radar) StdoutLine: {'line': b'-- Found rclcpp: 16.0.19 (/opt/ros/humble/share/rclcpp/cmake)\n'}
[5.003291] (nav_camera) StdoutLine: {'line': b'-- Found rosidl_generator_c: 3.1.9 (/opt/ros/humble/share/rosidl_generator_c/cmake)\n'}
[5.008493] (nav_camera) StdoutLine: {'line': b'-- Found rosidl_adapter: 3.1.9 (/opt/ros/humble/share/rosidl_adapter/cmake)\n'}
[5.008768] (nav_radar) StdoutLine: {'line': b'-- Found rosidl_generator_c: 3.1.9 (/opt/ros/humble/share/rosidl_generator_c/cmake)\n'}
[5.009141] (IASDK) StdoutLine: {'line': b'[ 91%] Built target nmea_server\n'}
[5.009382] (-) TimerEvent: {}
[5.015938] (nav_camera) StdoutLine: {'line': b'-- Found rosidl_generator_cpp: 3.1.9 (/opt/ros/humble/share/rosidl_generator_cpp/cmake)\n'}
[5.016215] (nav_radar) StdoutLine: {'line': b'-- Found rosidl_adapter: 3.1.9 (/opt/ros/humble/share/rosidl_adapter/cmake)\n'}
[5.024848] (nav_radar) StdoutLine: {'line': b'-- Found rosidl_generator_cpp: 3.1.9 (/opt/ros/humble/share/rosidl_generator_cpp/cmake)\n'}
[5.026581] (nav_camera) StdoutLine: {'line': b'-- Using all available rosidl_typesupport_c: rosidl_typesupport_fastrtps_c;rosidl_typesupport_introspection_c\n'}
[5.033492] (IASDK) StdoutLine: {'line': b'[ 93%] \x1b[32m\x1b[1mLinking CXX executable bin/cat240_client\x1b[0m\n'}
[5.034469] (nav_radar) StdoutLine: {'line': b'-- Using all available rosidl_typesupport_c: rosidl_typesupport_fastrtps_c;rosidl_typesupport_introspection_c\n'}
[5.040327] (nav_camera) StdoutLine: {'line': b'-- Using all available rosidl_typesupport_cpp: rosidl_typesupport_fastrtps_cpp;rosidl_typesupport_introspection_cpp\n'}
[5.047822] (nav_radar) StdoutLine: {'line': b'-- Using all available rosidl_typesupport_cpp: rosidl_typesupport_fastrtps_cpp;rosidl_typesupport_introspection_cpp\n'}
[5.073063] (IASDK) StdoutLine: {'line': b'[ 93%] Built target nmea_client\n'}
[5.091680] (nav_camera) StdoutLine: {'line': b'-- Found rmw_implementation_cmake: 6.1.3 (/opt/ros/humble/share/rmw_implementation_cmake/cmake)\n'}
[5.091824] (nav_radar) StdoutLine: {'line': b'-- Found rmw_implementation_cmake: 6.1.3 (/opt/ros/humble/share/rmw_implementation_cmake/cmake)\n'}
[5.094403] (nav_camera) StdoutLine: {'line': b'-- Found rmw_fastrtps_cpp: 6.2.10 (/opt/ros/humble/share/rmw_fastrtps_cpp/cmake)\n'}
[5.094561] (nav_radar) StdoutLine: {'line': b'-- Found rmw_fastrtps_cpp: 6.2.10 (/opt/ros/humble/share/rmw_fastrtps_cpp/cmake)\n'}
[5.109472] (-) TimerEvent: {}
[5.162440] (nav_camera) StdoutLine: {'line': b'-- Found OpenSSL: /usr/lib/x86_64-linux-gnu/libcrypto.so (found version "3.0.2")  \n'}
[5.163090] (nav_radar) StdoutLine: {'line': b'-- Found OpenSSL: /usr/lib/x86_64-linux-gnu/libcrypto.so (found version "3.0.2")  \n'}
[5.166211] (IASDK) StdoutLine: {'line': b'[ 93%] Built target cat240_client\n'}
[5.180782] (nav_camera) StdoutLine: {'line': b'-- Found FastRTPS: /opt/ros/humble/include  \n'}
[5.181161] (nav_radar) StdoutLine: {'line': b'-- Found FastRTPS: /opt/ros/humble/include  \n'}
[5.208231] (nav_radar) StdoutLine: {'line': b"-- Using RMW implementation 'rmw_fastrtps_cpp' as default\n"}
[5.209535] (-) TimerEvent: {}
[5.211579] (nav_camera) StdoutLine: {'line': b"-- Using RMW implementation 'rmw_fastrtps_cpp' as default\n"}
[5.217575] (nav_radar) StdoutLine: {'line': b'-- Looking for pthread.h\n'}
[5.219064] (nav_camera) StdoutLine: {'line': b'-- Looking for pthread.h\n'}
[5.266319] (nav_camera) StdoutLine: {'line': b'-- Looking for pthread.h - found\n'}
[5.266696] (nav_camera) StdoutLine: {'line': b'-- Performing Test CMAKE_HAVE_LIBC_PTHREAD\n'}
[5.269220] (nav_radar) StdoutLine: {'line': b'-- Looking for pthread.h - found\n'}
[5.269409] (nav_radar) StdoutLine: {'line': b'-- Performing Test CMAKE_HAVE_LIBC_PTHREAD\n'}
[5.309659] (-) TimerEvent: {}
[5.318880] (nav_camera) StdoutLine: {'line': b'-- Performing Test CMAKE_HAVE_LIBC_PTHREAD - Success\n'}
[5.319892] (nav_camera) StdoutLine: {'line': b'-- Found Threads: TRUE  \n'}
[5.325104] (nav_radar) StdoutLine: {'line': b'-- Performing Test CMAKE_HAVE_LIBC_PTHREAD - Success\n'}
[5.326148] (nav_radar) StdoutLine: {'line': b'-- Found Threads: TRUE  \n'}
[5.367499] (IASDK) StdoutLine: {'line': b'[ 94%] \x1b[32m\x1b[1mLinking CXX executable bin/colossus_udp_client\x1b[0m\n'}
[5.375118] (nav_camera) StdoutLine: {'line': b'-- Found nav_messages: 1.0.0 (/home/ros2/tower_ws/install/nav_messages/share/nav_messages/cmake)\n'}
[5.376648] (nav_radar) StdoutLine: {'line': b'-- Found tf2: 0.25.18 (/home/ros2/Downloads/ros2cs/install/share/tf2/cmake)\n'}
[5.392128] (nav_camera) StdoutLine: {'line': b'-- Found sensor_msgs: 4.9.0 (/home/ros2/Downloads/ros2cs/install/share/sensor_msgs/cmake)\n'}
[5.404525] (nav_radar) StdoutLine: {'line': b'-- Found tf2_ros: 0.25.18 (/home/ros2/Downloads/ros2cs/install/share/tf2_ros/cmake)\n'}
[5.409735] (-) TimerEvent: {}
[5.425948] (nav_camera) StdoutLine: {'line': b'-- Found OpenCV: /usr (found suitable version "4.5.4", minimum required is "4.2.0") \n'}
[5.448530] (IASDK) StdoutLine: {'line': b'[ 95%] \x1b[32m\x1b[1mLinking CXX executable bin/navigation_client\x1b[0m\n'}
[5.452093] (IASDK) StdoutLine: {'line': b'[ 97%] \x1b[32m\x1b[1mLinking CXX executable bin/colossus_relay\x1b[0m\n'}
[5.472554] (IASDK) StdoutLine: {'line': b'[ 98%] \x1b[32m\x1b[1mLinking CXX executable bin/colossus_client\x1b[0m\n'}
[5.474175] (IASDK) StdoutLine: {'line': b'[100%] \x1b[32m\x1b[1mLinking CXX executable bin/connection_tester\x1b[0m\n'}
[5.481127] (nav_camera) StdoutLine: {'line': b'-- Configuring done\n'}
[5.497504] (nav_radar) StdoutLine: {'line': b'-- Found nav_messages: 1.0.0 (/home/ros2/tower_ws/install/nav_messages/share/nav_messages/cmake)\n'}
[5.501867] (IASDK) StdoutLine: {'line': b'[100%] Built target colossus_udp_client\n'}
[5.504023] (nav_camera) StdoutLine: {'line': b'-- Generating done\n'}
[5.507516] (nav_radar) StdoutLine: {'line': b'-- Found sensor_msgs: 4.9.0 (/home/ros2/Downloads/ros2cs/install/share/sensor_msgs/cmake)\n'}
[5.509825] (-) TimerEvent: {}
[5.510927] (nav_camera) StdoutLine: {'line': b'-- Build files have been written to: /home/ros2/tower_ws/build/nav_camera\n'}
[5.518312] (nav_camera) CommandEnded: {'returncode': 0}
[5.518780] (nav_camera) JobProgress: {'identifier': 'nav_camera', 'progress': 'build'}
[5.519058] (nav_camera) Command: {'cmd': ['/usr/bin/cmake', '--build', '/home/ros2/tower_ws/build/nav_camera', '--', '-j24', '-l24'], 'cwd': '/home/ros2/tower_ws/build/nav_camera', 'env': OrderedDict([('LESSOPEN', '| /usr/bin/lesspipe %s'), ('USER', 'ros2'), ('LC_TIME', 'lv_LV.UTF-8'), ('XDG_SESSION_TYPE', 'x11'), ('SHLVL', '1'), ('LD_LIBRARY_PATH', '/home/ros2/tower_ws/install/nav_messages/lib:/home/ros2/ros2_ws/install/zed_components/lib:/home/ros2/Downloads/final-ai/install/detectionmessage/lib:/home/ros2/Downloads/ros2cs/install/lib:/opt/ros/humble/opt/rviz_ogre_vendor/lib:/opt/ros/humble/lib/x86_64-linux-gnu:/opt/ros/humble/lib'), ('HOME', '/home/ros2'), ('OLDPWD', '/home/ros2/tower_ws/src'), ('DESKTOP_SESSION', 'ubuntu'), ('ROS_PYTHON_VERSION', '3'), ('GNOME_SHELL_SESSION_MODE', 'ubuntu'), ('GTK_MODULES', 'gail:atk-bridge'), ('LC_MONETARY', 'lv_LV.UTF-8'), ('SYSTEMD_EXEC_PID', '2112'), ('DBUS_SESSION_BUS_ADDRESS', 'unix:path=/run/user/1000/bus'), ('COLORTERM', 'truecolor'), ('COLCON_PREFIX_PATH', '/home/ros2/ros2_ws/install:/home/ros2/Downloads/final-ai/install:/home/ros2/Downloads/ros2cs/install'), ('ROS_DISTRO', 'humble'), ('GTK_IM_MODULE', 'ibus'), ('LOGNAME', 'ros2'), ('_', '/usr/bin/colcon'), ('ROS_VERSION', '2'), ('XDG_SESSION_CLASS', 'user'), ('USERNAME', 'ros2'), ('TERM', 'xterm-256color'), ('GNOME_DESKTOP_SESSION_ID', 'this-is-deprecated'), ('ROS_LOCALHOST_ONLY', '0'), ('WINDOWPATH', '2'), ('PATH', '/opt/ros/humble/bin:/home/ros2/.local/bin:/usr/local/sbin:/usr/local/bin:/usr/sbin:/usr/bin:/sbin:/bin:/usr/games:/usr/local/games:/snap/bin:/snap/bin:/home/ros2/.dotnet/tools'), ('SESSION_MANAGER', 'local/ros2:@/tmp/.ICE-unix/1944,unix/ros2:/tmp/.ICE-unix/1944'), ('XDG_MENU_PREFIX', 'gnome-'), ('LC_ADDRESS', 'lv_LV.UTF-8'), ('GNOME_TERMINAL_SCREEN', '/org/gnome/Terminal/screen/52a08a4d_bf9a_4dd1_a4c1_fcd2684cb791'), ('XDG_RUNTIME_DIR', '/run/user/1000'), ('DISPLAY', ':1'), ('LANG', 'en_US.UTF-8'), ('XDG_CURRENT_DESKTOP', 'ubuntu:GNOME'), ('DOTNET_BUNDLE_EXTRACT_BASE_DIR', '/home/ros2/.cache/dotnet_bundle_extract'), ('LC_TELEPHONE', 'lv_LV.UTF-8'), ('XMODIFIERS', '@im=ibus'), ('XDG_SESSION_DESKTOP', 'ubuntu'), ('XAUTHORITY', '/run/user/1000/gdm/Xauthority'), ('LS_COLORS', 'rs=0:di=01;34:ln=01;36:mh=00:pi=40;33:so=01;35:do=01;35:bd=40;33;01:cd=40;33;01:or=40;31;01:mi=00:su=37;41:sg=30;43:ca=30;41:tw=30;42:ow=34;42:st=37;44:ex=01;32:*.tar=01;31:*.tgz=01;31:*.arc=01;31:*.arj=01;31:*.taz=01;31:*.lha=01;31:*.lz4=01;31:*.lzh=01;31:*.lzma=01;31:*.tlz=01;31:*.txz=01;31:*.tzo=01;31:*.t7z=01;31:*.zip=01;31:*.z=01;31:*.dz=01;31:*.gz=01;31:*.lrz=01;31:*.lz=01;31:*.lzo=01;31:*.xz=01;31:*.zst=01;31:*.tzst=01;31:*.bz2=01;31:*.bz=01;31:*.tbz=01;31:*.tbz2=01;31:*.tz=01;31:*.deb=01;31:*.rpm=01;31:*.jar=01;31:*.war=01;31:*.ear=01;31:*.sar=01;31:*.rar=01;31:*.alz=01;31:*.ace=01;31:*.zoo=01;31:*.cpio=01;31:*.7z=01;31:*.rz=01;31:*.cab=01;31:*.wim=01;31:*.swm=01;31:*.dwm=01;31:*.esd=01;31:*.jpg=01;35:*.jpeg=01;35:*.mjpg=01;35:*.mjpeg=01;35:*.gif=01;35:*.bmp=01;35:*.pbm=01;35:*.pgm=01;35:*.ppm=01;35:*.tga=01;35:*.xbm=01;35:*.xpm=01;35:*.tif=01;35:*.tiff=01;35:*.png=01;35:*.svg=01;35:*.svgz=01;35:*.mng=01;35:*.pcx=01;35:*.mov=01;35:*.mpg=01;35:*.mpeg=01;35:*.m2v=01;35:*.mkv=01;35:*.webm=01;35:*.webp=01;35:*.ogm=01;35:*.mp4=01;35:*.m4v=01;35:*.mp4v=01;35:*.vob=01;35:*.qt=01;35:*.nuv=01;35:*.wmv=01;35:*.asf=01;35:*.rm=01;35:*.rmvb=01;35:*.flc=01;35:*.avi=01;35:*.fli=01;35:*.flv=01;35:*.gl=01;35:*.dl=01;35:*.xcf=01;35:*.xwd=01;35:*.yuv=01;35:*.cgm=01;35:*.emf=01;35:*.ogv=01;35:*.ogx=01;35:*.aac=00;36:*.au=00;36:*.flac=00;36:*.m4a=00;36:*.mid=00;36:*.midi=00;36:*.mka=00;36:*.mp3=00;36:*.mpc=00;36:*.ogg=00;36:*.ra=00;36:*.wav=00;36:*.oga=00;36:*.opus=00;36:*.spx=00;36:*.xspf=00;36:'), ('GNOME_TERMINAL_SERVICE', ':1.103'), ('SSH_AGENT_LAUNCHER', 'gnome-keyring'), ('SSH_AUTH_SOCK', '/run/user/1000/keyring/ssh'), ('AMENT_PREFIX_PATH', '/home/ros2/tower_ws/install/nav_messages:/home/ros2/ros2_ws/install/zed_ros2:/home/ros2/ros2_ws/install/zed_wrapper:/home/ros2/ros2_ws/install/zed_components:/home/ros2/Downloads/final-ai/install/py_fakedata:/home/ros2/Downloads/final-ai/install/py_detectionmessage:/home/ros2/Downloads/final-ai/install/py_aiproc:/home/ros2/Downloads/final-ai/install/detectionmessage:/home/ros2/Downloads/ros2cs/install:/opt/ros/humble'), ('SHELL', '/bin/bash'), ('LC_NAME', 'lv_LV.UTF-8'), ('QT_ACCESSIBILITY', '1'), ('GDMSESSION', 'ubuntu'), ('LESSCLOSE', '/usr/bin/lesspipe %s %s'), ('LC_MEASUREMENT', 'lv_LV.UTF-8'), ('GPG_AGENT_INFO', '/run/user/1000/gnupg/S.gpg-agent:0:1'), ('LC_IDENTIFICATION', 'lv_LV.UTF-8'), ('QT_IM_MODULE', 'ibus'), ('PWD', '/home/ros2/tower_ws/build/nav_camera'), ('XDG_CONFIG_DIRS', '/etc/xdg/xdg-ubuntu:/etc/xdg'), ('XDG_DATA_DIRS', '/usr/share/ubuntu:/usr/share/gnome:/usr/local/share/:/usr/share/:/var/lib/snapd/desktop'), ('PYTHONPATH', '/home/ros2/tower_ws/install/nav_messages/local/lib/python3.10/dist-packages:/home/ros2/Downloads/final-ai/install/py_fakedata/lib/python3.10/site-packages:/home/ros2/Downloads/final-ai/install/py_detectionmessage/lib/python3.10/site-packages:/home/ros2/Downloads/final-ai/install/py_aiproc/lib/python3.10/site-packages:/home/ros2/Downloads/final-ai/install/detectionmessage/local/lib/python3.10/dist-packages:/home/ros2/Downloads/ros2cs/install/lib/python3.10/site-packages:/home/ros2/Downloads/ros2cs/install/local/lib/python3.10/dist-packages:/opt/ros/humble/lib/python3.10/site-packages:/opt/ros/humble/local/lib/python3.10/dist-packages'), ('LC_NUMERIC', 'lv_LV.UTF-8'), ('LC_PAPER', 'lv_LV.UTF-8'), ('COLCON', '1'), ('VTE_VERSION', '6800'), ('CMAKE_PREFIX_PATH', '/home/ros2/tower_ws/install/nav_messages:/home/ros2/ros2_ws/install/zed_ros2:/home/ros2/ros2_ws/install/zed_wrapper:/home/ros2/ros2_ws/install/zed_components:/home/ros2/Downloads/final-ai/install/detectionmessage:/home/ros2/Downloads/ros2cs/install:/home/ros2/Downloads/final-ai/install/py_fakedata:/home/ros2/Downloads/final-ai/install/py_detectionmessage:/home/ros2/Downloads/final-ai/install/py_aiproc:/opt/ros/humble')]), 'shell': False}
[5.525212] (nav_radar) StdoutLine: {'line': b'-- Found OpenCV: /usr (found suitable version "4.5.4", minimum required is "4.2.0") \n'}
[5.535035] (nav_radar) StdoutLine: {'line': b'-- Found Protobuf: /usr/lib/x86_64-linux-gnu/libprotobuf.a (found version "3.12.4") \n'}
[5.538339] (nav_radar) StdoutLine: {'line': b'-- Protobuf current output dir: /home/ros2/tower_ws/build/nav_radar/protobuf\n'}
[5.563609] (nav_camera) StdoutLine: {'line': b'[ 25%] \x1b[32mBuilding CXX object CMakeFiles/video_capture_manager.dir/src/common/video_capture_manager_main.cpp.o\x1b[0m\n'}
[5.563795] (nav_camera) StdoutLine: {'line': b'[ 25%] \x1b[32mBuilding CXX object CMakeFiles/camera_subscriber_to_video.dir/src/subscribers/camera_subscriber_to_video_main.cpp.o\x1b[0m\n'}
[5.563871] (nav_camera) StdoutLine: {'line': b'[ 25%] \x1b[32mBuilding CXX object CMakeFiles/camera_subscriber_to_video.dir/src/subscribers/camera_subscriber_to_video.cpp.o\x1b[0m\n'}
[5.565350] (nav_camera) StdoutLine: {'line': b'[ 33%] \x1b[32mBuilding CXX object CMakeFiles/video_capture_manager.dir/src/common/video_capture_manager.cpp.o\x1b[0m\n'}
[5.565515] (nav_camera) StdoutLine: {'line': b'[ 50%] \x1b[32mBuilding CXX object CMakeFiles/camera_subscriber.dir/src/subscribers/camera_subscriber_main.cpp.o\x1b[0m\n'}
[5.565590] (nav_camera) StdoutLine: {'line': b'[ 50%] \x1b[32mBuilding CXX object CMakeFiles/camera_publisher.dir/src/publishers/camera_publisher_main.cpp.o\x1b[0m\n'}
[5.565687] (nav_camera) StdoutLine: {'line': b'[ 66%] \x1b[32mBuilding CXX object CMakeFiles/camera_publisher.dir/src/publishers/camera_publisher.cpp.o\x1b[0m\n'}
[5.565753] (nav_camera) StdoutLine: {'line': b'[ 66%] \x1b[32mBuilding CXX object CMakeFiles/camera_subscriber.dir/src/subscribers/camera_subscriber.cpp.o\x1b[0m\n'}
[5.609935] (-) TimerEvent: {}
[5.628707] (nav_radar) StdoutLine: {'line': b'-- Configuring done\n'}
[5.631197] (IASDK) StdoutLine: {'line': b'[100%] Built target colossus_relay\n'}
[5.634726] (IASDK) StdoutLine: {'line': b'[100%] Built target connection_tester\n'}
[5.661213] (IASDK) StdoutLine: {'line': b'[100%] Built target navigation_client\n'}
[5.684212] (IASDK) StdoutLine: {'line': b'[100%] Built target colossus_client\n'}
[5.685055] (nav_radar) StdoutLine: {'line': b'-- Generating done\n'}
[5.692801] (IASDK) CommandEnded: {'returncode': 0}
[5.696130] (IASDK) JobEnded: {'identifier': 'IASDK', 'rc': 0}
[5.706742] (nav_radar) StdoutLine: {'line': b'-- Build files have been written to: /home/ros2/tower_ws/build/nav_radar\n'}
[5.710022] (-) TimerEvent: {}
[5.716687] (nav_radar) CommandEnded: {'returncode': 0}
[5.717409] (nav_radar) JobProgress: {'identifier': 'nav_radar', 'progress': 'build'}
[5.717721] (nav_radar) Command: {'cmd': ['/usr/bin/cmake', '--build', '/home/ros2/tower_ws/build/nav_radar', '--', '-j24', '-l24'], 'cwd': '/home/ros2/tower_ws/build/nav_radar', 'env': OrderedDict([('LESSOPEN', '| /usr/bin/lesspipe %s'), ('USER', 'ros2'), ('LC_TIME', 'lv_LV.UTF-8'), ('XDG_SESSION_TYPE', 'x11'), ('SHLVL', '1'), ('LD_LIBRARY_PATH', '/home/ros2/tower_ws/install/nav_messages/lib:/home/ros2/ros2_ws/install/zed_components/lib:/home/ros2/Downloads/final-ai/install/detectionmessage/lib:/home/ros2/Downloads/ros2cs/install/lib:/opt/ros/humble/opt/rviz_ogre_vendor/lib:/opt/ros/humble/lib/x86_64-linux-gnu:/opt/ros/humble/lib'), ('HOME', '/home/ros2'), ('OLDPWD', '/home/ros2/tower_ws/src'), ('DESKTOP_SESSION', 'ubuntu'), ('ROS_PYTHON_VERSION', '3'), ('GNOME_SHELL_SESSION_MODE', 'ubuntu'), ('GTK_MODULES', 'gail:atk-bridge'), ('LC_MONETARY', 'lv_LV.UTF-8'), ('SYSTEMD_EXEC_PID', '2112'), ('DBUS_SESSION_BUS_ADDRESS', 'unix:path=/run/user/1000/bus'), ('COLORTERM', 'truecolor'), ('COLCON_PREFIX_PATH', '/home/ros2/ros2_ws/install:/home/ros2/Downloads/final-ai/install:/home/ros2/Downloads/ros2cs/install'), ('ROS_DISTRO', 'humble'), ('GTK_IM_MODULE', 'ibus'), ('LOGNAME', 'ros2'), ('_', '/usr/bin/colcon'), ('ROS_VERSION', '2'), ('XDG_SESSION_CLASS', 'user'), ('USERNAME', 'ros2'), ('TERM', 'xterm-256color'), ('GNOME_DESKTOP_SESSION_ID', 'this-is-deprecated'), ('ROS_LOCALHOST_ONLY', '0'), ('WINDOWPATH', '2'), ('PATH', '/opt/ros/humble/bin:/home/ros2/.local/bin:/usr/local/sbin:/usr/local/bin:/usr/sbin:/usr/bin:/sbin:/bin:/usr/games:/usr/local/games:/snap/bin:/snap/bin:/home/ros2/.dotnet/tools'), ('SESSION_MANAGER', 'local/ros2:@/tmp/.ICE-unix/1944,unix/ros2:/tmp/.ICE-unix/1944'), ('XDG_MENU_PREFIX', 'gnome-'), ('LC_ADDRESS', 'lv_LV.UTF-8'), ('GNOME_TERMINAL_SCREEN', '/org/gnome/Terminal/screen/52a08a4d_bf9a_4dd1_a4c1_fcd2684cb791'), ('XDG_RUNTIME_DIR', '/run/user/1000'), ('DISPLAY', ':1'), ('LANG', 'en_US.UTF-8'), ('XDG_CURRENT_DESKTOP', 'ubuntu:GNOME'), ('DOTNET_BUNDLE_EXTRACT_BASE_DIR', '/home/ros2/.cache/dotnet_bundle_extract'), ('LC_TELEPHONE', 'lv_LV.UTF-8'), ('XMODIFIERS', '@im=ibus'), ('XDG_SESSION_DESKTOP', 'ubuntu'), ('XAUTHORITY', '/run/user/1000/gdm/Xauthority'), ('LS_COLORS', 'rs=0:di=01;34:ln=01;36:mh=00:pi=40;33:so=01;35:do=01;35:bd=40;33;01:cd=40;33;01:or=40;31;01:mi=00:su=37;41:sg=30;43:ca=30;41:tw=30;42:ow=34;42:st=37;44:ex=01;32:*.tar=01;31:*.tgz=01;31:*.arc=01;31:*.arj=01;31:*.taz=01;31:*.lha=01;31:*.lz4=01;31:*.lzh=01;31:*.lzma=01;31:*.tlz=01;31:*.txz=01;31:*.tzo=01;31:*.t7z=01;31:*.zip=01;31:*.z=01;31:*.dz=01;31:*.gz=01;31:*.lrz=01;31:*.lz=01;31:*.lzo=01;31:*.xz=01;31:*.zst=01;31:*.tzst=01;31:*.bz2=01;31:*.bz=01;31:*.tbz=01;31:*.tbz2=01;31:*.tz=01;31:*.deb=01;31:*.rpm=01;31:*.jar=01;31:*.war=01;31:*.ear=01;31:*.sar=01;31:*.rar=01;31:*.alz=01;31:*.ace=01;31:*.zoo=01;31:*.cpio=01;31:*.7z=01;31:*.rz=01;31:*.cab=01;31:*.wim=01;31:*.swm=01;31:*.dwm=01;31:*.esd=01;31:*.jpg=01;35:*.jpeg=01;35:*.mjpg=01;35:*.mjpeg=01;35:*.gif=01;35:*.bmp=01;35:*.pbm=01;35:*.pgm=01;35:*.ppm=01;35:*.tga=01;35:*.xbm=01;35:*.xpm=01;35:*.tif=01;35:*.tiff=01;35:*.png=01;35:*.svg=01;35:*.svgz=01;35:*.mng=01;35:*.pcx=01;35:*.mov=01;35:*.mpg=01;35:*.mpeg=01;35:*.m2v=01;35:*.mkv=01;35:*.webm=01;35:*.webp=01;35:*.ogm=01;35:*.mp4=01;35:*.m4v=01;35:*.mp4v=01;35:*.vob=01;35:*.qt=01;35:*.nuv=01;35:*.wmv=01;35:*.asf=01;35:*.rm=01;35:*.rmvb=01;35:*.flc=01;35:*.avi=01;35:*.fli=01;35:*.flv=01;35:*.gl=01;35:*.dl=01;35:*.xcf=01;35:*.xwd=01;35:*.yuv=01;35:*.cgm=01;35:*.emf=01;35:*.ogv=01;35:*.ogx=01;35:*.aac=00;36:*.au=00;36:*.flac=00;36:*.m4a=00;36:*.mid=00;36:*.midi=00;36:*.mka=00;36:*.mp3=00;36:*.mpc=00;36:*.ogg=00;36:*.ra=00;36:*.wav=00;36:*.oga=00;36:*.opus=00;36:*.spx=00;36:*.xspf=00;36:'), ('GNOME_TERMINAL_SERVICE', ':1.103'), ('SSH_AGENT_LAUNCHER', 'gnome-keyring'), ('SSH_AUTH_SOCK', '/run/user/1000/keyring/ssh'), ('AMENT_PREFIX_PATH', '/home/ros2/tower_ws/install/nav_messages:/home/ros2/ros2_ws/install/zed_ros2:/home/ros2/ros2_ws/install/zed_wrapper:/home/ros2/ros2_ws/install/zed_components:/home/ros2/Downloads/final-ai/install/py_fakedata:/home/ros2/Downloads/final-ai/install/py_detectionmessage:/home/ros2/Downloads/final-ai/install/py_aiproc:/home/ros2/Downloads/final-ai/install/detectionmessage:/home/ros2/Downloads/ros2cs/install:/opt/ros/humble'), ('SHELL', '/bin/bash'), ('LC_NAME', 'lv_LV.UTF-8'), ('QT_ACCESSIBILITY', '1'), ('GDMSESSION', 'ubuntu'), ('LESSCLOSE', '/usr/bin/lesspipe %s %s'), ('LC_MEASUREMENT', 'lv_LV.UTF-8'), ('GPG_AGENT_INFO', '/run/user/1000/gnupg/S.gpg-agent:0:1'), ('LC_IDENTIFICATION', 'lv_LV.UTF-8'), ('QT_IM_MODULE', 'ibus'), ('PWD', '/home/ros2/tower_ws/build/nav_radar'), ('XDG_CONFIG_DIRS', '/etc/xdg/xdg-ubuntu:/etc/xdg'), ('XDG_DATA_DIRS', '/usr/share/ubuntu:/usr/share/gnome:/usr/local/share/:/usr/share/:/var/lib/snapd/desktop'), ('PYTHONPATH', '/home/ros2/tower_ws/install/nav_messages/local/lib/python3.10/dist-packages:/home/ros2/Downloads/final-ai/install/py_fakedata/lib/python3.10/site-packages:/home/ros2/Downloads/final-ai/install/py_detectionmessage/lib/python3.10/site-packages:/home/ros2/Downloads/final-ai/install/py_aiproc/lib/python3.10/site-packages:/home/ros2/Downloads/final-ai/install/detectionmessage/local/lib/python3.10/dist-packages:/home/ros2/Downloads/ros2cs/install/lib/python3.10/site-packages:/home/ros2/Downloads/ros2cs/install/local/lib/python3.10/dist-packages:/opt/ros/humble/lib/python3.10/site-packages:/opt/ros/humble/local/lib/python3.10/dist-packages'), ('LC_NUMERIC', 'lv_LV.UTF-8'), ('LC_PAPER', 'lv_LV.UTF-8'), ('COLCON', '1'), ('VTE_VERSION', '6800'), ('CMAKE_PREFIX_PATH', '/home/ros2/tower_ws/install/nav_messages:/home/ros2/ros2_ws/install/zed_ros2:/home/ros2/ros2_ws/install/zed_wrapper:/home/ros2/ros2_ws/install/zed_components:/home/ros2/Downloads/final-ai/install/detectionmessage:/home/ros2/Downloads/ros2cs/install:/home/ros2/Downloads/final-ai/install/py_fakedata:/home/ros2/Downloads/final-ai/install/py_detectionmessage:/home/ros2/Downloads/final-ai/install/py_aiproc:/opt/ros/humble')]), 'shell': False}
[5.748536] (nav_radar) StdoutLine: {'line': b'[  1%] \x1b[34m\x1b[1mRunning cpp protocol buffer compiler on configurationdata.proto\x1b[0m\n'}
[5.748758] (nav_radar) StdoutLine: {'line': b'[  2%] \x1b[34m\x1b[1mRunning cpp protocol buffer compiler on healthinfo.proto\x1b[0m\n'}
[5.749292] (nav_radar) StdoutLine: {'line': b'[  3%] \x1b[34m\x1b[1mRunning cpp protocol buffer compiler on softwareversions.proto\x1b[0m\n'}
[5.750370] (nav_radar) StdoutLine: {'line': b'[  4%] \x1b[34m\x1b[1mRunning cpp protocol buffer compiler on nvramcontents.proto\x1b[0m\n'}
[5.750516] (nav_radar) StdoutLine: {'line': b'[  5%] \x1b[34m\x1b[1mRunning cpp protocol buffer compiler on radarmodel.proto\x1b[0m\n'}
[5.750621] (nav_radar) StdoutLine: {'line': b'[  7%] \x1b[34m\x1b[1mRunning cpp protocol buffer compiler on discovery.proto\x1b[0m\n'}
[5.750717] (nav_radar) StdoutLine: {'line': b'[  7%] \x1b[34m\x1b[1mRunning cpp protocol buffer compiler on health.proto\x1b[0m\n'}
[5.754326] (nav_radar) StdoutLine: {'line': b'[  8%] \x1b[34m\x1b[1mRunning cpp protocol buffer compiler on networkinfo.proto\x1b[0m\n'}
[5.756507] (nav_radar) StdoutLine: {'line': b'[  9%] \x1b[32mBuilding CXX object utility/CMakeFiles/utility.dir/Cartesian_coordinate.cpp.o\x1b[0m\n'}
[5.756703] (nav_radar) StdoutLine: {'line': b'[ 14%] \x1b[32mBuilding CXX object utility/CMakeFiles/utility.dir/threading/Active.cpp.o\x1b[0m\n'}
[5.756764] (nav_radar) StdoutLine: {'line': b'[ 14%] \x1b[32mBuilding CXX object utility/CMakeFiles/utility.dir/Timer.cpp.o\x1b[0m\n'}
[5.756810] (nav_radar) StdoutLine: {'line': b'[ 14%] \x1b[32mBuilding CXX object utility/CMakeFiles/utility.dir/Option_parser.cpp.o\x1b[0m\n'}
[5.757383] (nav_radar) StdoutLine: {'line': b'[ 14%] \x1b[32mBuilding CXX object utility/CMakeFiles/utility.dir/Time_utils.cpp.o\x1b[0m\n'}
[5.757502] (nav_radar) StdoutLine: {'line': b'[ 14%] \x1b[32mBuilding CXX object utility/CMakeFiles/utility.dir/Signal_handler.cpp.o\x1b[0m\n'}
[5.757552] (nav_radar) StdoutLine: {'line': b'[ 15%] \x1b[32mBuilding CXX object utility/CMakeFiles/utility.dir/threading/Mutex.cpp.o\x1b[0m\n'}
[5.757594] (nav_radar) StdoutLine: {'line': b'[ 16%] \x1b[32mBuilding CXX object utility/CMakeFiles/utility.dir/Log.cpp.o\x1b[0m\n'}
[5.758002] (nav_radar) StdoutLine: {'line': b'[ 17%] \x1b[32mBuilding CXX object utility/CMakeFiles/utility.dir/Polar_coordinate.cpp.o\x1b[0m\n'}
[5.785319] (nav_radar) StdoutLine: {'line': b'[ 22%] \x1b[32mBuilding CXX object protobuf/CMakeFiles/protobuf.dir/discovery.pb.cc.o\x1b[0m\n'}
[5.785493] (nav_radar) StdoutLine: {'line': b'[ 22%] \x1b[32mBuilding CXX object protobuf/CMakeFiles/protobuf.dir/configurationdata.pb.cc.o\x1b[0m\n'}
[5.785556] (nav_radar) StdoutLine: {'line': b'[ 22%] \x1b[32mBuilding CXX object protobuf/CMakeFiles/protobuf.dir/health.pb.cc.o\x1b[0m\n'}
[5.785619] (nav_radar) StdoutLine: {'line': b'[ 22%] \x1b[32mBuilding CXX object protobuf/CMakeFiles/protobuf.dir/healthinfo.pb.cc.o\x1b[0m\n'}
[5.785668] (nav_radar) StdoutLine: {'line': b'[ 22%] \x1b[32mBuilding CXX object protobuf/CMakeFiles/protobuf.dir/networkinfo.pb.cc.o\x1b[0m\n'}
[5.785714] (nav_radar) StdoutLine: {'line': b'[ 23%] \x1b[32mBuilding CXX object protobuf/CMakeFiles/protobuf.dir/softwareversions.pb.cc.o\x1b[0m\n'}
[5.788651] (nav_radar) StdoutLine: {'line': b'[ 24%] \x1b[32mBuilding CXX object protobuf/CMakeFiles/protobuf.dir/radarmodel.pb.cc.o\x1b[0m\n'}
[5.790864] (nav_radar) StdoutLine: {'line': b'[ 25%] \x1b[32mBuilding CXX object protobuf/CMakeFiles/protobuf.dir/nvramcontents.pb.cc.o\x1b[0m\n'}
[5.812342] (-) TimerEvent: {}
[5.912676] (-) TimerEvent: {}
[6.012980] (-) TimerEvent: {}
[6.113312] (-) TimerEvent: {}
[6.213626] (-) TimerEvent: {}
[6.313917] (-) TimerEvent: {}
[6.414222] (-) TimerEvent: {}
[6.514504] (-) TimerEvent: {}
[6.599659] (nav_radar) StdoutLine: {'line': b'[ 26%] \x1b[32m\x1b[1mLinking CXX static library libutility.a\x1b[0m\n'}
[6.614608] (-) TimerEvent: {}
[6.628702] (nav_radar) StdoutLine: {'line': b'[ 26%] Built target utility\n'}
[6.714721] (-) TimerEvent: {}
[6.814969] (-) TimerEvent: {}
[6.863826] (nav_radar) StdoutLine: {'line': b'[ 27%] \x1b[32m\x1b[1mLinking CXX static library libprotobuf.a\x1b[0m\n'}
[6.900926] (nav_radar) StdoutLine: {'line': b'[ 27%] Built target protobuf\n'}
[6.915077] (-) TimerEvent: {}
[6.919374] (nav_radar) StdoutLine: {'line': b'[ 29%] \x1b[32mBuilding CXX object navigation/CMakeFiles/navigation.dir/Sector_blanking.cpp.o\x1b[0m\n'}
[6.919490] (nav_radar) StdoutLine: {'line': b'[ 29%] \x1b[32mBuilding CXX object navigation/CMakeFiles/navigation.dir/Peak_finder.cpp.o\x1b[0m\n'}
[7.015193] (-) TimerEvent: {}
[7.115493] (-) TimerEvent: {}
[7.215783] (-) TimerEvent: {}
[7.316067] (-) TimerEvent: {}
[7.345682] (nav_camera) StdoutLine: {'line': b'[ 75%] \x1b[32m\x1b[1mLinking CXX executable video_capture_manager\x1b[0m\n'}
[7.416173] (-) TimerEvent: {}
[7.516458] (-) TimerEvent: {}
[7.616738] (-) TimerEvent: {}
[7.684517] (nav_radar) StdoutLine: {'line': b'[ 30%] \x1b[32m\x1b[1mLinking CXX static library libnavigation.a\x1b[0m\n'}
[7.716275] (nav_radar) StdoutLine: {'line': b'[ 30%] Built target navigation\n'}
[7.716801] (-) TimerEvent: {}
[7.725840] (nav_camera) StdoutLine: {'line': b'[ 75%] Built target video_capture_manager\n'}
[7.735326] (nav_radar) StdoutLine: {'line': b'[ 32%] \x1b[32mBuilding CXX object network/CMakeFiles/networking.dir/core/socket/UDP_socket.cpp.o\x1b[0m\n'}
[7.735560] (nav_radar) StdoutLine: {'line': b'[ 32%] \x1b[32mBuilding CXX object network/CMakeFiles/networking.dir/core/utility/net_conversion.cpp.o\x1b[0m\n'}
[7.735654] (nav_radar) StdoutLine: {'line': b'[ 33%] \x1b[32mBuilding CXX object network/CMakeFiles/networking.dir/core/socket/Socket.cpp.o\x1b[0m\n'}
[7.735738] (nav_radar) StdoutLine: {'line': b'[ 35%] \x1b[32mBuilding CXX object network/CMakeFiles/networking.dir/core/socket/TCP_socket.cpp.o\x1b[0m\n'}
[7.735816] (nav_radar) StdoutLine: {'line': b'[ 35%] \x1b[32mBuilding CXX object network/CMakeFiles/networking.dir/core/utility/IP_address.cpp.o\x1b[0m\n'}
[7.735977] (nav_radar) StdoutLine: {'line': b'[ 36%] \x1b[32mBuilding CXX object network/CMakeFiles/networking.dir/protocol/CAT_240/server/Cat240_server.cpp.o\x1b[0m\n'}
[7.736174] (nav_radar) StdoutLine: {'line': b'[ 36%] \x1b[32mBuilding CXX object network/CMakeFiles/networking.dir/core/utility/MAC_address.cpp.o\x1b[0m\n'}
[7.737029] (nav_radar) StdoutLine: {'line': b'[ 38%] \x1b[32mBuilding CXX object network/CMakeFiles/networking.dir/protocol/CAT_240/event_handling/Cat240_events.cpp.o\x1b[0m\n'}
[7.737187] (nav_radar) StdoutLine: {'line': b'[ 38%] \x1b[32mBuilding CXX object network/CMakeFiles/networking.dir/protocol/CAT_240/protocol/Cat240_message.cpp.o\x1b[0m\n'}
[7.737287] (nav_radar) StdoutLine: {'line': b'[ 40%] \x1b[32mBuilding CXX object network/CMakeFiles/networking.dir/protocol/Colossus/protocol/Colossus_network_message.cpp.o\x1b[0m\n'}
[7.737399] (nav_radar) StdoutLine: {'line': b'[ 40%] \x1b[32mBuilding CXX object network/CMakeFiles/networking.dir/protocol/Colossus/server/Colossus_server.cpp.o\x1b[0m\n'}
[7.737472] (nav_radar) StdoutLine: {'line': b'[ 41%] \x1b[32mBuilding CXX object network/CMakeFiles/networking.dir/protocol/Colossus/test/Colossus_test_cases.cpp.o\x1b[0m\n'}
[7.737590] (nav_radar) StdoutLine: {'line': b'[ 43%] \x1b[32mBuilding CXX object network/CMakeFiles/networking.dir/protocol/Colossus_UDP/event_handling/Colossus_UDP_events.cpp.o\x1b[0m\n'}
[7.737692] (nav_radar) StdoutLine: {'line': b'[ 43%] \x1b[32mBuilding CXX object network/CMakeFiles/networking.dir/protocol/CAT_240/client/Cat240_client.cpp.o\x1b[0m\n'}
[7.737827] (nav_radar) StdoutLine: {'line': b'[ 44%] \x1b[32mBuilding CXX object network/CMakeFiles/networking.dir/protocol/Colossus_UDP/client/Colossus_UDP_client.cpp.o\x1b[0m\n'}
[7.739240] (nav_radar) StdoutLine: {'line': b'[ 45%] \x1b[32mBuilding CXX object network/CMakeFiles/networking.dir/protocol/Colossus/event_handling/Colossus_events.cpp.o\x1b[0m\n'}
[7.739391] (nav_radar) StdoutLine: {'line': b'[ 46%] \x1b[32mBuilding CXX object network/CMakeFiles/networking.dir/protocol/Colossus/client/Colossus_client.cpp.o\x1b[0m\n'}
[7.740650] (nav_radar) StdoutLine: {'line': b'[ 47%] \x1b[32mBuilding CXX object network/CMakeFiles/networking.dir/protocol/Colossus/test/Colossus_test.cpp.o\x1b[0m\n'}
[7.741342] (nav_radar) StdoutLine: {'line': b'[ 48%] \x1b[32mBuilding CXX object network/CMakeFiles/networking.dir/protocol/NMEA/protocol/NMEA_message.cpp.o\x1b[0m\n'}
[7.742192] (nav_radar) StdoutLine: {'line': b'[ 49%] \x1b[32mBuilding CXX object network/CMakeFiles/networking.dir/protocol/Colossus_UDP/protocol/Colossus_UDP_network_message.cpp.o\x1b[0m\n'}
[7.742734] (nav_radar) StdoutLine: {'line': b'[ 50%] \x1b[32mBuilding CXX object network/CMakeFiles/networking.dir/protocol/Colossus/test/Colossus_test_runner.cpp.o\x1b[0m\n'}
[7.742869] (nav_radar) StdoutLine: {'line': b'[ 51%] \x1b[32mBuilding CXX object network/CMakeFiles/networking.dir/protocol/NMEA/protocol/NMEA_parser.cpp.o\x1b[0m\n'}
[7.743226] (nav_radar) StdoutLine: {'line': b'[ 52%] \x1b[32mBuilding CXX object network/CMakeFiles/networking.dir/protocol/NMEA/client/NMEA_client.cpp.o\x1b[0m\n'}
[7.744125] (nav_radar) StdoutLine: {'line': b'[ 53%] \x1b[32mBuilding CXX object network/CMakeFiles/networking.dir/protocol/NMEA/server/NMEA_server.cpp.o\x1b[0m\n'}
[7.816922] (-) TimerEvent: {}
[7.920331] (-) TimerEvent: {}
[7.961292] (nav_radar) StdoutLine: {'line': b'[ 54%] \x1b[32mBuilding CXX object network/CMakeFiles/networking.dir/protocol/NMEA/event_handling/NMEA_events.cpp.o\x1b[0m\n'}
[8.020436] (-) TimerEvent: {}
[8.120731] (-) TimerEvent: {}
[8.221038] (-) TimerEvent: {}
[8.321346] (-) TimerEvent: {}
[8.421654] (-) TimerEvent: {}
[8.521964] (-) TimerEvent: {}
[8.622264] (-) TimerEvent: {}
[8.722568] (-) TimerEvent: {}
[8.822860] (-) TimerEvent: {}
[8.923146] (-) TimerEvent: {}
[9.023437] (-) TimerEvent: {}
[9.123725] (-) TimerEvent: {}
[9.224003] (-) TimerEvent: {}
[9.324291] (-) TimerEvent: {}
[9.424561] (-) TimerEvent: {}
[9.524810] (-) TimerEvent: {}
[9.625108] (-) TimerEvent: {}
[9.725399] (-) TimerEvent: {}
[9.825724] (-) TimerEvent: {}
[9.926023] (-) TimerEvent: {}
[9.998828] (nav_radar) StdoutLine: {'line': b'[ 55%] \x1b[32m\x1b[1mLinking CXX static library libnetworking.a\x1b[0m\n'}
[10.026147] (-) TimerEvent: {}
[10.088448] (nav_radar) StdoutLine: {'line': b'[ 55%] Built target networking\n'}
[10.106490] (nav_radar) StdoutLine: {'line': b'[ 56%] \x1b[32mBuilding CXX object CMakeFiles/point_cloud_publisher.dir/src/publishers/point_cloud_publisher.cpp.o\x1b[0m\n'}
[10.106766] (nav_radar) StdoutLine: {'line': b'[ 57%] \x1b[32mBuilding CXX object CMakeFiles/point_cloud_publisher.dir/src/publishers/point_cloud_publisher_main.cpp.o\x1b[0m\n'}
[10.106889] (nav_radar) StdoutLine: {'line': b'[ 58%] \x1b[32mBuilding CXX object CMakeFiles/colossus_subscriber_laser_scan_publisher.dir/src/publishers/colossus_subscriber_laser_scan_publisher_main.cpp.o\x1b[0m\n'}
[10.106980] (nav_radar) StdoutLine: {'line': b'[ 59%] \x1b[32mBuilding CXX object CMakeFiles/laser_scan_publisher.dir/src/publishers/laser_scan_publisher.cpp.o\x1b[0m\n'}
[10.107058] (nav_radar) StdoutLine: {'line': b'[ 60%] \x1b[32mBuilding CXX object CMakeFiles/laser_scan_subscriber_to_video.dir/src/subscribers/laser_scan_subscriber_to_video.cpp.o\x1b[0m\n'}
[10.107133] (nav_radar) StdoutLine: {'line': b'[ 61%] \x1b[32mBuilding CXX object CMakeFiles/colossus_subscriber.dir/src/subscribers/colossus_subscriber_main.cpp.o\x1b[0m\n'}
[10.107212] (nav_radar) StdoutLine: {'line': b'[ 62%] \x1b[32mBuilding CXX object CMakeFiles/laser_scan_subscriber_to_video.dir/src/subscribers/laser_scan_subscriber_to_video_main.cpp.o\x1b[0m\n'}
[10.107293] (nav_radar) StdoutLine: {'line': b'[ 63%] \x1b[32mBuilding CXX object CMakeFiles/laser_scan_publisher.dir/src/publishers/laser_scan_publisher_main.cpp.o\x1b[0m\n'}
[10.107374] (nav_radar) StdoutLine: {'line': b'[ 64%] \x1b[32mBuilding CXX object CMakeFiles/laser_scan_subscriber.dir/src/subscribers/laser_scan_subscriber.cpp.o\x1b[0m\n'}
[10.107442] (nav_radar) StdoutLine: {'line': b'[ 65%] \x1b[32mBuilding CXX object CMakeFiles/colossus_subscriber_laser_scan_publisher.dir/src/publishers/colossus_subscriber_laser_scan_publisher.cpp.o\x1b[0m\n'}
[10.107514] (nav_radar) StdoutLine: {'line': b'[ 66%] \x1b[32mBuilding CXX object CMakeFiles/colossus_subscriber_to_video.dir/src/subscribers/colossus_subscriber_to_video_main.cpp.o\x1b[0m\n'}
[10.107595] (nav_radar) StdoutLine: {'line': b'[ 67%] \x1b[32mBuilding CXX object CMakeFiles/navigation_mode_point_cloud_publisher.dir/src/publishers/navigation_mode_point_cloud_publisher.cpp.o\x1b[0m\n'}
[10.107673] (nav_radar) StdoutLine: {'line': b'[ 68%] \x1b[32mBuilding CXX object CMakeFiles/colossus_and_camera_subscriber_to_video.dir/src/subscribers/colossus_and_camera_subscriber_to_video_main.cpp.o\x1b[0m\n'}
[10.107933] (nav_radar) StdoutLine: {'line': b'[ 69%] \x1b[32mBuilding CXX object CMakeFiles/b_scan_publisher.dir/src/publishers/b_scan_publisher_main.cpp.o\x1b[0m\n'}
[10.108027] (nav_radar) StdoutLine: {'line': b'[ 69%] \x1b[32mBuilding CXX object CMakeFiles/b_scan_publisher.dir/src/publishers/b_scan_publisher.cpp.o\x1b[0m\n'}
[10.108098] (nav_radar) StdoutLine: {'line': b'[ 71%] \x1b[32mBuilding CXX object CMakeFiles/colossus_and_camera_publisher.dir/src/publishers/colossus_and_camera_publisher.cpp.o\x1b[0m\n'}
[10.108164] (nav_radar) StdoutLine: {'line': b'[ 72%] \x1b[32mBuilding CXX object CMakeFiles/colossus_subscriber_to_video.dir/src/subscribers/colossus_subscriber_to_video.cpp.o\x1b[0m\n'}
[10.108237] (nav_radar) StdoutLine: {'line': b'[ 71%] \x1b[32mBuilding CXX object CMakeFiles/colossus_publisher.dir/src/publishers/colossus_publisher_main.cpp.o\x1b[0m\n'}
[10.109358] (nav_radar) StdoutLine: {'line': b'[ 74%] \x1b[32mBuilding CXX object CMakeFiles/navigation_mode_point_cloud_publisher.dir/src/publishers/navigation_mode_point_cloud_publisher_main.cpp.o\x1b[0m\n'}
[10.111600] (nav_radar) StdoutLine: {'line': b'[ 74%] \x1b[32mBuilding CXX object CMakeFiles/native_point_cloud_publisher.dir/src/publishers/native_point_cloud_publisher_main.cpp.o\x1b[0m\n'}
[10.111773] (nav_radar) StdoutLine: {'line': b'[ 75%] \x1b[32mBuilding CXX object CMakeFiles/cfar_point_cloud_publisher.dir/src/publishers/cfar_point_cloud_publisher_main.cpp.o\x1b[0m\n'}
[10.111855] (nav_radar) StdoutLine: {'line': b'[ 76%] \x1b[32mBuilding CXX object CMakeFiles/laser_scan_subscriber.dir/src/subscribers/laser_scan_subscriber_main.cpp.o\x1b[0m\n'}
[10.112748] (nav_radar) StdoutLine: {'line': b'[ 77%] \x1b[32mBuilding CXX object CMakeFiles/colossus_and_camera_publisher.dir/src/publishers/colossus_and_camera_publisher_main.cpp.o\x1b[0m\n'}
[10.123453] (nav_radar) StdoutLine: {'line': b'[ 78%] \x1b[32mBuilding CXX object CMakeFiles/colossus_subscriber_point_cloud_publisher.dir/src/publishers/colossus_subscriber_point_cloud_publisher_main.cpp.o\x1b[0m\n'}
[10.126229] (-) TimerEvent: {}
[10.226531] (-) TimerEvent: {}
[10.326870] (-) TimerEvent: {}
[10.427320] (-) TimerEvent: {}
[10.527776] (-) TimerEvent: {}
[10.573419] (nav_camera) StdoutLine: {'line': b'[ 83%] \x1b[32m\x1b[1mLinking CXX executable camera_publisher\x1b[0m\n'}
[10.627892] (-) TimerEvent: {}
[10.729353] (-) TimerEvent: {}
[10.829734] (-) TimerEvent: {}
[10.930109] (-) TimerEvent: {}
[11.030479] (-) TimerEvent: {}
[11.132349] (-) TimerEvent: {}
[11.232839] (-) TimerEvent: {}
[11.333346] (-) TimerEvent: {}
[11.387332] (nav_camera) StdoutLine: {'line': b'[ 83%] Built target camera_publisher\n'}
[11.433460] (-) TimerEvent: {}
[11.535349] (-) TimerEvent: {}
[11.635709] (-) TimerEvent: {}
[11.737359] (-) TimerEvent: {}
[11.837726] (-) TimerEvent: {}
[11.938095] (-) TimerEvent: {}
[12.038470] (-) TimerEvent: {}
[12.138838] (-) TimerEvent: {}
[12.241347] (-) TimerEvent: {}
[12.344350] (-) TimerEvent: {}
[12.444707] (-) TimerEvent: {}
[12.545057] (-) TimerEvent: {}
[12.645422] (-) TimerEvent: {}
[12.745778] (-) TimerEvent: {}
[12.846144] (-) TimerEvent: {}
[12.946509] (-) TimerEvent: {}
[13.046852] (-) TimerEvent: {}
[13.147191] (-) TimerEvent: {}
[13.247557] (-) TimerEvent: {}
[13.349351] (-) TimerEvent: {}
[13.449715] (-) TimerEvent: {}
[13.550145] (-) TimerEvent: {}
[13.650663] (-) TimerEvent: {}
[13.664348] (nav_radar) StdoutLine: {'line': b'[ 79%] \x1b[32mBuilding CXX object CMakeFiles/colossus_publisher.dir/src/publishers/colossus_publisher.cpp.o\x1b[0m\n'}
[13.750786] (-) TimerEvent: {}
[13.831917] (nav_radar) StdoutLine: {'line': b'[ 80%] \x1b[32mBuilding CXX object CMakeFiles/colossus_subscriber_point_cloud_publisher.dir/src/publishers/colossus_subscriber_point_cloud_publisher.cpp.o\x1b[0m\n'}
[13.853353] (-) TimerEvent: {}
[13.953728] (-) TimerEvent: {}
[13.960163] (nav_radar) StdoutLine: {'line': b'[ 81%] \x1b[32mBuilding CXX object CMakeFiles/colossus_subscriber.dir/src/subscribers/colossus_subscriber.cpp.o\x1b[0m\n'}
[14.034053] (nav_radar) StdoutLine: {'line': b'[ 82%] \x1b[32mBuilding CXX object CMakeFiles/cfar_point_cloud_publisher.dir/src/publishers/cfar_point_cloud_publisher.cpp.o\x1b[0m\n'}
[14.040510] (nav_radar) StdoutLine: {'line': b'[ 83%] \x1b[32mBuilding CXX object CMakeFiles/colossus_and_camera_subscriber_to_video.dir/src/subscribers/colossus_and_camera_subscriber_to_video.cpp.o\x1b[0m\n'}
[14.053848] (-) TimerEvent: {}
[14.154232] (-) TimerEvent: {}
[14.254594] (-) TimerEvent: {}
[14.257344] (nav_radar) StdoutLine: {'line': b'[ 84%] \x1b[32mBuilding CXX object CMakeFiles/colossus_and_camera_publisher.dir/home/ros2/tower_ws/src/navtech/src/nav_camera/src/common/video_capture_manager.cpp.o\x1b[0m\n'}
[14.354713] (-) TimerEvent: {}
[14.452128] (nav_radar) StdoutLine: {'line': b'[ 85%] \x1b[32mBuilding CXX object CMakeFiles/native_point_cloud_publisher.dir/src/publishers/native_point_cloud_publisher.cpp.o\x1b[0m\n'}
[14.454831] (-) TimerEvent: {}
[14.555178] (-) TimerEvent: {}
[14.655540] (-) TimerEvent: {}
[14.755891] (-) TimerEvent: {}
[14.858361] (-) TimerEvent: {}
[14.958719] (-) TimerEvent: {}
[15.059072] (-) TimerEvent: {}
[15.159431] (-) TimerEvent: {}
[15.259776] (-) TimerEvent: {}
[15.360117] (-) TimerEvent: {}
[15.461364] (-) TimerEvent: {}
[15.561722] (-) TimerEvent: {}
[15.662071] (-) TimerEvent: {}
[15.763349] (-) TimerEvent: {}
[15.863705] (-) TimerEvent: {}
[15.964050] (-) TimerEvent: {}
[16.066348] (-) TimerEvent: {}
[16.166687] (-) TimerEvent: {}
[16.267024] (-) TimerEvent: {}
[16.367352] (-) TimerEvent: {}
[16.467695] (-) TimerEvent: {}
[16.480937] (nav_camera) StdoutLine: {'line': b'[ 91%] \x1b[32m\x1b[1mLinking CXX executable camera_subscriber_to_video\x1b[0m\n'}
[16.567799] (-) TimerEvent: {}
[16.668094] (-) TimerEvent: {}
[16.768388] (-) TimerEvent: {}
[16.868690] (-) TimerEvent: {}
[16.968984] (-) TimerEvent: {}
[17.069277] (-) TimerEvent: {}
[17.169567] (-) TimerEvent: {}
[17.269917] (-) TimerEvent: {}
[17.304227] (nav_camera) StdoutLine: {'line': b'[100%] \x1b[32m\x1b[1mLinking CXX executable camera_subscriber\x1b[0m\n'}
[17.370024] (-) TimerEvent: {}
[17.470348] (-) TimerEvent: {}
[17.524696] (nav_radar) StdoutLine: {'line': b'[ 86%] \x1b[32m\x1b[1mLinking CXX executable laser_scan_publisher\x1b[0m\n'}
[17.526926] (nav_camera) StdoutLine: {'line': b'[100%] Built target camera_subscriber_to_video\n'}
[17.570448] (-) TimerEvent: {}
[17.670768] (-) TimerEvent: {}
[17.771059] (-) TimerEvent: {}
[17.802960] (nav_radar) StdoutLine: {'line': b'[ 86%] Built target laser_scan_publisher\n'}
[17.871211] (-) TimerEvent: {}
[17.903142] (nav_camera) StdoutLine: {'line': b'[100%] Built target camera_subscriber\n'}
[17.915495] (nav_camera) CommandEnded: {'returncode': 0}
[17.916405] (nav_camera) JobProgress: {'identifier': 'nav_camera', 'progress': 'install'}
[17.916598] (nav_camera) Command: {'cmd': ['/usr/bin/cmake', '--install', '/home/ros2/tower_ws/build/nav_camera'], 'cwd': '/home/ros2/tower_ws/build/nav_camera', 'env': OrderedDict([('LESSOPEN', '| /usr/bin/lesspipe %s'), ('USER', 'ros2'), ('LC_TIME', 'lv_LV.UTF-8'), ('XDG_SESSION_TYPE', 'x11'), ('SHLVL', '1'), ('LD_LIBRARY_PATH', '/home/ros2/tower_ws/install/nav_messages/lib:/home/ros2/ros2_ws/install/zed_components/lib:/home/ros2/Downloads/final-ai/install/detectionmessage/lib:/home/ros2/Downloads/ros2cs/install/lib:/opt/ros/humble/opt/rviz_ogre_vendor/lib:/opt/ros/humble/lib/x86_64-linux-gnu:/opt/ros/humble/lib'), ('HOME', '/home/ros2'), ('OLDPWD', '/home/ros2/tower_ws/src'), ('DESKTOP_SESSION', 'ubuntu'), ('ROS_PYTHON_VERSION', '3'), ('GNOME_SHELL_SESSION_MODE', 'ubuntu'), ('GTK_MODULES', 'gail:atk-bridge'), ('LC_MONETARY', 'lv_LV.UTF-8'), ('SYSTEMD_EXEC_PID', '2112'), ('DBUS_SESSION_BUS_ADDRESS', 'unix:path=/run/user/1000/bus'), ('COLORTERM', 'truecolor'), ('COLCON_PREFIX_PATH', '/home/ros2/ros2_ws/install:/home/ros2/Downloads/final-ai/install:/home/ros2/Downloads/ros2cs/install'), ('ROS_DISTRO', 'humble'), ('GTK_IM_MODULE', 'ibus'), ('LOGNAME', 'ros2'), ('_', '/usr/bin/colcon'), ('ROS_VERSION', '2'), ('XDG_SESSION_CLASS', 'user'), ('USERNAME', 'ros2'), ('TERM', 'xterm-256color'), ('GNOME_DESKTOP_SESSION_ID', 'this-is-deprecated'), ('ROS_LOCALHOST_ONLY', '0'), ('WINDOWPATH', '2'), ('PATH', '/opt/ros/humble/bin:/home/ros2/.local/bin:/usr/local/sbin:/usr/local/bin:/usr/sbin:/usr/bin:/sbin:/bin:/usr/games:/usr/local/games:/snap/bin:/snap/bin:/home/ros2/.dotnet/tools'), ('SESSION_MANAGER', 'local/ros2:@/tmp/.ICE-unix/1944,unix/ros2:/tmp/.ICE-unix/1944'), ('XDG_MENU_PREFIX', 'gnome-'), ('LC_ADDRESS', 'lv_LV.UTF-8'), ('GNOME_TERMINAL_SCREEN', '/org/gnome/Terminal/screen/52a08a4d_bf9a_4dd1_a4c1_fcd2684cb791'), ('XDG_RUNTIME_DIR', '/run/user/1000'), ('DISPLAY', ':1'), ('LANG', 'en_US.UTF-8'), ('XDG_CURRENT_DESKTOP', 'ubuntu:GNOME'), ('DOTNET_BUNDLE_EXTRACT_BASE_DIR', '/home/ros2/.cache/dotnet_bundle_extract'), ('LC_TELEPHONE', 'lv_LV.UTF-8'), ('XMODIFIERS', '@im=ibus'), ('XDG_SESSION_DESKTOP', 'ubuntu'), ('XAUTHORITY', '/run/user/1000/gdm/Xauthority'), ('LS_COLORS', 'rs=0:di=01;34:ln=01;36:mh=00:pi=40;33:so=01;35:do=01;35:bd=40;33;01:cd=40;33;01:or=40;31;01:mi=00:su=37;41:sg=30;43:ca=30;41:tw=30;42:ow=34;42:st=37;44:ex=01;32:*.tar=01;31:*.tgz=01;31:*.arc=01;31:*.arj=01;31:*.taz=01;31:*.lha=01;31:*.lz4=01;31:*.lzh=01;31:*.lzma=01;31:*.tlz=01;31:*.txz=01;31:*.tzo=01;31:*.t7z=01;31:*.zip=01;31:*.z=01;31:*.dz=01;31:*.gz=01;31:*.lrz=01;31:*.lz=01;31:*.lzo=01;31:*.xz=01;31:*.zst=01;31:*.tzst=01;31:*.bz2=01;31:*.bz=01;31:*.tbz=01;31:*.tbz2=01;31:*.tz=01;31:*.deb=01;31:*.rpm=01;31:*.jar=01;31:*.war=01;31:*.ear=01;31:*.sar=01;31:*.rar=01;31:*.alz=01;31:*.ace=01;31:*.zoo=01;31:*.cpio=01;31:*.7z=01;31:*.rz=01;31:*.cab=01;31:*.wim=01;31:*.swm=01;31:*.dwm=01;31:*.esd=01;31:*.jpg=01;35:*.jpeg=01;35:*.mjpg=01;35:*.mjpeg=01;35:*.gif=01;35:*.bmp=01;35:*.pbm=01;35:*.pgm=01;35:*.ppm=01;35:*.tga=01;35:*.xbm=01;35:*.xpm=01;35:*.tif=01;35:*.tiff=01;35:*.png=01;35:*.svg=01;35:*.svgz=01;35:*.mng=01;35:*.pcx=01;35:*.mov=01;35:*.mpg=01;35:*.mpeg=01;35:*.m2v=01;35:*.mkv=01;35:*.webm=01;35:*.webp=01;35:*.ogm=01;35:*.mp4=01;35:*.m4v=01;35:*.mp4v=01;35:*.vob=01;35:*.qt=01;35:*.nuv=01;35:*.wmv=01;35:*.asf=01;35:*.rm=01;35:*.rmvb=01;35:*.flc=01;35:*.avi=01;35:*.fli=01;35:*.flv=01;35:*.gl=01;35:*.dl=01;35:*.xcf=01;35:*.xwd=01;35:*.yuv=01;35:*.cgm=01;35:*.emf=01;35:*.ogv=01;35:*.ogx=01;35:*.aac=00;36:*.au=00;36:*.flac=00;36:*.m4a=00;36:*.mid=00;36:*.midi=00;36:*.mka=00;36:*.mp3=00;36:*.mpc=00;36:*.ogg=00;36:*.ra=00;36:*.wav=00;36:*.oga=00;36:*.opus=00;36:*.spx=00;36:*.xspf=00;36:'), ('GNOME_TERMINAL_SERVICE', ':1.103'), ('SSH_AGENT_LAUNCHER', 'gnome-keyring'), ('SSH_AUTH_SOCK', '/run/user/1000/keyring/ssh'), ('AMENT_PREFIX_PATH', '/home/ros2/tower_ws/install/nav_messages:/home/ros2/ros2_ws/install/zed_ros2:/home/ros2/ros2_ws/install/zed_wrapper:/home/ros2/ros2_ws/install/zed_components:/home/ros2/Downloads/final-ai/install/py_fakedata:/home/ros2/Downloads/final-ai/install/py_detectionmessage:/home/ros2/Downloads/final-ai/install/py_aiproc:/home/ros2/Downloads/final-ai/install/detectionmessage:/home/ros2/Downloads/ros2cs/install:/opt/ros/humble'), ('SHELL', '/bin/bash'), ('LC_NAME', 'lv_LV.UTF-8'), ('QT_ACCESSIBILITY', '1'), ('GDMSESSION', 'ubuntu'), ('LESSCLOSE', '/usr/bin/lesspipe %s %s'), ('LC_MEASUREMENT', 'lv_LV.UTF-8'), ('GPG_AGENT_INFO', '/run/user/1000/gnupg/S.gpg-agent:0:1'), ('LC_IDENTIFICATION', 'lv_LV.UTF-8'), ('QT_IM_MODULE', 'ibus'), ('PWD', '/home/ros2/tower_ws/build/nav_camera'), ('XDG_CONFIG_DIRS', '/etc/xdg/xdg-ubuntu:/etc/xdg'), ('XDG_DATA_DIRS', '/usr/share/ubuntu:/usr/share/gnome:/usr/local/share/:/usr/share/:/var/lib/snapd/desktop'), ('PYTHONPATH', '/home/ros2/tower_ws/install/nav_messages/local/lib/python3.10/dist-packages:/home/ros2/Downloads/final-ai/install/py_fakedata/lib/python3.10/site-packages:/home/ros2/Downloads/final-ai/install/py_detectionmessage/lib/python3.10/site-packages:/home/ros2/Downloads/final-ai/install/py_aiproc/lib/python3.10/site-packages:/home/ros2/Downloads/final-ai/install/detectionmessage/local/lib/python3.10/dist-packages:/home/ros2/Downloads/ros2cs/install/lib/python3.10/site-packages:/home/ros2/Downloads/ros2cs/install/local/lib/python3.10/dist-packages:/opt/ros/humble/lib/python3.10/site-packages:/opt/ros/humble/local/lib/python3.10/dist-packages'), ('LC_NUMERIC', 'lv_LV.UTF-8'), ('LC_PAPER', 'lv_LV.UTF-8'), ('COLCON', '1'), ('VTE_VERSION', '6800'), ('CMAKE_PREFIX_PATH', '/home/ros2/tower_ws/install/nav_messages:/home/ros2/ros2_ws/install/zed_ros2:/home/ros2/ros2_ws/install/zed_wrapper:/home/ros2/ros2_ws/install/zed_components:/home/ros2/Downloads/final-ai/install/detectionmessage:/home/ros2/Downloads/ros2cs/install:/home/ros2/Downloads/final-ai/install/py_fakedata:/home/ros2/Downloads/final-ai/install/py_detectionmessage:/home/ros2/Downloads/final-ai/install/py_aiproc:/opt/ros/humble')]), 'shell': False}
[17.925387] (nav_camera) StdoutLine: {'line': b'-- Install configuration: ""\n'}
[17.925620] (nav_camera) StdoutLine: {'line': b'-- Installing: /home/ros2/tower_ws/install/nav_camera/lib/nav_camera/video_capture_manager\n'}
[17.926038] (nav_camera) StdoutLine: {'line': b'-- Set runtime path of "/home/ros2/tower_ws/install/nav_camera/lib/nav_camera/video_capture_manager" to ""\n'}
[17.926181] (nav_camera) StdoutLine: {'line': b'-- Installing: /home/ros2/tower_ws/install/nav_camera/lib/nav_camera/camera_publisher\n'}
[17.927392] (nav_camera) StdoutLine: {'line': b'-- Set runtime path of "/home/ros2/tower_ws/install/nav_camera/lib/nav_camera/camera_publisher" to ""\n'}
[17.927530] (nav_camera) StdoutLine: {'line': b'-- Installing: /home/ros2/tower_ws/install/nav_camera/lib/nav_camera/camera_subscriber\n'}
[17.931997] (nav_camera) StdoutLine: {'line': b'-- Set runtime path of "/home/ros2/tower_ws/install/nav_camera/lib/nav_camera/camera_subscriber" to ""\n'}
[17.932190] (nav_camera) StdoutLine: {'line': b'-- Installing: /home/ros2/tower_ws/install/nav_camera/lib/nav_camera/camera_subscriber_to_video\n'}
[17.936753] (nav_camera) StdoutLine: {'line': b'-- Set runtime path of "/home/ros2/tower_ws/install/nav_camera/lib/nav_camera/camera_subscriber_to_video" to ""\n'}
[17.936952] (nav_camera) StdoutLine: {'line': b'-- Installing: /home/ros2/tower_ws/install/nav_camera/share/ament_index/resource_index/package_run_dependencies/nav_camera\n'}
[17.937057] (nav_camera) StdoutLine: {'line': b'-- Installing: /home/ros2/tower_ws/install/nav_camera/share/ament_index/resource_index/parent_prefix_path/nav_camera\n'}
[17.937217] (nav_camera) StdoutLine: {'line': b'-- Installing: /home/ros2/tower_ws/install/nav_camera/share/nav_camera/environment/ament_prefix_path.sh\n'}
[17.937369] (nav_camera) StdoutLine: {'line': b'-- Installing: /home/ros2/tower_ws/install/nav_camera/share/nav_camera/environment/ament_prefix_path.dsv\n'}
[17.937460] (nav_camera) StdoutLine: {'line': b'-- Installing: /home/ros2/tower_ws/install/nav_camera/share/nav_camera/environment/path.sh\n'}
[17.937575] (nav_camera) StdoutLine: {'line': b'-- Installing: /home/ros2/tower_ws/install/nav_camera/share/nav_camera/environment/path.dsv\n'}
[17.937682] (nav_camera) StdoutLine: {'line': b'-- Installing: /home/ros2/tower_ws/install/nav_camera/share/nav_camera/local_setup.bash\n'}
[17.937787] (nav_camera) StdoutLine: {'line': b'-- Installing: /home/ros2/tower_ws/install/nav_camera/share/nav_camera/local_setup.sh\n'}
[17.937905] (nav_camera) StdoutLine: {'line': b'-- Installing: /home/ros2/tower_ws/install/nav_camera/share/nav_camera/local_setup.zsh\n'}
[17.938020] (nav_camera) StdoutLine: {'line': b'-- Installing: /home/ros2/tower_ws/install/nav_camera/share/nav_camera/local_setup.dsv\n'}
[17.938134] (nav_camera) StdoutLine: {'line': b'-- Installing: /home/ros2/tower_ws/install/nav_camera/share/nav_camera/package.dsv\n'}
[17.938290] (nav_camera) StdoutLine: {'line': b'-- Installing: /home/ros2/tower_ws/install/nav_camera/share/ament_index/resource_index/packages/nav_camera\n'}
[17.938432] (nav_camera) StdoutLine: {'line': b'-- Installing: /home/ros2/tower_ws/install/nav_camera/share/nav_camera/cmake/nav_cameraConfig.cmake\n'}
[17.938516] (nav_camera) StdoutLine: {'line': b'-- Installing: /home/ros2/tower_ws/install/nav_camera/share/nav_camera/cmake/nav_cameraConfig-version.cmake\n'}
[17.938629] (nav_camera) StdoutLine: {'line': b'-- Installing: /home/ros2/tower_ws/install/nav_camera/share/nav_camera/package.xml\n'}
[17.940385] (nav_camera) CommandEnded: {'returncode': 0}
[17.955062] (nav_camera) JobEnded: {'identifier': 'nav_camera', 'rc': 0}
[17.971316] (-) TimerEvent: {}
[18.071577] (-) TimerEvent: {}
[18.156290] (nav_radar) StdoutLine: {'line': b'[ 87%] \x1b[32m\x1b[1mLinking CXX executable navigation_mode_point_cloud_publisher\x1b[0m\n'}
[18.171682] (-) TimerEvent: {}
[18.271970] (-) TimerEvent: {}
[18.298319] (nav_radar) StdoutLine: {'line': b'[ 88%] \x1b[32m\x1b[1mLinking CXX executable b_scan_publisher\x1b[0m\n'}
[18.372070] (-) TimerEvent: {}
[18.472332] (-) TimerEvent: {}
[18.532403] (nav_radar) StdoutLine: {'line': b'[ 88%] Built target navigation_mode_point_cloud_publisher\n'}
[18.572435] (-) TimerEvent: {}
[18.672712] (-) TimerEvent: {}
[18.699512] (nav_radar) StdoutLine: {'line': b'[ 88%] Built target b_scan_publisher\n'}
[18.758139] (nav_radar) StdoutLine: {'line': b'[ 89%] \x1b[32m\x1b[1mLinking CXX executable colossus_and_camera_publisher\x1b[0m\n'}
[18.772814] (-) TimerEvent: {}
[18.873083] (-) TimerEvent: {}
[18.973345] (-) TimerEvent: {}
[19.009988] (nav_radar) StdoutLine: {'line': b'[ 90%] \x1b[32m\x1b[1mLinking CXX executable point_cloud_publisher\x1b[0m\n'}
[19.073450] (-) TimerEvent: {}
[19.173720] (-) TimerEvent: {}
[19.178925] (nav_radar) StdoutLine: {'line': b'[ 91%] \x1b[32m\x1b[1mLinking CXX executable colossus_publisher\x1b[0m\n'}
[19.273825] (-) TimerEvent: {}
[19.338119] (nav_radar) StdoutLine: {'line': b'[ 91%] Built target point_cloud_publisher\n'}
[19.373935] (-) TimerEvent: {}
[19.398433] (nav_radar) StdoutLine: {'line': b'[ 92%] \x1b[32m\x1b[1mLinking CXX executable native_point_cloud_publisher\x1b[0m\n'}
[19.474042] (-) TimerEvent: {}
[19.535614] (nav_radar) StdoutLine: {'line': b'[ 92%] Built target colossus_publisher\n'}
[19.574138] (-) TimerEvent: {}
[19.640709] (nav_radar) StdoutLine: {'line': b'[ 92%] Built target colossus_and_camera_publisher\n'}
[19.674232] (-) TimerEvent: {}
[19.682728] (nav_radar) StdoutLine: {'line': b'[ 92%] Built target native_point_cloud_publisher\n'}
[19.774326] (-) TimerEvent: {}
[19.874586] (-) TimerEvent: {}
[19.974851] (-) TimerEvent: {}
[20.075186] (-) TimerEvent: {}
[20.175494] (-) TimerEvent: {}
[20.275759] (-) TimerEvent: {}
[20.376075] (-) TimerEvent: {}
[20.476367] (-) TimerEvent: {}
[20.504817] (nav_radar) StdoutLine: {'line': b'[ 93%] \x1b[32m\x1b[1mLinking CXX executable colossus_subscriber_laser_scan_publisher\x1b[0m\n'}
[20.576480] (-) TimerEvent: {}
[20.676774] (-) TimerEvent: {}
[20.704794] (nav_radar) StdoutLine: {'line': b'[ 94%] \x1b[32m\x1b[1mLinking CXX executable cfar_point_cloud_publisher\x1b[0m\n'}
[20.776877] (-) TimerEvent: {}
[20.877166] (-) TimerEvent: {}
[20.883395] (nav_radar) StdoutLine: {'line': b'[ 94%] Built target colossus_subscriber_laser_scan_publisher\n'}
[20.959428] (nav_radar) StdoutLine: {'line': b'[ 94%] Built target cfar_point_cloud_publisher\n'}
[20.977249] (-) TimerEvent: {}
[21.077516] (-) TimerEvent: {}
[21.177814] (-) TimerEvent: {}
[21.278098] (-) TimerEvent: {}
[21.378392] (-) TimerEvent: {}
[21.478673] (-) TimerEvent: {}
[21.578979] (-) TimerEvent: {}
[21.679275] (-) TimerEvent: {}
[21.749195] (nav_radar) StdoutLine: {'line': b'[ 95%] \x1b[32m\x1b[1mLinking CXX executable laser_scan_subscriber\x1b[0m\n'}
[21.779366] (-) TimerEvent: {}
[21.832319] (nav_radar) StdoutLine: {'line': b'[ 96%] \x1b[32m\x1b[1mLinking CXX executable colossus_subscriber\x1b[0m\n'}
[21.879498] (-) TimerEvent: {}
[21.979848] (-) TimerEvent: {}
[22.080199] (-) TimerEvent: {}
[22.100965] (nav_radar) StdoutLine: {'line': b'[ 96%] Built target laser_scan_subscriber\n'}
[22.170299] (nav_radar) StdoutLine: {'line': b'[ 96%] Built target colossus_subscriber\n'}
[22.180275] (-) TimerEvent: {}
[22.262817] (nav_radar) StdoutLine: {'line': b'[ 97%] \x1b[32m\x1b[1mLinking CXX executable colossus_subscriber_to_video\x1b[0m\n'}
[22.280332] (-) TimerEvent: {}
[22.380632] (-) TimerEvent: {}
[22.480915] (-) TimerEvent: {}
[22.581198] (-) TimerEvent: {}
[22.681470] (-) TimerEvent: {}
[22.781767] (-) TimerEvent: {}
[22.792408] (nav_radar) StdoutLine: {'line': b'[ 98%] \x1b[32m\x1b[1mLinking CXX executable laser_scan_subscriber_to_video\x1b[0m\n'}
[22.823693] (nav_radar) StdoutLine: {'line': b'[ 98%] Built target colossus_subscriber_to_video\n'}
[22.881930] (-) TimerEvent: {}
[22.982233] (-) TimerEvent: {}
[23.082509] (-) TimerEvent: {}
[23.182797] (-) TimerEvent: {}
[23.283129] (-) TimerEvent: {}
[23.332168] (nav_radar) StdoutLine: {'line': b'[ 98%] Built target laser_scan_subscriber_to_video\n'}
[23.383434] (-) TimerEvent: {}
[23.483750] (-) TimerEvent: {}
[23.584049] (-) TimerEvent: {}
[23.684298] (-) TimerEvent: {}
[23.776461] (nav_radar) StdoutLine: {'line': b'[ 99%] \x1b[32m\x1b[1mLinking CXX executable colossus_subscriber_point_cloud_publisher\x1b[0m\n'}
[23.784482] (-) TimerEvent: {}
[23.884739] (-) TimerEvent: {}
[23.985029] (-) TimerEvent: {}
[24.085263] (-) TimerEvent: {}
[24.089162] (nav_radar) StdoutLine: {'line': b'[ 99%] Built target colossus_subscriber_point_cloud_publisher\n'}
[24.185400] (-) TimerEvent: {}
[24.285657] (-) TimerEvent: {}
[24.385911] (-) TimerEvent: {}
[24.486188] (-) TimerEvent: {}
[24.586457] (-) TimerEvent: {}
[24.686702] (-) TimerEvent: {}
[24.786962] (-) TimerEvent: {}
[24.887352] (-) TimerEvent: {}
[24.987611] (-) TimerEvent: {}
[25.087906] (-) TimerEvent: {}
[25.188212] (-) TimerEvent: {}
[25.288482] (-) TimerEvent: {}
[25.388767] (-) TimerEvent: {}
[25.489102] (-) TimerEvent: {}
[25.559628] (nav_radar) StdoutLine: {'line': b'[100%] \x1b[32m\x1b[1mLinking CXX executable colossus_and_camera_subscriber_to_video\x1b[0m\n'}
[25.589221] (-) TimerEvent: {}
[25.689601] (-) TimerEvent: {}
[25.789993] (-) TimerEvent: {}
[25.890342] (-) TimerEvent: {}
[25.990607] (-) TimerEvent: {}
[26.090896] (-) TimerEvent: {}
[26.191234] (-) TimerEvent: {}
[26.233926] (nav_radar) StdoutLine: {'line': b'[100%] Built target colossus_and_camera_subscriber_to_video\n'}
[26.245526] (nav_radar) CommandEnded: {'returncode': 0}
[26.245977] (nav_radar) JobProgress: {'identifier': 'nav_radar', 'progress': 'install'}
[26.246616] (nav_radar) Command: {'cmd': ['/usr/bin/cmake', '--install', '/home/ros2/tower_ws/build/nav_radar'], 'cwd': '/home/ros2/tower_ws/build/nav_radar', 'env': OrderedDict([('LESSOPEN', '| /usr/bin/lesspipe %s'), ('USER', 'ros2'), ('LC_TIME', 'lv_LV.UTF-8'), ('XDG_SESSION_TYPE', 'x11'), ('SHLVL', '1'), ('LD_LIBRARY_PATH', '/home/ros2/tower_ws/install/nav_messages/lib:/home/ros2/ros2_ws/install/zed_components/lib:/home/ros2/Downloads/final-ai/install/detectionmessage/lib:/home/ros2/Downloads/ros2cs/install/lib:/opt/ros/humble/opt/rviz_ogre_vendor/lib:/opt/ros/humble/lib/x86_64-linux-gnu:/opt/ros/humble/lib'), ('HOME', '/home/ros2'), ('OLDPWD', '/home/ros2/tower_ws/src'), ('DESKTOP_SESSION', 'ubuntu'), ('ROS_PYTHON_VERSION', '3'), ('GNOME_SHELL_SESSION_MODE', 'ubuntu'), ('GTK_MODULES', 'gail:atk-bridge'), ('LC_MONETARY', 'lv_LV.UTF-8'), ('SYSTEMD_EXEC_PID', '2112'), ('DBUS_SESSION_BUS_ADDRESS', 'unix:path=/run/user/1000/bus'), ('COLORTERM', 'truecolor'), ('COLCON_PREFIX_PATH', '/home/ros2/ros2_ws/install:/home/ros2/Downloads/final-ai/install:/home/ros2/Downloads/ros2cs/install'), ('ROS_DISTRO', 'humble'), ('GTK_IM_MODULE', 'ibus'), ('LOGNAME', 'ros2'), ('_', '/usr/bin/colcon'), ('ROS_VERSION', '2'), ('XDG_SESSION_CLASS', 'user'), ('USERNAME', 'ros2'), ('TERM', 'xterm-256color'), ('GNOME_DESKTOP_SESSION_ID', 'this-is-deprecated'), ('ROS_LOCALHOST_ONLY', '0'), ('WINDOWPATH', '2'), ('PATH', '/opt/ros/humble/bin:/home/ros2/.local/bin:/usr/local/sbin:/usr/local/bin:/usr/sbin:/usr/bin:/sbin:/bin:/usr/games:/usr/local/games:/snap/bin:/snap/bin:/home/ros2/.dotnet/tools'), ('SESSION_MANAGER', 'local/ros2:@/tmp/.ICE-unix/1944,unix/ros2:/tmp/.ICE-unix/1944'), ('XDG_MENU_PREFIX', 'gnome-'), ('LC_ADDRESS', 'lv_LV.UTF-8'), ('GNOME_TERMINAL_SCREEN', '/org/gnome/Terminal/screen/52a08a4d_bf9a_4dd1_a4c1_fcd2684cb791'), ('XDG_RUNTIME_DIR', '/run/user/1000'), ('DISPLAY', ':1'), ('LANG', 'en_US.UTF-8'), ('XDG_CURRENT_DESKTOP', 'ubuntu:GNOME'), ('DOTNET_BUNDLE_EXTRACT_BASE_DIR', '/home/ros2/.cache/dotnet_bundle_extract'), ('LC_TELEPHONE', 'lv_LV.UTF-8'), ('XMODIFIERS', '@im=ibus'), ('XDG_SESSION_DESKTOP', 'ubuntu'), ('XAUTHORITY', '/run/user/1000/gdm/Xauthority'), ('LS_COLORS', 'rs=0:di=01;34:ln=01;36:mh=00:pi=40;33:so=01;35:do=01;35:bd=40;33;01:cd=40;33;01:or=40;31;01:mi=00:su=37;41:sg=30;43:ca=30;41:tw=30;42:ow=34;42:st=37;44:ex=01;32:*.tar=01;31:*.tgz=01;31:*.arc=01;31:*.arj=01;31:*.taz=01;31:*.lha=01;31:*.lz4=01;31:*.lzh=01;31:*.lzma=01;31:*.tlz=01;31:*.txz=01;31:*.tzo=01;31:*.t7z=01;31:*.zip=01;31:*.z=01;31:*.dz=01;31:*.gz=01;31:*.lrz=01;31:*.lz=01;31:*.lzo=01;31:*.xz=01;31:*.zst=01;31:*.tzst=01;31:*.bz2=01;31:*.bz=01;31:*.tbz=01;31:*.tbz2=01;31:*.tz=01;31:*.deb=01;31:*.rpm=01;31:*.jar=01;31:*.war=01;31:*.ear=01;31:*.sar=01;31:*.rar=01;31:*.alz=01;31:*.ace=01;31:*.zoo=01;31:*.cpio=01;31:*.7z=01;31:*.rz=01;31:*.cab=01;31:*.wim=01;31:*.swm=01;31:*.dwm=01;31:*.esd=01;31:*.jpg=01;35:*.jpeg=01;35:*.mjpg=01;35:*.mjpeg=01;35:*.gif=01;35:*.bmp=01;35:*.pbm=01;35:*.pgm=01;35:*.ppm=01;35:*.tga=01;35:*.xbm=01;35:*.xpm=01;35:*.tif=01;35:*.tiff=01;35:*.png=01;35:*.svg=01;35:*.svgz=01;35:*.mng=01;35:*.pcx=01;35:*.mov=01;35:*.mpg=01;35:*.mpeg=01;35:*.m2v=01;35:*.mkv=01;35:*.webm=01;35:*.webp=01;35:*.ogm=01;35:*.mp4=01;35:*.m4v=01;35:*.mp4v=01;35:*.vob=01;35:*.qt=01;35:*.nuv=01;35:*.wmv=01;35:*.asf=01;35:*.rm=01;35:*.rmvb=01;35:*.flc=01;35:*.avi=01;35:*.fli=01;35:*.flv=01;35:*.gl=01;35:*.dl=01;35:*.xcf=01;35:*.xwd=01;35:*.yuv=01;35:*.cgm=01;35:*.emf=01;35:*.ogv=01;35:*.ogx=01;35:*.aac=00;36:*.au=00;36:*.flac=00;36:*.m4a=00;36:*.mid=00;36:*.midi=00;36:*.mka=00;36:*.mp3=00;36:*.mpc=00;36:*.ogg=00;36:*.ra=00;36:*.wav=00;36:*.oga=00;36:*.opus=00;36:*.spx=00;36:*.xspf=00;36:'), ('GNOME_TERMINAL_SERVICE', ':1.103'), ('SSH_AGENT_LAUNCHER', 'gnome-keyring'), ('SSH_AUTH_SOCK', '/run/user/1000/keyring/ssh'), ('AMENT_PREFIX_PATH', '/home/ros2/tower_ws/install/nav_messages:/home/ros2/ros2_ws/install/zed_ros2:/home/ros2/ros2_ws/install/zed_wrapper:/home/ros2/ros2_ws/install/zed_components:/home/ros2/Downloads/final-ai/install/py_fakedata:/home/ros2/Downloads/final-ai/install/py_detectionmessage:/home/ros2/Downloads/final-ai/install/py_aiproc:/home/ros2/Downloads/final-ai/install/detectionmessage:/home/ros2/Downloads/ros2cs/install:/opt/ros/humble'), ('SHELL', '/bin/bash'), ('LC_NAME', 'lv_LV.UTF-8'), ('QT_ACCESSIBILITY', '1'), ('GDMSESSION', 'ubuntu'), ('LESSCLOSE', '/usr/bin/lesspipe %s %s'), ('LC_MEASUREMENT', 'lv_LV.UTF-8'), ('GPG_AGENT_INFO', '/run/user/1000/gnupg/S.gpg-agent:0:1'), ('LC_IDENTIFICATION', 'lv_LV.UTF-8'), ('QT_IM_MODULE', 'ibus'), ('PWD', '/home/ros2/tower_ws/build/nav_radar'), ('XDG_CONFIG_DIRS', '/etc/xdg/xdg-ubuntu:/etc/xdg'), ('XDG_DATA_DIRS', '/usr/share/ubuntu:/usr/share/gnome:/usr/local/share/:/usr/share/:/var/lib/snapd/desktop'), ('PYTHONPATH', '/home/ros2/tower_ws/install/nav_messages/local/lib/python3.10/dist-packages:/home/ros2/Downloads/final-ai/install/py_fakedata/lib/python3.10/site-packages:/home/ros2/Downloads/final-ai/install/py_detectionmessage/lib/python3.10/site-packages:/home/ros2/Downloads/final-ai/install/py_aiproc/lib/python3.10/site-packages:/home/ros2/Downloads/final-ai/install/detectionmessage/local/lib/python3.10/dist-packages:/home/ros2/Downloads/ros2cs/install/lib/python3.10/site-packages:/home/ros2/Downloads/ros2cs/install/local/lib/python3.10/dist-packages:/opt/ros/humble/lib/python3.10/site-packages:/opt/ros/humble/local/lib/python3.10/dist-packages'), ('LC_NUMERIC', 'lv_LV.UTF-8'), ('LC_PAPER', 'lv_LV.UTF-8'), ('COLCON', '1'), ('VTE_VERSION', '6800'), ('CMAKE_PREFIX_PATH', '/home/ros2/tower_ws/install/nav_messages:/home/ros2/ros2_ws/install/zed_ros2:/home/ros2/ros2_ws/install/zed_wrapper:/home/ros2/ros2_ws/install/zed_components:/home/ros2/Downloads/final-ai/install/detectionmessage:/home/ros2/Downloads/ros2cs/install:/home/ros2/Downloads/final-ai/install/py_fakedata:/home/ros2/Downloads/final-ai/install/py_detectionmessage:/home/ros2/Downloads/final-ai/install/py_aiproc:/opt/ros/humble')]), 'shell': False}
[26.251928] (nav_radar) StdoutLine: {'line': b'-- Install configuration: ""\n'}
[26.252232] (nav_radar) StdoutLine: {'line': b'-- Installing: /home/ros2/tower_ws/install/nav_radar/lib/nav_radar/colossus_publisher\n'}
[26.253500] (nav_radar) StdoutLine: {'line': b'-- Set runtime path of "/home/ros2/tower_ws/install/nav_radar/lib/nav_radar/colossus_publisher" to ""\n'}
[26.253556] (nav_radar) StdoutLine: {'line': b'-- Installing: /home/ros2/tower_ws/install/nav_radar/lib/nav_radar/colossus_subscriber\n'}
[26.255951] (nav_radar) StdoutLine: {'line': b'-- Set runtime path of "/home/ros2/tower_ws/install/nav_radar/lib/nav_radar/colossus_subscriber" to ""\n'}
[26.256005] (nav_radar) StdoutLine: {'line': b'-- Installing: /home/ros2/tower_ws/install/nav_radar/lib/nav_radar/colossus_subscriber_to_video\n'}
[26.258312] (nav_radar) StdoutLine: {'line': b'-- Set runtime path of "/home/ros2/tower_ws/install/nav_radar/lib/nav_radar/colossus_subscriber_to_video" to ""\n'}
[26.258366] (nav_radar) StdoutLine: {'line': b'-- Installing: /home/ros2/tower_ws/install/nav_radar/lib/nav_radar/laser_scan_publisher\n'}
[26.259527] (nav_radar) StdoutLine: {'line': b'-- Set runtime path of "/home/ros2/tower_ws/install/nav_radar/lib/nav_radar/laser_scan_publisher" to ""\n'}
[26.259583] (nav_radar) StdoutLine: {'line': b'-- Installing: /home/ros2/tower_ws/install/nav_radar/lib/nav_radar/laser_scan_subscriber\n'}
[26.261833] (nav_radar) StdoutLine: {'line': b'-- Set runtime path of "/home/ros2/tower_ws/install/nav_radar/lib/nav_radar/laser_scan_subscriber" to ""\n'}
[26.261889] (nav_radar) StdoutLine: {'line': b'-- Installing: /home/ros2/tower_ws/install/nav_radar/lib/nav_radar/laser_scan_subscriber_to_video\n'}
[26.264047] (nav_radar) StdoutLine: {'line': b'-- Set runtime path of "/home/ros2/tower_ws/install/nav_radar/lib/nav_radar/laser_scan_subscriber_to_video" to ""\n'}
[26.264105] (nav_radar) StdoutLine: {'line': b'-- Installing: /home/ros2/tower_ws/install/nav_radar/lib/nav_radar/point_cloud_publisher\n'}
[26.265319] (nav_radar) StdoutLine: {'line': b'-- Set runtime path of "/home/ros2/tower_ws/install/nav_radar/lib/nav_radar/point_cloud_publisher" to ""\n'}
[26.265379] (nav_radar) StdoutLine: {'line': b'-- Installing: /home/ros2/tower_ws/install/nav_radar/lib/nav_radar/navigation_mode_point_cloud_publisher\n'}
[26.267632] (nav_radar) StdoutLine: {'line': b'-- Set runtime path of "/home/ros2/tower_ws/install/nav_radar/lib/nav_radar/navigation_mode_point_cloud_publisher" to ""\n'}
[26.267686] (nav_radar) StdoutLine: {'line': b'-- Installing: /home/ros2/tower_ws/install/nav_radar/lib/nav_radar/b_scan_publisher\n'}
[26.268879] (nav_radar) StdoutLine: {'line': b'-- Set runtime path of "/home/ros2/tower_ws/install/nav_radar/lib/nav_radar/b_scan_publisher" to ""\n'}
[26.268938] (nav_radar) StdoutLine: {'line': b'-- Installing: /home/ros2/tower_ws/install/nav_radar/lib/nav_radar/colossus_and_camera_publisher\n'}
[26.270350] (nav_radar) StdoutLine: {'line': b'-- Set runtime path of "/home/ros2/tower_ws/install/nav_radar/lib/nav_radar/colossus_and_camera_publisher" to ""\n'}
[26.270397] (nav_radar) StdoutLine: {'line': b'-- Installing: /home/ros2/tower_ws/install/nav_radar/lib/nav_radar/colossus_and_camera_subscriber_to_video\n'}
[26.274109] (nav_radar) StdoutLine: {'line': b'-- Set runtime path of "/home/ros2/tower_ws/install/nav_radar/lib/nav_radar/colossus_and_camera_subscriber_to_video" to ""\n'}
[26.274165] (nav_radar) StdoutLine: {'line': b'-- Installing: /home/ros2/tower_ws/install/nav_radar/lib/nav_radar/colossus_subscriber_laser_scan_publisher\n'}
[26.276559] (nav_radar) StdoutLine: {'line': b'-- Set runtime path of "/home/ros2/tower_ws/install/nav_radar/lib/nav_radar/colossus_subscriber_laser_scan_publisher" to ""\n'}
[26.276617] (nav_radar) StdoutLine: {'line': b'-- Installing: /home/ros2/tower_ws/install/nav_radar/lib/nav_radar/colossus_subscriber_point_cloud_publisher\n'}
[26.278980] (nav_radar) StdoutLine: {'line': b'-- Set runtime path of "/home/ros2/tower_ws/install/nav_radar/lib/nav_radar/colossus_subscriber_point_cloud_publisher" to ""\n'}
[26.279032] (nav_radar) StdoutLine: {'line': b'-- Installing: /home/ros2/tower_ws/install/nav_radar/lib/nav_radar/cfar_point_cloud_publisher\n'}
[26.280169] (nav_radar) StdoutLine: {'line': b'-- Set runtime path of "/home/ros2/tower_ws/install/nav_radar/lib/nav_radar/cfar_point_cloud_publisher" to ""\n'}
[26.280218] (nav_radar) StdoutLine: {'line': b'-- Installing: /home/ros2/tower_ws/install/nav_radar/lib/nav_radar/native_point_cloud_publisher\n'}
[26.281217] (nav_radar) StdoutLine: {'line': b'-- Set runtime path of "/home/ros2/tower_ws/install/nav_radar/lib/nav_radar/native_point_cloud_publisher" to ""\n'}
[26.281281] (nav_radar) StdoutLine: {'line': b'-- Installing: /home/ros2/tower_ws/install/nav_radar/share/ament_index/resource_index/package_run_dependencies/nav_radar\n'}
[26.281357] (nav_radar) StdoutLine: {'line': b'-- Installing: /home/ros2/tower_ws/install/nav_radar/share/ament_index/resource_index/parent_prefix_path/nav_radar\n'}
[26.281430] (nav_radar) StdoutLine: {'line': b'-- Installing: /home/ros2/tower_ws/install/nav_radar/share/nav_radar/environment/ament_prefix_path.sh\n'}
[26.281482] (nav_radar) StdoutLine: {'line': b'-- Installing: /home/ros2/tower_ws/install/nav_radar/share/nav_radar/environment/ament_prefix_path.dsv\n'}
[26.281532] (nav_radar) StdoutLine: {'line': b'-- Installing: /home/ros2/tower_ws/install/nav_radar/share/nav_radar/environment/path.sh\n'}
[26.281582] (nav_radar) StdoutLine: {'line': b'-- Installing: /home/ros2/tower_ws/install/nav_radar/share/nav_radar/environment/path.dsv\n'}
[26.281633] (nav_radar) StdoutLine: {'line': b'-- Installing: /home/ros2/tower_ws/install/nav_radar/share/nav_radar/local_setup.bash\n'}
[26.281673] (nav_radar) StdoutLine: {'line': b'-- Installing: /home/ros2/tower_ws/install/nav_radar/share/nav_radar/local_setup.sh\n'}
[26.281721] (nav_radar) StdoutLine: {'line': b'-- Installing: /home/ros2/tower_ws/install/nav_radar/share/nav_radar/local_setup.zsh\n'}
[26.281765] (nav_radar) StdoutLine: {'line': b'-- Installing: /home/ros2/tower_ws/install/nav_radar/share/nav_radar/local_setup.dsv\n'}
[26.281810] (nav_radar) StdoutLine: {'line': b'-- Installing: /home/ros2/tower_ws/install/nav_radar/share/nav_radar/package.dsv\n'}
[26.281879] (nav_radar) StdoutLine: {'line': b'-- Installing: /home/ros2/tower_ws/install/nav_radar/share/ament_index/resource_index/packages/nav_radar\n'}
[26.281980] (nav_radar) StdoutLine: {'line': b'-- Installing: /home/ros2/tower_ws/install/nav_radar/share/nav_radar/cmake/nav_radarConfig.cmake\n'}
[26.282004] (nav_radar) StdoutLine: {'line': b'-- Installing: /home/ros2/tower_ws/install/nav_radar/share/nav_radar/cmake/nav_radarConfig-version.cmake\n'}
[26.282060] (nav_radar) StdoutLine: {'line': b'-- Installing: /home/ros2/tower_ws/install/nav_radar/share/nav_radar/package.xml\n'}
[26.283427] (nav_radar) CommandEnded: {'returncode': 0}
[26.291314] (-) TimerEvent: {}
[26.296388] (nav_radar) JobEnded: {'identifier': 'nav_radar', 'rc': 0}
[26.296694] (nav_launch) JobStarted: {'identifier': 'nav_launch'}
[26.303706] (nav_launch) JobProgress: {'identifier': 'nav_launch', 'progress': 'cmake'}
[26.304005] (nav_launch) Command: {'cmd': ['/usr/bin/cmake', '/home/ros2/tower_ws/src/navtech/src/nav_launch', '-DCMAKE_INSTALL_PREFIX=/home/ros2/tower_ws/install/nav_launch'], 'cwd': '/home/ros2/tower_ws/build/nav_launch', 'env': OrderedDict([('LESSOPEN', '| /usr/bin/lesspipe %s'), ('USER', 'ros2'), ('LC_TIME', 'lv_LV.UTF-8'), ('XDG_SESSION_TYPE', 'x11'), ('SHLVL', '1'), ('LD_LIBRARY_PATH', '/home/ros2/tower_ws/install/nav_messages/lib:/home/ros2/ros2_ws/install/zed_components/lib:/home/ros2/Downloads/final-ai/install/detectionmessage/lib:/home/ros2/Downloads/ros2cs/install/lib:/opt/ros/humble/opt/rviz_ogre_vendor/lib:/opt/ros/humble/lib/x86_64-linux-gnu:/opt/ros/humble/lib'), ('HOME', '/home/ros2'), ('OLDPWD', '/home/ros2/tower_ws/src'), ('DESKTOP_SESSION', 'ubuntu'), ('ROS_PYTHON_VERSION', '3'), ('GNOME_SHELL_SESSION_MODE', 'ubuntu'), ('GTK_MODULES', 'gail:atk-bridge'), ('LC_MONETARY', 'lv_LV.UTF-8'), ('SYSTEMD_EXEC_PID', '2112'), ('DBUS_SESSION_BUS_ADDRESS', 'unix:path=/run/user/1000/bus'), ('COLORTERM', 'truecolor'), ('COLCON_PREFIX_PATH', '/home/ros2/ros2_ws/install:/home/ros2/Downloads/final-ai/install:/home/ros2/Downloads/ros2cs/install'), ('ROS_DISTRO', 'humble'), ('GTK_IM_MODULE', 'ibus'), ('LOGNAME', 'ros2'), ('_', '/usr/bin/colcon'), ('ROS_VERSION', '2'), ('XDG_SESSION_CLASS', 'user'), ('USERNAME', 'ros2'), ('TERM', 'xterm-256color'), ('GNOME_DESKTOP_SESSION_ID', 'this-is-deprecated'), ('ROS_LOCALHOST_ONLY', '0'), ('WINDOWPATH', '2'), ('PATH', '/opt/ros/humble/bin:/home/ros2/.local/bin:/usr/local/sbin:/usr/local/bin:/usr/sbin:/usr/bin:/sbin:/bin:/usr/games:/usr/local/games:/snap/bin:/snap/bin:/home/ros2/.dotnet/tools'), ('SESSION_MANAGER', 'local/ros2:@/tmp/.ICE-unix/1944,unix/ros2:/tmp/.ICE-unix/1944'), ('XDG_MENU_PREFIX', 'gnome-'), ('LC_ADDRESS', 'lv_LV.UTF-8'), ('GNOME_TERMINAL_SCREEN', '/org/gnome/Terminal/screen/52a08a4d_bf9a_4dd1_a4c1_fcd2684cb791'), ('XDG_RUNTIME_DIR', '/run/user/1000'), ('DISPLAY', ':1'), ('LANG', 'en_US.UTF-8'), ('XDG_CURRENT_DESKTOP', 'ubuntu:GNOME'), ('DOTNET_BUNDLE_EXTRACT_BASE_DIR', '/home/ros2/.cache/dotnet_bundle_extract'), ('LC_TELEPHONE', 'lv_LV.UTF-8'), ('XMODIFIERS', '@im=ibus'), ('XDG_SESSION_DESKTOP', 'ubuntu'), ('XAUTHORITY', '/run/user/1000/gdm/Xauthority'), ('LS_COLORS', 'rs=0:di=01;34:ln=01;36:mh=00:pi=40;33:so=01;35:do=01;35:bd=40;33;01:cd=40;33;01:or=40;31;01:mi=00:su=37;41:sg=30;43:ca=30;41:tw=30;42:ow=34;42:st=37;44:ex=01;32:*.tar=01;31:*.tgz=01;31:*.arc=01;31:*.arj=01;31:*.taz=01;31:*.lha=01;31:*.lz4=01;31:*.lzh=01;31:*.lzma=01;31:*.tlz=01;31:*.txz=01;31:*.tzo=01;31:*.t7z=01;31:*.zip=01;31:*.z=01;31:*.dz=01;31:*.gz=01;31:*.lrz=01;31:*.lz=01;31:*.lzo=01;31:*.xz=01;31:*.zst=01;31:*.tzst=01;31:*.bz2=01;31:*.bz=01;31:*.tbz=01;31:*.tbz2=01;31:*.tz=01;31:*.deb=01;31:*.rpm=01;31:*.jar=01;31:*.war=01;31:*.ear=01;31:*.sar=01;31:*.rar=01;31:*.alz=01;31:*.ace=01;31:*.zoo=01;31:*.cpio=01;31:*.7z=01;31:*.rz=01;31:*.cab=01;31:*.wim=01;31:*.swm=01;31:*.dwm=01;31:*.esd=01;31:*.jpg=01;35:*.jpeg=01;35:*.mjpg=01;35:*.mjpeg=01;35:*.gif=01;35:*.bmp=01;35:*.pbm=01;35:*.pgm=01;35:*.ppm=01;35:*.tga=01;35:*.xbm=01;35:*.xpm=01;35:*.tif=01;35:*.tiff=01;35:*.png=01;35:*.svg=01;35:*.svgz=01;35:*.mng=01;35:*.pcx=01;35:*.mov=01;35:*.mpg=01;35:*.mpeg=01;35:*.m2v=01;35:*.mkv=01;35:*.webm=01;35:*.webp=01;35:*.ogm=01;35:*.mp4=01;35:*.m4v=01;35:*.mp4v=01;35:*.vob=01;35:*.qt=01;35:*.nuv=01;35:*.wmv=01;35:*.asf=01;35:*.rm=01;35:*.rmvb=01;35:*.flc=01;35:*.avi=01;35:*.fli=01;35:*.flv=01;35:*.gl=01;35:*.dl=01;35:*.xcf=01;35:*.xwd=01;35:*.yuv=01;35:*.cgm=01;35:*.emf=01;35:*.ogv=01;35:*.ogx=01;35:*.aac=00;36:*.au=00;36:*.flac=00;36:*.m4a=00;36:*.mid=00;36:*.midi=00;36:*.mka=00;36:*.mp3=00;36:*.mpc=00;36:*.ogg=00;36:*.ra=00;36:*.wav=00;36:*.oga=00;36:*.opus=00;36:*.spx=00;36:*.xspf=00;36:'), ('GNOME_TERMINAL_SERVICE', ':1.103'), ('SSH_AGENT_LAUNCHER', 'gnome-keyring'), ('SSH_AUTH_SOCK', '/run/user/1000/keyring/ssh'), ('AMENT_PREFIX_PATH', '/home/ros2/tower_ws/install/nav_radar:/home/ros2/tower_ws/install/nav_camera:/home/ros2/tower_ws/install/nav_messages:/home/ros2/ros2_ws/install/zed_ros2:/home/ros2/ros2_ws/install/zed_wrapper:/home/ros2/ros2_ws/install/zed_components:/home/ros2/Downloads/final-ai/install/py_fakedata:/home/ros2/Downloads/final-ai/install/py_detectionmessage:/home/ros2/Downloads/final-ai/install/py_aiproc:/home/ros2/Downloads/final-ai/install/detectionmessage:/home/ros2/Downloads/ros2cs/install:/opt/ros/humble'), ('SHELL', '/bin/bash'), ('LC_NAME', 'lv_LV.UTF-8'), ('QT_ACCESSIBILITY', '1'), ('GDMSESSION', 'ubuntu'), ('LESSCLOSE', '/usr/bin/lesspipe %s %s'), ('LC_MEASUREMENT', 'lv_LV.UTF-8'), ('GPG_AGENT_INFO', '/run/user/1000/gnupg/S.gpg-agent:0:1'), ('LC_IDENTIFICATION', 'lv_LV.UTF-8'), ('QT_IM_MODULE', 'ibus'), ('PWD', '/home/ros2/tower_ws/build/nav_launch'), ('XDG_CONFIG_DIRS', '/etc/xdg/xdg-ubuntu:/etc/xdg'), ('XDG_DATA_DIRS', '/usr/share/ubuntu:/usr/share/gnome:/usr/local/share/:/usr/share/:/var/lib/snapd/desktop'), ('PYTHONPATH', '/home/ros2/tower_ws/install/nav_messages/local/lib/python3.10/dist-packages:/home/ros2/Downloads/final-ai/install/py_fakedata/lib/python3.10/site-packages:/home/ros2/Downloads/final-ai/install/py_detectionmessage/lib/python3.10/site-packages:/home/ros2/Downloads/final-ai/install/py_aiproc/lib/python3.10/site-packages:/home/ros2/Downloads/final-ai/install/detectionmessage/local/lib/python3.10/dist-packages:/home/ros2/Downloads/ros2cs/install/lib/python3.10/site-packages:/home/ros2/Downloads/ros2cs/install/local/lib/python3.10/dist-packages:/opt/ros/humble/lib/python3.10/site-packages:/opt/ros/humble/local/lib/python3.10/dist-packages'), ('LC_NUMERIC', 'lv_LV.UTF-8'), ('LC_PAPER', 'lv_LV.UTF-8'), ('COLCON', '1'), ('VTE_VERSION', '6800'), ('CMAKE_PREFIX_PATH', '/home/ros2/tower_ws/install/nav_radar:/home/ros2/tower_ws/install/nav_camera:/home/ros2/tower_ws/install/nav_messages:/home/ros2/ros2_ws/install/zed_ros2:/home/ros2/ros2_ws/install/zed_wrapper:/home/ros2/ros2_ws/install/zed_components:/home/ros2/Downloads/final-ai/install/detectionmessage:/home/ros2/Downloads/ros2cs/install:/home/ros2/Downloads/final-ai/install/py_fakedata:/home/ros2/Downloads/final-ai/install/py_detectionmessage:/home/ros2/Downloads/final-ai/install/py_aiproc:/opt/ros/humble')]), 'shell': False}
[26.341199] (nav_launch) StdoutLine: {'line': b'-- The C compiler identification is GNU 11.4.0\n'}
[26.385521] (nav_launch) StdoutLine: {'line': b'-- The CXX compiler identification is GNU 11.4.0\n'}
[26.389968] (nav_launch) StdoutLine: {'line': b'-- Detecting C compiler ABI info\n'}
[26.391365] (-) TimerEvent: {}
[26.463702] (nav_launch) StdoutLine: {'line': b'-- Detecting C compiler ABI info - done\n'}
[26.469454] (nav_launch) StdoutLine: {'line': b'-- Check for working C compiler: /usr/bin/cc - skipped\n'}
[26.469763] (nav_launch) StdoutLine: {'line': b'-- Detecting C compile features\n'}
[26.470173] (nav_launch) StdoutLine: {'line': b'-- Detecting C compile features - done\n'}
[26.472971] (nav_launch) StdoutLine: {'line': b'-- Detecting CXX compiler ABI info\n'}
[26.491536] (-) TimerEvent: {}
[26.546071] (nav_launch) StdoutLine: {'line': b'-- Detecting CXX compiler ABI info - done\n'}
[26.550713] (nav_launch) StdoutLine: {'line': b'-- Check for working CXX compiler: /usr/bin/c++ - skipped\n'}
[26.550921] (nav_launch) StdoutLine: {'line': b'-- Detecting CXX compile features\n'}
[26.551109] (nav_launch) StdoutLine: {'line': b'-- Detecting CXX compile features - done\n'}
[26.553870] (nav_launch) StdoutLine: {'line': b'-- Found ament_cmake: 1.3.14 (/opt/ros/humble/share/ament_cmake/cmake)\n'}
[26.591690] (-) TimerEvent: {}
[26.660452] (nav_launch) StdoutLine: {'line': b'-- Found Python3: /usr/bin/python3 (found version "3.10.12") found components: Interpreter \n'}
[26.691852] (-) TimerEvent: {}
[26.731778] (nav_launch) StdoutLine: {'line': b'-- Found ament_lint_auto: 0.12.15 (/opt/ros/humble/share/ament_lint_auto/cmake)\n'}
[26.783541] (nav_launch) StdoutLine: {'line': b"-- Added test 'copyright' to check source files copyright and LICENSE\n"}
[26.784836] (nav_launch) StdoutLine: {'line': b"-- Added test 'flake8' to check Python code syntax and style conventions\n"}
[26.785149] (nav_launch) StdoutLine: {'line': b"-- Added test 'lint_cmake' to check CMake code style\n"}
[26.785552] (nav_launch) StdoutLine: {'line': b"-- Added test 'pep257' to check Python code against some of the docstring style conventions in PEP 257\n"}
[26.786401] (nav_launch) StdoutLine: {'line': b"-- Added test 'xmllint' to check XML markup files\n"}
[26.787045] (nav_launch) StdoutLine: {'line': b'-- Configuring done\n'}
[26.788202] (nav_launch) StdoutLine: {'line': b'-- Generating done\n'}
[26.788999] (nav_launch) StdoutLine: {'line': b'-- Build files have been written to: /home/ros2/tower_ws/build/nav_launch\n'}
[26.791429] (nav_launch) CommandEnded: {'returncode': 0}
[26.791784] (nav_launch) JobProgress: {'identifier': 'nav_launch', 'progress': 'build'}
[26.791992] (nav_launch) Command: {'cmd': ['/usr/bin/cmake', '--build', '/home/ros2/tower_ws/build/nav_launch', '--', '-j24', '-l24'], 'cwd': '/home/ros2/tower_ws/build/nav_launch', 'env': OrderedDict([('LESSOPEN', '| /usr/bin/lesspipe %s'), ('USER', 'ros2'), ('LC_TIME', 'lv_LV.UTF-8'), ('XDG_SESSION_TYPE', 'x11'), ('SHLVL', '1'), ('LD_LIBRARY_PATH', '/home/ros2/tower_ws/install/nav_messages/lib:/home/ros2/ros2_ws/install/zed_components/lib:/home/ros2/Downloads/final-ai/install/detectionmessage/lib:/home/ros2/Downloads/ros2cs/install/lib:/opt/ros/humble/opt/rviz_ogre_vendor/lib:/opt/ros/humble/lib/x86_64-linux-gnu:/opt/ros/humble/lib'), ('HOME', '/home/ros2'), ('OLDPWD', '/home/ros2/tower_ws/src'), ('DESKTOP_SESSION', 'ubuntu'), ('ROS_PYTHON_VERSION', '3'), ('GNOME_SHELL_SESSION_MODE', 'ubuntu'), ('GTK_MODULES', 'gail:atk-bridge'), ('LC_MONETARY', 'lv_LV.UTF-8'), ('SYSTEMD_EXEC_PID', '2112'), ('DBUS_SESSION_BUS_ADDRESS', 'unix:path=/run/user/1000/bus'), ('COLORTERM', 'truecolor'), ('COLCON_PREFIX_PATH', '/home/ros2/ros2_ws/install:/home/ros2/Downloads/final-ai/install:/home/ros2/Downloads/ros2cs/install'), ('ROS_DISTRO', 'humble'), ('GTK_IM_MODULE', 'ibus'), ('LOGNAME', 'ros2'), ('_', '/usr/bin/colcon'), ('ROS_VERSION', '2'), ('XDG_SESSION_CLASS', 'user'), ('USERNAME', 'ros2'), ('TERM', 'xterm-256color'), ('GNOME_DESKTOP_SESSION_ID', 'this-is-deprecated'), ('ROS_LOCALHOST_ONLY', '0'), ('WINDOWPATH', '2'), ('PATH', '/opt/ros/humble/bin:/home/ros2/.local/bin:/usr/local/sbin:/usr/local/bin:/usr/sbin:/usr/bin:/sbin:/bin:/usr/games:/usr/local/games:/snap/bin:/snap/bin:/home/ros2/.dotnet/tools'), ('SESSION_MANAGER', 'local/ros2:@/tmp/.ICE-unix/1944,unix/ros2:/tmp/.ICE-unix/1944'), ('XDG_MENU_PREFIX', 'gnome-'), ('LC_ADDRESS', 'lv_LV.UTF-8'), ('GNOME_TERMINAL_SCREEN', '/org/gnome/Terminal/screen/52a08a4d_bf9a_4dd1_a4c1_fcd2684cb791'), ('XDG_RUNTIME_DIR', '/run/user/1000'), ('DISPLAY', ':1'), ('LANG', 'en_US.UTF-8'), ('XDG_CURRENT_DESKTOP', 'ubuntu:GNOME'), ('DOTNET_BUNDLE_EXTRACT_BASE_DIR', '/home/ros2/.cache/dotnet_bundle_extract'), ('LC_TELEPHONE', 'lv_LV.UTF-8'), ('XMODIFIERS', '@im=ibus'), ('XDG_SESSION_DESKTOP', 'ubuntu'), ('XAUTHORITY', '/run/user/1000/gdm/Xauthority'), ('LS_COLORS', 'rs=0:di=01;34:ln=01;36:mh=00:pi=40;33:so=01;35:do=01;35:bd=40;33;01:cd=40;33;01:or=40;31;01:mi=00:su=37;41:sg=30;43:ca=30;41:tw=30;42:ow=34;42:st=37;44:ex=01;32:*.tar=01;31:*.tgz=01;31:*.arc=01;31:*.arj=01;31:*.taz=01;31:*.lha=01;31:*.lz4=01;31:*.lzh=01;31:*.lzma=01;31:*.tlz=01;31:*.txz=01;31:*.tzo=01;31:*.t7z=01;31:*.zip=01;31:*.z=01;31:*.dz=01;31:*.gz=01;31:*.lrz=01;31:*.lz=01;31:*.lzo=01;31:*.xz=01;31:*.zst=01;31:*.tzst=01;31:*.bz2=01;31:*.bz=01;31:*.tbz=01;31:*.tbz2=01;31:*.tz=01;31:*.deb=01;31:*.rpm=01;31:*.jar=01;31:*.war=01;31:*.ear=01;31:*.sar=01;31:*.rar=01;31:*.alz=01;31:*.ace=01;31:*.zoo=01;31:*.cpio=01;31:*.7z=01;31:*.rz=01;31:*.cab=01;31:*.wim=01;31:*.swm=01;31:*.dwm=01;31:*.esd=01;31:*.jpg=01;35:*.jpeg=01;35:*.mjpg=01;35:*.mjpeg=01;35:*.gif=01;35:*.bmp=01;35:*.pbm=01;35:*.pgm=01;35:*.ppm=01;35:*.tga=01;35:*.xbm=01;35:*.xpm=01;35:*.tif=01;35:*.tiff=01;35:*.png=01;35:*.svg=01;35:*.svgz=01;35:*.mng=01;35:*.pcx=01;35:*.mov=01;35:*.mpg=01;35:*.mpeg=01;35:*.m2v=01;35:*.mkv=01;35:*.webm=01;35:*.webp=01;35:*.ogm=01;35:*.mp4=01;35:*.m4v=01;35:*.mp4v=01;35:*.vob=01;35:*.qt=01;35:*.nuv=01;35:*.wmv=01;35:*.asf=01;35:*.rm=01;35:*.rmvb=01;35:*.flc=01;35:*.avi=01;35:*.fli=01;35:*.flv=01;35:*.gl=01;35:*.dl=01;35:*.xcf=01;35:*.xwd=01;35:*.yuv=01;35:*.cgm=01;35:*.emf=01;35:*.ogv=01;35:*.ogx=01;35:*.aac=00;36:*.au=00;36:*.flac=00;36:*.m4a=00;36:*.mid=00;36:*.midi=00;36:*.mka=00;36:*.mp3=00;36:*.mpc=00;36:*.ogg=00;36:*.ra=00;36:*.wav=00;36:*.oga=00;36:*.opus=00;36:*.spx=00;36:*.xspf=00;36:'), ('GNOME_TERMINAL_SERVICE', ':1.103'), ('SSH_AGENT_LAUNCHER', 'gnome-keyring'), ('SSH_AUTH_SOCK', '/run/user/1000/keyring/ssh'), ('AMENT_PREFIX_PATH', '/home/ros2/tower_ws/install/nav_radar:/home/ros2/tower_ws/install/nav_camera:/home/ros2/tower_ws/install/nav_messages:/home/ros2/ros2_ws/install/zed_ros2:/home/ros2/ros2_ws/install/zed_wrapper:/home/ros2/ros2_ws/install/zed_components:/home/ros2/Downloads/final-ai/install/py_fakedata:/home/ros2/Downloads/final-ai/install/py_detectionmessage:/home/ros2/Downloads/final-ai/install/py_aiproc:/home/ros2/Downloads/final-ai/install/detectionmessage:/home/ros2/Downloads/ros2cs/install:/opt/ros/humble'), ('SHELL', '/bin/bash'), ('LC_NAME', 'lv_LV.UTF-8'), ('QT_ACCESSIBILITY', '1'), ('GDMSESSION', 'ubuntu'), ('LESSCLOSE', '/usr/bin/lesspipe %s %s'), ('LC_MEASUREMENT', 'lv_LV.UTF-8'), ('GPG_AGENT_INFO', '/run/user/1000/gnupg/S.gpg-agent:0:1'), ('LC_IDENTIFICATION', 'lv_LV.UTF-8'), ('QT_IM_MODULE', 'ibus'), ('PWD', '/home/ros2/tower_ws/build/nav_launch'), ('XDG_CONFIG_DIRS', '/etc/xdg/xdg-ubuntu:/etc/xdg'), ('XDG_DATA_DIRS', '/usr/share/ubuntu:/usr/share/gnome:/usr/local/share/:/usr/share/:/var/lib/snapd/desktop'), ('PYTHONPATH', '/home/ros2/tower_ws/install/nav_messages/local/lib/python3.10/dist-packages:/home/ros2/Downloads/final-ai/install/py_fakedata/lib/python3.10/site-packages:/home/ros2/Downloads/final-ai/install/py_detectionmessage/lib/python3.10/site-packages:/home/ros2/Downloads/final-ai/install/py_aiproc/lib/python3.10/site-packages:/home/ros2/Downloads/final-ai/install/detectionmessage/local/lib/python3.10/dist-packages:/home/ros2/Downloads/ros2cs/install/lib/python3.10/site-packages:/home/ros2/Downloads/ros2cs/install/local/lib/python3.10/dist-packages:/opt/ros/humble/lib/python3.10/site-packages:/opt/ros/humble/local/lib/python3.10/dist-packages'), ('LC_NUMERIC', 'lv_LV.UTF-8'), ('LC_PAPER', 'lv_LV.UTF-8'), ('COLCON', '1'), ('VTE_VERSION', '6800'), ('CMAKE_PREFIX_PATH', '/home/ros2/tower_ws/install/nav_radar:/home/ros2/tower_ws/install/nav_camera:/home/ros2/tower_ws/install/nav_messages:/home/ros2/ros2_ws/install/zed_ros2:/home/ros2/ros2_ws/install/zed_wrapper:/home/ros2/ros2_ws/install/zed_components:/home/ros2/Downloads/final-ai/install/detectionmessage:/home/ros2/Downloads/ros2cs/install:/home/ros2/Downloads/final-ai/install/py_fakedata:/home/ros2/Downloads/final-ai/install/py_detectionmessage:/home/ros2/Downloads/final-ai/install/py_aiproc:/opt/ros/humble')]), 'shell': False}
[26.792552] (-) TimerEvent: {}
[26.818804] (nav_launch) CommandEnded: {'returncode': 0}
[26.819251] (nav_launch) JobProgress: {'identifier': 'nav_launch', 'progress': 'install'}
[26.819552] (nav_launch) Command: {'cmd': ['/usr/bin/cmake', '--install', '/home/ros2/tower_ws/build/nav_launch'], 'cwd': '/home/ros2/tower_ws/build/nav_launch', 'env': OrderedDict([('LESSOPEN', '| /usr/bin/lesspipe %s'), ('USER', 'ros2'), ('LC_TIME', 'lv_LV.UTF-8'), ('XDG_SESSION_TYPE', 'x11'), ('SHLVL', '1'), ('LD_LIBRARY_PATH', '/home/ros2/tower_ws/install/nav_messages/lib:/home/ros2/ros2_ws/install/zed_components/lib:/home/ros2/Downloads/final-ai/install/detectionmessage/lib:/home/ros2/Downloads/ros2cs/install/lib:/opt/ros/humble/opt/rviz_ogre_vendor/lib:/opt/ros/humble/lib/x86_64-linux-gnu:/opt/ros/humble/lib'), ('HOME', '/home/ros2'), ('OLDPWD', '/home/ros2/tower_ws/src'), ('DESKTOP_SESSION', 'ubuntu'), ('ROS_PYTHON_VERSION', '3'), ('GNOME_SHELL_SESSION_MODE', 'ubuntu'), ('GTK_MODULES', 'gail:atk-bridge'), ('LC_MONETARY', 'lv_LV.UTF-8'), ('SYSTEMD_EXEC_PID', '2112'), ('DBUS_SESSION_BUS_ADDRESS', 'unix:path=/run/user/1000/bus'), ('COLORTERM', 'truecolor'), ('COLCON_PREFIX_PATH', '/home/ros2/ros2_ws/install:/home/ros2/Downloads/final-ai/install:/home/ros2/Downloads/ros2cs/install'), ('ROS_DISTRO', 'humble'), ('GTK_IM_MODULE', 'ibus'), ('LOGNAME', 'ros2'), ('_', '/usr/bin/colcon'), ('ROS_VERSION', '2'), ('XDG_SESSION_CLASS', 'user'), ('USERNAME', 'ros2'), ('TERM', 'xterm-256color'), ('GNOME_DESKTOP_SESSION_ID', 'this-is-deprecated'), ('ROS_LOCALHOST_ONLY', '0'), ('WINDOWPATH', '2'), ('PATH', '/opt/ros/humble/bin:/home/ros2/.local/bin:/usr/local/sbin:/usr/local/bin:/usr/sbin:/usr/bin:/sbin:/bin:/usr/games:/usr/local/games:/snap/bin:/snap/bin:/home/ros2/.dotnet/tools'), ('SESSION_MANAGER', 'local/ros2:@/tmp/.ICE-unix/1944,unix/ros2:/tmp/.ICE-unix/1944'), ('XDG_MENU_PREFIX', 'gnome-'), ('LC_ADDRESS', 'lv_LV.UTF-8'), ('GNOME_TERMINAL_SCREEN', '/org/gnome/Terminal/screen/52a08a4d_bf9a_4dd1_a4c1_fcd2684cb791'), ('XDG_RUNTIME_DIR', '/run/user/1000'), ('DISPLAY', ':1'), ('LANG', 'en_US.UTF-8'), ('XDG_CURRENT_DESKTOP', 'ubuntu:GNOME'), ('DOTNET_BUNDLE_EXTRACT_BASE_DIR', '/home/ros2/.cache/dotnet_bundle_extract'), ('LC_TELEPHONE', 'lv_LV.UTF-8'), ('XMODIFIERS', '@im=ibus'), ('XDG_SESSION_DESKTOP', 'ubuntu'), ('XAUTHORITY', '/run/user/1000/gdm/Xauthority'), ('LS_COLORS', 'rs=0:di=01;34:ln=01;36:mh=00:pi=40;33:so=01;35:do=01;35:bd=40;33;01:cd=40;33;01:or=40;31;01:mi=00:su=37;41:sg=30;43:ca=30;41:tw=30;42:ow=34;42:st=37;44:ex=01;32:*.tar=01;31:*.tgz=01;31:*.arc=01;31:*.arj=01;31:*.taz=01;31:*.lha=01;31:*.lz4=01;31:*.lzh=01;31:*.lzma=01;31:*.tlz=01;31:*.txz=01;31:*.tzo=01;31:*.t7z=01;31:*.zip=01;31:*.z=01;31:*.dz=01;31:*.gz=01;31:*.lrz=01;31:*.lz=01;31:*.lzo=01;31:*.xz=01;31:*.zst=01;31:*.tzst=01;31:*.bz2=01;31:*.bz=01;31:*.tbz=01;31:*.tbz2=01;31:*.tz=01;31:*.deb=01;31:*.rpm=01;31:*.jar=01;31:*.war=01;31:*.ear=01;31:*.sar=01;31:*.rar=01;31:*.alz=01;31:*.ace=01;31:*.zoo=01;31:*.cpio=01;31:*.7z=01;31:*.rz=01;31:*.cab=01;31:*.wim=01;31:*.swm=01;31:*.dwm=01;31:*.esd=01;31:*.jpg=01;35:*.jpeg=01;35:*.mjpg=01;35:*.mjpeg=01;35:*.gif=01;35:*.bmp=01;35:*.pbm=01;35:*.pgm=01;35:*.ppm=01;35:*.tga=01;35:*.xbm=01;35:*.xpm=01;35:*.tif=01;35:*.tiff=01;35:*.png=01;35:*.svg=01;35:*.svgz=01;35:*.mng=01;35:*.pcx=01;35:*.mov=01;35:*.mpg=01;35:*.mpeg=01;35:*.m2v=01;35:*.mkv=01;35:*.webm=01;35:*.webp=01;35:*.ogm=01;35:*.mp4=01;35:*.m4v=01;35:*.mp4v=01;35:*.vob=01;35:*.qt=01;35:*.nuv=01;35:*.wmv=01;35:*.asf=01;35:*.rm=01;35:*.rmvb=01;35:*.flc=01;35:*.avi=01;35:*.fli=01;35:*.flv=01;35:*.gl=01;35:*.dl=01;35:*.xcf=01;35:*.xwd=01;35:*.yuv=01;35:*.cgm=01;35:*.emf=01;35:*.ogv=01;35:*.ogx=01;35:*.aac=00;36:*.au=00;36:*.flac=00;36:*.m4a=00;36:*.mid=00;36:*.midi=00;36:*.mka=00;36:*.mp3=00;36:*.mpc=00;36:*.ogg=00;36:*.ra=00;36:*.wav=00;36:*.oga=00;36:*.opus=00;36:*.spx=00;36:*.xspf=00;36:'), ('GNOME_TERMINAL_SERVICE', ':1.103'), ('SSH_AGENT_LAUNCHER', 'gnome-keyring'), ('SSH_AUTH_SOCK', '/run/user/1000/keyring/ssh'), ('AMENT_PREFIX_PATH', '/home/ros2/tower_ws/install/nav_radar:/home/ros2/tower_ws/install/nav_camera:/home/ros2/tower_ws/install/nav_messages:/home/ros2/ros2_ws/install/zed_ros2:/home/ros2/ros2_ws/install/zed_wrapper:/home/ros2/ros2_ws/install/zed_components:/home/ros2/Downloads/final-ai/install/py_fakedata:/home/ros2/Downloads/final-ai/install/py_detectionmessage:/home/ros2/Downloads/final-ai/install/py_aiproc:/home/ros2/Downloads/final-ai/install/detectionmessage:/home/ros2/Downloads/ros2cs/install:/opt/ros/humble'), ('SHELL', '/bin/bash'), ('LC_NAME', 'lv_LV.UTF-8'), ('QT_ACCESSIBILITY', '1'), ('GDMSESSION', 'ubuntu'), ('LESSCLOSE', '/usr/bin/lesspipe %s %s'), ('LC_MEASUREMENT', 'lv_LV.UTF-8'), ('GPG_AGENT_INFO', '/run/user/1000/gnupg/S.gpg-agent:0:1'), ('LC_IDENTIFICATION', 'lv_LV.UTF-8'), ('QT_IM_MODULE', 'ibus'), ('PWD', '/home/ros2/tower_ws/build/nav_launch'), ('XDG_CONFIG_DIRS', '/etc/xdg/xdg-ubuntu:/etc/xdg'), ('XDG_DATA_DIRS', '/usr/share/ubuntu:/usr/share/gnome:/usr/local/share/:/usr/share/:/var/lib/snapd/desktop'), ('PYTHONPATH', '/home/ros2/tower_ws/install/nav_messages/local/lib/python3.10/dist-packages:/home/ros2/Downloads/final-ai/install/py_fakedata/lib/python3.10/site-packages:/home/ros2/Downloads/final-ai/install/py_detectionmessage/lib/python3.10/site-packages:/home/ros2/Downloads/final-ai/install/py_aiproc/lib/python3.10/site-packages:/home/ros2/Downloads/final-ai/install/detectionmessage/local/lib/python3.10/dist-packages:/home/ros2/Downloads/ros2cs/install/lib/python3.10/site-packages:/home/ros2/Downloads/ros2cs/install/local/lib/python3.10/dist-packages:/opt/ros/humble/lib/python3.10/site-packages:/opt/ros/humble/local/lib/python3.10/dist-packages'), ('LC_NUMERIC', 'lv_LV.UTF-8'), ('LC_PAPER', 'lv_LV.UTF-8'), ('COLCON', '1'), ('VTE_VERSION', '6800'), ('CMAKE_PREFIX_PATH', '/home/ros2/tower_ws/install/nav_radar:/home/ros2/tower_ws/install/nav_camera:/home/ros2/tower_ws/install/nav_messages:/home/ros2/ros2_ws/install/zed_ros2:/home/ros2/ros2_ws/install/zed_wrapper:/home/ros2/ros2_ws/install/zed_components:/home/ros2/Downloads/final-ai/install/detectionmessage:/home/ros2/Downloads/ros2cs/install:/home/ros2/Downloads/final-ai/install/py_fakedata:/home/ros2/Downloads/final-ai/install/py_detectionmessage:/home/ros2/Downloads/final-ai/install/py_aiproc:/opt/ros/humble')]), 'shell': False}
[26.826359] (nav_launch) StdoutLine: {'line': b'-- Install configuration: ""\n'}
[26.826423] (nav_launch) StdoutLine: {'line': b'-- Installing: /home/ros2/tower_ws/install/nav_launch/share/nav_launch/launch\n'}
[26.826480] (nav_launch) StdoutLine: {'line': b'-- Installing: /home/ros2/tower_ws/install/nav_launch/share/nav_launch/launch/launch_cfar_point_cloud_publisher.launch.py\n'}
[26.826570] (nav_launch) StdoutLine: {'line': b'-- Installing: /home/ros2/tower_ws/install/nav_launch/share/nav_launch/launch/launch_everything.py\n'}
[26.826598] (nav_launch) StdoutLine: {'line': b'-- Installing: /home/ros2/tower_ws/install/nav_launch/share/nav_launch/launch/launch_colossus_and_camera_publisher.launch.py\n'}
[26.826639] (nav_launch) StdoutLine: {'line': b'-- Installing: /home/ros2/tower_ws/install/nav_launch/share/nav_launch/launch/os1-991911000046-metadata.json\n'}
[26.826708] (nav_launch) StdoutLine: {'line': b'-- Installing: /home/ros2/tower_ws/install/nav_launch/share/nav_launch/launch/launch_colossus_publisher.launch.py\n'}
[26.826775] (nav_launch) StdoutLine: {'line': b'-- Installing: /home/ros2/tower_ws/install/nav_launch/share/nav_launch/launch/boat_tower_x.urdf\n'}
[26.826799] (nav_launch) StdoutLine: {'line': b'-- Installing: /home/ros2/tower_ws/install/nav_launch/share/nav_launch/launch/launch_colossus_subscriber_laser_scan_publisher.launch.py\n'}
[26.826825] (nav_launch) StdoutLine: {'line': b'-- Installing: /home/ros2/tower_ws/install/nav_launch/share/nav_launch/launch/launch_b_scan_publisher.launch.py\n'}
[26.826850] (nav_launch) StdoutLine: {'line': b'-- Installing: /home/ros2/tower_ws/install/nav_launch/share/nav_launch/launch/launch_laser_scan_publisher.launch.py\n'}
[26.826876] (nav_launch) StdoutLine: {'line': b'-- Installing: /home/ros2/tower_ws/install/nav_launch/share/nav_launch/launch/launch_colossus_subscriber_point_cloud_publisher.launch.py\n'}
[26.826917] (nav_launch) StdoutLine: {'line': b'-- Installing: /home/ros2/tower_ws/install/nav_launch/share/nav_launch/launch/launch_navigation_mode_point_cloud_publisher.launch.py\n'}
[26.826964] (nav_launch) StdoutLine: {'line': b'-- Installing: /home/ros2/tower_ws/install/nav_launch/share/nav_launch/launch/launch_point_cloud_publisher.launch.py\n'}
[26.826991] (nav_launch) StdoutLine: {'line': b'-- Installing: /home/ros2/tower_ws/install/nav_launch/share/nav_launch/launch/launch_native_point_cloud_publisher.launch.py\n'}
[26.827018] (nav_launch) StdoutLine: {'line': b'-- Installing: /home/ros2/tower_ws/install/nav_launch/share/nav_launch/launch/__pycache__\n'}
[26.827068] (nav_launch) StdoutLine: {'line': b'-- Installing: /home/ros2/tower_ws/install/nav_launch/share/nav_launch/launch/__pycache__/launch_point_cloud_publisher.launch.cpython-38.pyc\n'}
[26.827105] (nav_launch) StdoutLine: {'line': b'-- Installing: /home/ros2/tower_ws/install/nav_launch/share/nav_launch/launch/launch_camera_publisher.launch.py\n'}
[26.827160] (nav_launch) StdoutLine: {'line': b'-- Installing: /home/ros2/tower_ws/install/nav_launch/share/ament_index/resource_index/package_run_dependencies/nav_launch\n'}
[26.827217] (nav_launch) StdoutLine: {'line': b'-- Installing: /home/ros2/tower_ws/install/nav_launch/share/ament_index/resource_index/parent_prefix_path/nav_launch\n'}
[26.827280] (nav_launch) StdoutLine: {'line': b'-- Installing: /home/ros2/tower_ws/install/nav_launch/share/nav_launch/environment/ament_prefix_path.sh\n'}
[26.827341] (nav_launch) StdoutLine: {'line': b'-- Installing: /home/ros2/tower_ws/install/nav_launch/share/nav_launch/environment/ament_prefix_path.dsv\n'}
[26.827397] (nav_launch) StdoutLine: {'line': b'-- Installing: /home/ros2/tower_ws/install/nav_launch/share/nav_launch/environment/path.sh\n'}
[26.827452] (nav_launch) StdoutLine: {'line': b'-- Installing: /home/ros2/tower_ws/install/nav_launch/share/nav_launch/environment/path.dsv\n'}
[26.827501] (nav_launch) StdoutLine: {'line': b'-- Installing: /home/ros2/tower_ws/install/nav_launch/share/nav_launch/local_setup.bash\n'}
[26.827554] (nav_launch) StdoutLine: {'line': b'-- Installing: /home/ros2/tower_ws/install/nav_launch/share/nav_launch/local_setup.sh\n'}
[26.827608] (nav_launch) StdoutLine: {'line': b'-- Installing: /home/ros2/tower_ws/install/nav_launch/share/nav_launch/local_setup.zsh\n'}
[26.827663] (nav_launch) StdoutLine: {'line': b'-- Installing: /home/ros2/tower_ws/install/nav_launch/share/nav_launch/local_setup.dsv\n'}
[26.827713] (nav_launch) StdoutLine: {'line': b'-- Installing: /home/ros2/tower_ws/install/nav_launch/share/nav_launch/package.dsv\n'}
[26.827758] (nav_launch) StdoutLine: {'line': b'-- Installing: /home/ros2/tower_ws/install/nav_launch/share/ament_index/resource_index/packages/nav_launch\n'}
[26.827826] (nav_launch) StdoutLine: {'line': b'-- Installing: /home/ros2/tower_ws/install/nav_launch/share/nav_launch/cmake/nav_launchConfig.cmake\n'}
[26.827889] (nav_launch) StdoutLine: {'line': b'-- Installing: /home/ros2/tower_ws/install/nav_launch/share/nav_launch/cmake/nav_launchConfig-version.cmake\n'}
[26.827944] (nav_launch) StdoutLine: {'line': b'-- Installing: /home/ros2/tower_ws/install/nav_launch/share/nav_launch/package.xml\n'}
[26.829185] (nav_launch) CommandEnded: {'returncode': 0}
[26.836637] (nav_launch) JobEnded: {'identifier': 'nav_launch', 'rc': 0}
[26.836910] (-) EventReactorShutdown: {}
