[0.000000] (-) TimerEvent: {}
[0.000304] (IASDK) JobQueued: {'identifier': 'IASDK', 'dependencies': OrderedDict()}
[0.000545] (nav_messages) JobQueued: {'identifier': 'nav_messages', 'dependencies': OrderedDict()}
[0.000610] (zed_components) JobQueued: {'identifier': 'zed_components', 'dependencies': OrderedDict()}
[0.000633] (nav_camera) JobQueued: {'identifier': 'nav_camera', 'dependencies': OrderedDict([('nav_messages', '/home/ros2/tower_ws/install/nav_messages')])}
[0.000655] (nav_radar) JobQueued: {'identifier': 'nav_radar', 'dependencies': OrderedDict([('nav_messages', '/home/ros2/tower_ws/install/nav_messages')])}
[0.000675] (zed_wrapper) JobQueued: {'identifier': 'zed_wrapper', 'dependencies': OrderedDict([('zed_components', '/home/ros2/tower_ws/install/zed_components')])}
[0.000694] (nav_launch) JobQueued: {'identifier': 'nav_launch', 'dependencies': OrderedDict([('nav_messages', '/home/ros2/tower_ws/install/nav_messages'), ('nav_camera', '/home/ros2/tower_ws/install/nav_camera'), ('nav_radar', '/home/ros2/tower_ws/install/nav_radar')])}
[0.000726] (zed_ros2) JobQueued: {'identifier': 'zed_ros2', 'dependencies': OrderedDict([('zed_components', '/home/ros2/tower_ws/install/zed_components'), ('zed_wrapper', '/home/ros2/tower_ws/install/zed_wrapper')])}
[0.000748] (nav_messages) JobStarted: {'identifier': 'nav_messages'}
[0.004278] (zed_components) JobStarted: {'identifier': 'zed_components'}
[0.006973] (IASDK) JobStarted: {'identifier': 'IASDK'}
[0.009801] (nav_messages) JobProgress: {'identifier': 'nav_messages', 'progress': 'cmake'}
[0.010362] (nav_messages) JobProgress: {'identifier': 'nav_messages', 'progress': 'build'}
[0.010399] (nav_messages) Command: {'cmd': ['/usr/bin/cmake', '--build', '/home/ros2/tower_ws/build/nav_messages', '--', '-j24', '-l24'], 'cwd': '/home/ros2/tower_ws/build/nav_messages', 'env': OrderedDict([('LESSOPEN', '| /usr/bin/lesspipe %s'), ('USER', 'ros2'), ('LC_TIME', 'lv_LV.UTF-8'), ('XDG_SESSION_TYPE', 'x11'), ('SHLVL', '1'), ('LD_LIBRARY_PATH', '/home/ros2/tower_ws/install/nav_messages/lib:/home/ros2/ros2_ws/install/zed_components/lib:/home/ros2/Downloads/final-ai/install/detectionmessage/lib:/home/ros2/Downloads/ros2cs/install/lib:/opt/ros/humble/opt/rviz_ogre_vendor/lib:/opt/ros/humble/lib/x86_64-linux-gnu:/opt/ros/humble/lib'), ('HOME', '/home/ros2'), ('OLDPWD', '/home/ros2/tower_ws/src'), ('DESKTOP_SESSION', 'ubuntu'), ('ROS_PYTHON_VERSION', '3'), ('GNOME_SHELL_SESSION_MODE', 'ubuntu'), ('GTK_MODULES', 'gail:atk-bridge'), ('LC_MONETARY', 'lv_LV.UTF-8'), ('SYSTEMD_EXEC_PID', '2112'), ('DBUS_SESSION_BUS_ADDRESS', 'unix:path=/run/user/1000/bus'), ('COLORTERM', 'truecolor'), ('COLCON_PREFIX_PATH', '/home/ros2/tower_ws/install:/home/ros2/ros2_ws/install:/home/ros2/Downloads/final-ai/install:/home/ros2/Downloads/ros2cs/install'), ('ROS_DISTRO', 'humble'), ('GTK_IM_MODULE', 'ibus'), ('LOGNAME', 'ros2'), ('_', '/usr/bin/colcon'), ('ROS_VERSION', '2'), ('XDG_SESSION_CLASS', 'user'), ('USERNAME', 'ros2'), ('TERM', 'xterm-256color'), ('GNOME_DESKTOP_SESSION_ID', 'this-is-deprecated'), ('ROS_LOCALHOST_ONLY', '0'), ('WINDOWPATH', '2'), ('PATH', '/opt/ros/humble/bin:/home/ros2/.local/bin:/usr/local/sbin:/usr/local/bin:/usr/sbin:/usr/bin:/sbin:/bin:/usr/games:/usr/local/games:/snap/bin:/snap/bin:/home/ros2/.dotnet/tools'), ('SESSION_MANAGER', 'local/ros2:@/tmp/.ICE-unix/1944,unix/ros2:/tmp/.ICE-unix/1944'), ('XDG_MENU_PREFIX', 'gnome-'), ('LC_ADDRESS', 'lv_LV.UTF-8'), ('GNOME_TERMINAL_SCREEN', '/org/gnome/Terminal/screen/52a08a4d_bf9a_4dd1_a4c1_fcd2684cb791'), ('XDG_RUNTIME_DIR', '/run/user/1000'), ('DISPLAY', ':1'), ('LANG', 'en_US.UTF-8'), ('XDG_CURRENT_DESKTOP', 'ubuntu:GNOME'), ('DOTNET_BUNDLE_EXTRACT_BASE_DIR', '/home/ros2/.cache/dotnet_bundle_extract'), ('LC_TELEPHONE', 'lv_LV.UTF-8'), ('XMODIFIERS', '@im=ibus'), ('XDG_SESSION_DESKTOP', 'ubuntu'), ('XAUTHORITY', '/run/user/1000/gdm/Xauthority'), ('LS_COLORS', 'rs=0:di=01;34:ln=01;36:mh=00:pi=40;33:so=01;35:do=01;35:bd=40;33;01:cd=40;33;01:or=40;31;01:mi=00:su=37;41:sg=30;43:ca=30;41:tw=30;42:ow=34;42:st=37;44:ex=01;32:*.tar=01;31:*.tgz=01;31:*.arc=01;31:*.arj=01;31:*.taz=01;31:*.lha=01;31:*.lz4=01;31:*.lzh=01;31:*.lzma=01;31:*.tlz=01;31:*.txz=01;31:*.tzo=01;31:*.t7z=01;31:*.zip=01;31:*.z=01;31:*.dz=01;31:*.gz=01;31:*.lrz=01;31:*.lz=01;31:*.lzo=01;31:*.xz=01;31:*.zst=01;31:*.tzst=01;31:*.bz2=01;31:*.bz=01;31:*.tbz=01;31:*.tbz2=01;31:*.tz=01;31:*.deb=01;31:*.rpm=01;31:*.jar=01;31:*.war=01;31:*.ear=01;31:*.sar=01;31:*.rar=01;31:*.alz=01;31:*.ace=01;31:*.zoo=01;31:*.cpio=01;31:*.7z=01;31:*.rz=01;31:*.cab=01;31:*.wim=01;31:*.swm=01;31:*.dwm=01;31:*.esd=01;31:*.jpg=01;35:*.jpeg=01;35:*.mjpg=01;35:*.mjpeg=01;35:*.gif=01;35:*.bmp=01;35:*.pbm=01;35:*.pgm=01;35:*.ppm=01;35:*.tga=01;35:*.xbm=01;35:*.xpm=01;35:*.tif=01;35:*.tiff=01;35:*.png=01;35:*.svg=01;35:*.svgz=01;35:*.mng=01;35:*.pcx=01;35:*.mov=01;35:*.mpg=01;35:*.mpeg=01;35:*.m2v=01;35:*.mkv=01;35:*.webm=01;35:*.webp=01;35:*.ogm=01;35:*.mp4=01;35:*.m4v=01;35:*.mp4v=01;35:*.vob=01;35:*.qt=01;35:*.nuv=01;35:*.wmv=01;35:*.asf=01;35:*.rm=01;35:*.rmvb=01;35:*.flc=01;35:*.avi=01;35:*.fli=01;35:*.flv=01;35:*.gl=01;35:*.dl=01;35:*.xcf=01;35:*.xwd=01;35:*.yuv=01;35:*.cgm=01;35:*.emf=01;35:*.ogv=01;35:*.ogx=01;35:*.aac=00;36:*.au=00;36:*.flac=00;36:*.m4a=00;36:*.mid=00;36:*.midi=00;36:*.mka=00;36:*.mp3=00;36:*.mpc=00;36:*.ogg=00;36:*.ra=00;36:*.wav=00;36:*.oga=00;36:*.opus=00;36:*.spx=00;36:*.xspf=00;36:'), ('GNOME_TERMINAL_SERVICE', ':1.103'), ('SSH_AGENT_LAUNCHER', 'gnome-keyring'), ('SSH_AUTH_SOCK', '/run/user/1000/keyring/ssh'), ('AMENT_PREFIX_PATH', '/home/ros2/tower_ws/install/nav_launch:/home/ros2/tower_ws/install/nav_radar:/home/ros2/tower_ws/install/nav_camera:/home/ros2/tower_ws/install/nav_messages:/home/ros2/ros2_ws/install/zed_ros2:/home/ros2/ros2_ws/install/zed_wrapper:/home/ros2/ros2_ws/install/zed_components:/home/ros2/Downloads/final-ai/install/py_fakedata:/home/ros2/Downloads/final-ai/install/py_detectionmessage:/home/ros2/Downloads/final-ai/install/py_aiproc:/home/ros2/Downloads/final-ai/install/detectionmessage:/home/ros2/Downloads/ros2cs/install:/opt/ros/humble'), ('SHELL', '/bin/bash'), ('LC_NAME', 'lv_LV.UTF-8'), ('QT_ACCESSIBILITY', '1'), ('GDMSESSION', 'ubuntu'), ('LESSCLOSE', '/usr/bin/lesspipe %s %s'), ('LC_MEASUREMENT', 'lv_LV.UTF-8'), ('GPG_AGENT_INFO', '/run/user/1000/gnupg/S.gpg-agent:0:1'), ('LC_IDENTIFICATION', 'lv_LV.UTF-8'), ('QT_IM_MODULE', 'ibus'), ('PWD', '/home/ros2/tower_ws/build/nav_messages'), ('XDG_CONFIG_DIRS', '/etc/xdg/xdg-ubuntu:/etc/xdg'), ('XDG_DATA_DIRS', '/usr/share/ubuntu:/usr/share/gnome:/usr/local/share/:/usr/share/:/var/lib/snapd/desktop'), ('PYTHONPATH', '/home/ros2/tower_ws/install/nav_messages/local/lib/python3.10/dist-packages:/home/ros2/Downloads/final-ai/install/py_fakedata/lib/python3.10/site-packages:/home/ros2/Downloads/final-ai/install/py_detectionmessage/lib/python3.10/site-packages:/home/ros2/Downloads/final-ai/install/py_aiproc/lib/python3.10/site-packages:/home/ros2/Downloads/final-ai/install/detectionmessage/local/lib/python3.10/dist-packages:/home/ros2/Downloads/ros2cs/install/lib/python3.10/site-packages:/home/ros2/Downloads/ros2cs/install/local/lib/python3.10/dist-packages:/opt/ros/humble/lib/python3.10/site-packages:/opt/ros/humble/local/lib/python3.10/dist-packages'), ('LC_NUMERIC', 'lv_LV.UTF-8'), ('LC_PAPER', 'lv_LV.UTF-8'), ('COLCON', '1'), ('VTE_VERSION', '6800'), ('CMAKE_PREFIX_PATH', '/home/ros2/tower_ws/install/nav_launch:/home/ros2/tower_ws/install/nav_radar:/home/ros2/tower_ws/install/nav_camera:/home/ros2/tower_ws/install/nav_messages:/home/ros2/ros2_ws/install/zed_ros2:/home/ros2/ros2_ws/install/zed_wrapper:/home/ros2/ros2_ws/install/zed_components:/home/ros2/Downloads/final-ai/install/detectionmessage:/home/ros2/Downloads/ros2cs/install:/home/ros2/Downloads/final-ai/install/py_fakedata:/home/ros2/Downloads/final-ai/install/py_detectionmessage:/home/ros2/Downloads/final-ai/install/py_aiproc:/opt/ros/humble')]), 'shell': False}
[0.011836] (zed_components) JobProgress: {'identifier': 'zed_components', 'progress': 'cmake'}
[0.012164] (zed_components) Command: {'cmd': ['/usr/bin/cmake', '/home/ros2/tower_ws/src/zed-ros2-wrapper/zed_components', '-DCMAKE_INSTALL_PREFIX=/home/ros2/tower_ws/install/zed_components'], 'cwd': '/home/ros2/tower_ws/build/zed_components', 'env': OrderedDict([('LESSOPEN', '| /usr/bin/lesspipe %s'), ('USER', 'ros2'), ('LC_TIME', 'lv_LV.UTF-8'), ('XDG_SESSION_TYPE', 'x11'), ('SHLVL', '1'), ('LD_LIBRARY_PATH', '/home/ros2/tower_ws/install/nav_messages/lib:/home/ros2/ros2_ws/install/zed_components/lib:/home/ros2/Downloads/final-ai/install/detectionmessage/lib:/home/ros2/Downloads/ros2cs/install/lib:/opt/ros/humble/opt/rviz_ogre_vendor/lib:/opt/ros/humble/lib/x86_64-linux-gnu:/opt/ros/humble/lib'), ('HOME', '/home/ros2'), ('OLDPWD', '/home/ros2/tower_ws/src'), ('DESKTOP_SESSION', 'ubuntu'), ('ROS_PYTHON_VERSION', '3'), ('GNOME_SHELL_SESSION_MODE', 'ubuntu'), ('GTK_MODULES', 'gail:atk-bridge'), ('LC_MONETARY', 'lv_LV.UTF-8'), ('SYSTEMD_EXEC_PID', '2112'), ('DBUS_SESSION_BUS_ADDRESS', 'unix:path=/run/user/1000/bus'), ('COLORTERM', 'truecolor'), ('COLCON_PREFIX_PATH', '/home/ros2/tower_ws/install:/home/ros2/ros2_ws/install:/home/ros2/Downloads/final-ai/install:/home/ros2/Downloads/ros2cs/install'), ('ROS_DISTRO', 'humble'), ('GTK_IM_MODULE', 'ibus'), ('LOGNAME', 'ros2'), ('_', '/usr/bin/colcon'), ('ROS_VERSION', '2'), ('XDG_SESSION_CLASS', 'user'), ('USERNAME', 'ros2'), ('TERM', 'xterm-256color'), ('GNOME_DESKTOP_SESSION_ID', 'this-is-deprecated'), ('ROS_LOCALHOST_ONLY', '0'), ('WINDOWPATH', '2'), ('PATH', '/opt/ros/humble/bin:/home/ros2/.local/bin:/usr/local/sbin:/usr/local/bin:/usr/sbin:/usr/bin:/sbin:/bin:/usr/games:/usr/local/games:/snap/bin:/snap/bin:/home/ros2/.dotnet/tools'), ('SESSION_MANAGER', 'local/ros2:@/tmp/.ICE-unix/1944,unix/ros2:/tmp/.ICE-unix/1944'), ('XDG_MENU_PREFIX', 'gnome-'), ('LC_ADDRESS', 'lv_LV.UTF-8'), ('GNOME_TERMINAL_SCREEN', '/org/gnome/Terminal/screen/52a08a4d_bf9a_4dd1_a4c1_fcd2684cb791'), ('XDG_RUNTIME_DIR', '/run/user/1000'), ('DISPLAY', ':1'), ('LANG', 'en_US.UTF-8'), ('XDG_CURRENT_DESKTOP', 'ubuntu:GNOME'), ('DOTNET_BUNDLE_EXTRACT_BASE_DIR', '/home/ros2/.cache/dotnet_bundle_extract'), ('LC_TELEPHONE', 'lv_LV.UTF-8'), ('XMODIFIERS', '@im=ibus'), ('XDG_SESSION_DESKTOP', 'ubuntu'), ('XAUTHORITY', '/run/user/1000/gdm/Xauthority'), ('LS_COLORS', 'rs=0:di=01;34:ln=01;36:mh=00:pi=40;33:so=01;35:do=01;35:bd=40;33;01:cd=40;33;01:or=40;31;01:mi=00:su=37;41:sg=30;43:ca=30;41:tw=30;42:ow=34;42:st=37;44:ex=01;32:*.tar=01;31:*.tgz=01;31:*.arc=01;31:*.arj=01;31:*.taz=01;31:*.lha=01;31:*.lz4=01;31:*.lzh=01;31:*.lzma=01;31:*.tlz=01;31:*.txz=01;31:*.tzo=01;31:*.t7z=01;31:*.zip=01;31:*.z=01;31:*.dz=01;31:*.gz=01;31:*.lrz=01;31:*.lz=01;31:*.lzo=01;31:*.xz=01;31:*.zst=01;31:*.tzst=01;31:*.bz2=01;31:*.bz=01;31:*.tbz=01;31:*.tbz2=01;31:*.tz=01;31:*.deb=01;31:*.rpm=01;31:*.jar=01;31:*.war=01;31:*.ear=01;31:*.sar=01;31:*.rar=01;31:*.alz=01;31:*.ace=01;31:*.zoo=01;31:*.cpio=01;31:*.7z=01;31:*.rz=01;31:*.cab=01;31:*.wim=01;31:*.swm=01;31:*.dwm=01;31:*.esd=01;31:*.jpg=01;35:*.jpeg=01;35:*.mjpg=01;35:*.mjpeg=01;35:*.gif=01;35:*.bmp=01;35:*.pbm=01;35:*.pgm=01;35:*.ppm=01;35:*.tga=01;35:*.xbm=01;35:*.xpm=01;35:*.tif=01;35:*.tiff=01;35:*.png=01;35:*.svg=01;35:*.svgz=01;35:*.mng=01;35:*.pcx=01;35:*.mov=01;35:*.mpg=01;35:*.mpeg=01;35:*.m2v=01;35:*.mkv=01;35:*.webm=01;35:*.webp=01;35:*.ogm=01;35:*.mp4=01;35:*.m4v=01;35:*.mp4v=01;35:*.vob=01;35:*.qt=01;35:*.nuv=01;35:*.wmv=01;35:*.asf=01;35:*.rm=01;35:*.rmvb=01;35:*.flc=01;35:*.avi=01;35:*.fli=01;35:*.flv=01;35:*.gl=01;35:*.dl=01;35:*.xcf=01;35:*.xwd=01;35:*.yuv=01;35:*.cgm=01;35:*.emf=01;35:*.ogv=01;35:*.ogx=01;35:*.aac=00;36:*.au=00;36:*.flac=00;36:*.m4a=00;36:*.mid=00;36:*.midi=00;36:*.mka=00;36:*.mp3=00;36:*.mpc=00;36:*.ogg=00;36:*.ra=00;36:*.wav=00;36:*.oga=00;36:*.opus=00;36:*.spx=00;36:*.xspf=00;36:'), ('GNOME_TERMINAL_SERVICE', ':1.103'), ('SSH_AGENT_LAUNCHER', 'gnome-keyring'), ('SSH_AUTH_SOCK', '/run/user/1000/keyring/ssh'), ('AMENT_PREFIX_PATH', '/home/ros2/tower_ws/install/nav_launch:/home/ros2/tower_ws/install/nav_radar:/home/ros2/tower_ws/install/nav_camera:/home/ros2/tower_ws/install/nav_messages:/home/ros2/ros2_ws/install/zed_ros2:/home/ros2/ros2_ws/install/zed_wrapper:/home/ros2/ros2_ws/install/zed_components:/home/ros2/Downloads/final-ai/install/py_fakedata:/home/ros2/Downloads/final-ai/install/py_detectionmessage:/home/ros2/Downloads/final-ai/install/py_aiproc:/home/ros2/Downloads/final-ai/install/detectionmessage:/home/ros2/Downloads/ros2cs/install:/opt/ros/humble'), ('SHELL', '/bin/bash'), ('LC_NAME', 'lv_LV.UTF-8'), ('QT_ACCESSIBILITY', '1'), ('GDMSESSION', 'ubuntu'), ('LESSCLOSE', '/usr/bin/lesspipe %s %s'), ('LC_MEASUREMENT', 'lv_LV.UTF-8'), ('GPG_AGENT_INFO', '/run/user/1000/gnupg/S.gpg-agent:0:1'), ('LC_IDENTIFICATION', 'lv_LV.UTF-8'), ('QT_IM_MODULE', 'ibus'), ('PWD', '/home/ros2/tower_ws/build/zed_components'), ('XDG_CONFIG_DIRS', '/etc/xdg/xdg-ubuntu:/etc/xdg'), ('XDG_DATA_DIRS', '/usr/share/ubuntu:/usr/share/gnome:/usr/local/share/:/usr/share/:/var/lib/snapd/desktop'), ('PYTHONPATH', '/home/ros2/tower_ws/install/nav_messages/local/lib/python3.10/dist-packages:/home/ros2/Downloads/final-ai/install/py_fakedata/lib/python3.10/site-packages:/home/ros2/Downloads/final-ai/install/py_detectionmessage/lib/python3.10/site-packages:/home/ros2/Downloads/final-ai/install/py_aiproc/lib/python3.10/site-packages:/home/ros2/Downloads/final-ai/install/detectionmessage/local/lib/python3.10/dist-packages:/home/ros2/Downloads/ros2cs/install/lib/python3.10/site-packages:/home/ros2/Downloads/ros2cs/install/local/lib/python3.10/dist-packages:/opt/ros/humble/lib/python3.10/site-packages:/opt/ros/humble/local/lib/python3.10/dist-packages'), ('LC_NUMERIC', 'lv_LV.UTF-8'), ('LC_PAPER', 'lv_LV.UTF-8'), ('COLCON', '1'), ('VTE_VERSION', '6800'), ('CMAKE_PREFIX_PATH', '/home/ros2/tower_ws/install/nav_launch:/home/ros2/tower_ws/install/nav_radar:/home/ros2/tower_ws/install/nav_camera:/home/ros2/tower_ws/install/nav_messages:/home/ros2/ros2_ws/install/zed_ros2:/home/ros2/ros2_ws/install/zed_wrapper:/home/ros2/ros2_ws/install/zed_components:/home/ros2/Downloads/final-ai/install/detectionmessage:/home/ros2/Downloads/ros2cs/install:/home/ros2/Downloads/final-ai/install/py_fakedata:/home/ros2/Downloads/final-ai/install/py_detectionmessage:/home/ros2/Downloads/final-ai/install/py_aiproc:/opt/ros/humble')]), 'shell': False}
[0.014120] (IASDK) JobProgress: {'identifier': 'IASDK', 'progress': 'cmake'}
[0.014273] (IASDK) JobProgress: {'identifier': 'IASDK', 'progress': 'build'}
[0.014376] (IASDK) Command: {'cmd': ['/usr/bin/cmake', '--build', '/home/ros2/tower_ws/build/IASDK', '--', '-j24', '-l24'], 'cwd': '/home/ros2/tower_ws/build/IASDK', 'env': OrderedDict([('LESSOPEN', '| /usr/bin/lesspipe %s'), ('USER', 'ros2'), ('LC_TIME', 'lv_LV.UTF-8'), ('XDG_SESSION_TYPE', 'x11'), ('SHLVL', '1'), ('LD_LIBRARY_PATH', '/home/ros2/tower_ws/install/nav_messages/lib:/home/ros2/ros2_ws/install/zed_components/lib:/home/ros2/Downloads/final-ai/install/detectionmessage/lib:/home/ros2/Downloads/ros2cs/install/lib:/opt/ros/humble/opt/rviz_ogre_vendor/lib:/opt/ros/humble/lib/x86_64-linux-gnu:/opt/ros/humble/lib'), ('HOME', '/home/ros2'), ('OLDPWD', '/home/ros2/tower_ws/src'), ('DESKTOP_SESSION', 'ubuntu'), ('ROS_PYTHON_VERSION', '3'), ('GNOME_SHELL_SESSION_MODE', 'ubuntu'), ('GTK_MODULES', 'gail:atk-bridge'), ('LC_MONETARY', 'lv_LV.UTF-8'), ('SYSTEMD_EXEC_PID', '2112'), ('DBUS_SESSION_BUS_ADDRESS', 'unix:path=/run/user/1000/bus'), ('COLORTERM', 'truecolor'), ('COLCON_PREFIX_PATH', '/home/ros2/tower_ws/install:/home/ros2/ros2_ws/install:/home/ros2/Downloads/final-ai/install:/home/ros2/Downloads/ros2cs/install'), ('ROS_DISTRO', 'humble'), ('GTK_IM_MODULE', 'ibus'), ('LOGNAME', 'ros2'), ('_', '/usr/bin/colcon'), ('ROS_VERSION', '2'), ('XDG_SESSION_CLASS', 'user'), ('USERNAME', 'ros2'), ('TERM', 'xterm-256color'), ('GNOME_DESKTOP_SESSION_ID', 'this-is-deprecated'), ('ROS_LOCALHOST_ONLY', '0'), ('WINDOWPATH', '2'), ('PATH', '/opt/ros/humble/bin:/home/ros2/.local/bin:/usr/local/sbin:/usr/local/bin:/usr/sbin:/usr/bin:/sbin:/bin:/usr/games:/usr/local/games:/snap/bin:/snap/bin:/home/ros2/.dotnet/tools'), ('SESSION_MANAGER', 'local/ros2:@/tmp/.ICE-unix/1944,unix/ros2:/tmp/.ICE-unix/1944'), ('XDG_MENU_PREFIX', 'gnome-'), ('LC_ADDRESS', 'lv_LV.UTF-8'), ('GNOME_TERMINAL_SCREEN', '/org/gnome/Terminal/screen/52a08a4d_bf9a_4dd1_a4c1_fcd2684cb791'), ('XDG_RUNTIME_DIR', '/run/user/1000'), ('DISPLAY', ':1'), ('LANG', 'en_US.UTF-8'), ('XDG_CURRENT_DESKTOP', 'ubuntu:GNOME'), ('DOTNET_BUNDLE_EXTRACT_BASE_DIR', '/home/ros2/.cache/dotnet_bundle_extract'), ('LC_TELEPHONE', 'lv_LV.UTF-8'), ('XMODIFIERS', '@im=ibus'), ('XDG_SESSION_DESKTOP', 'ubuntu'), ('XAUTHORITY', '/run/user/1000/gdm/Xauthority'), ('LS_COLORS', 'rs=0:di=01;34:ln=01;36:mh=00:pi=40;33:so=01;35:do=01;35:bd=40;33;01:cd=40;33;01:or=40;31;01:mi=00:su=37;41:sg=30;43:ca=30;41:tw=30;42:ow=34;42:st=37;44:ex=01;32:*.tar=01;31:*.tgz=01;31:*.arc=01;31:*.arj=01;31:*.taz=01;31:*.lha=01;31:*.lz4=01;31:*.lzh=01;31:*.lzma=01;31:*.tlz=01;31:*.txz=01;31:*.tzo=01;31:*.t7z=01;31:*.zip=01;31:*.z=01;31:*.dz=01;31:*.gz=01;31:*.lrz=01;31:*.lz=01;31:*.lzo=01;31:*.xz=01;31:*.zst=01;31:*.tzst=01;31:*.bz2=01;31:*.bz=01;31:*.tbz=01;31:*.tbz2=01;31:*.tz=01;31:*.deb=01;31:*.rpm=01;31:*.jar=01;31:*.war=01;31:*.ear=01;31:*.sar=01;31:*.rar=01;31:*.alz=01;31:*.ace=01;31:*.zoo=01;31:*.cpio=01;31:*.7z=01;31:*.rz=01;31:*.cab=01;31:*.wim=01;31:*.swm=01;31:*.dwm=01;31:*.esd=01;31:*.jpg=01;35:*.jpeg=01;35:*.mjpg=01;35:*.mjpeg=01;35:*.gif=01;35:*.bmp=01;35:*.pbm=01;35:*.pgm=01;35:*.ppm=01;35:*.tga=01;35:*.xbm=01;35:*.xpm=01;35:*.tif=01;35:*.tiff=01;35:*.png=01;35:*.svg=01;35:*.svgz=01;35:*.mng=01;35:*.pcx=01;35:*.mov=01;35:*.mpg=01;35:*.mpeg=01;35:*.m2v=01;35:*.mkv=01;35:*.webm=01;35:*.webp=01;35:*.ogm=01;35:*.mp4=01;35:*.m4v=01;35:*.mp4v=01;35:*.vob=01;35:*.qt=01;35:*.nuv=01;35:*.wmv=01;35:*.asf=01;35:*.rm=01;35:*.rmvb=01;35:*.flc=01;35:*.avi=01;35:*.fli=01;35:*.flv=01;35:*.gl=01;35:*.dl=01;35:*.xcf=01;35:*.xwd=01;35:*.yuv=01;35:*.cgm=01;35:*.emf=01;35:*.ogv=01;35:*.ogx=01;35:*.aac=00;36:*.au=00;36:*.flac=00;36:*.m4a=00;36:*.mid=00;36:*.midi=00;36:*.mka=00;36:*.mp3=00;36:*.mpc=00;36:*.ogg=00;36:*.ra=00;36:*.wav=00;36:*.oga=00;36:*.opus=00;36:*.spx=00;36:*.xspf=00;36:'), ('GNOME_TERMINAL_SERVICE', ':1.103'), ('SSH_AGENT_LAUNCHER', 'gnome-keyring'), ('SSH_AUTH_SOCK', '/run/user/1000/keyring/ssh'), ('AMENT_PREFIX_PATH', '/home/ros2/tower_ws/install/nav_launch:/home/ros2/tower_ws/install/nav_radar:/home/ros2/tower_ws/install/nav_camera:/home/ros2/tower_ws/install/nav_messages:/home/ros2/ros2_ws/install/zed_ros2:/home/ros2/ros2_ws/install/zed_wrapper:/home/ros2/ros2_ws/install/zed_components:/home/ros2/Downloads/final-ai/install/py_fakedata:/home/ros2/Downloads/final-ai/install/py_detectionmessage:/home/ros2/Downloads/final-ai/install/py_aiproc:/home/ros2/Downloads/final-ai/install/detectionmessage:/home/ros2/Downloads/ros2cs/install:/opt/ros/humble'), ('SHELL', '/bin/bash'), ('LC_NAME', 'lv_LV.UTF-8'), ('QT_ACCESSIBILITY', '1'), ('GDMSESSION', 'ubuntu'), ('LESSCLOSE', '/usr/bin/lesspipe %s %s'), ('LC_MEASUREMENT', 'lv_LV.UTF-8'), ('GPG_AGENT_INFO', '/run/user/1000/gnupg/S.gpg-agent:0:1'), ('LC_IDENTIFICATION', 'lv_LV.UTF-8'), ('QT_IM_MODULE', 'ibus'), ('PWD', '/home/ros2/tower_ws/build/IASDK'), ('XDG_CONFIG_DIRS', '/etc/xdg/xdg-ubuntu:/etc/xdg'), ('XDG_DATA_DIRS', '/usr/share/ubuntu:/usr/share/gnome:/usr/local/share/:/usr/share/:/var/lib/snapd/desktop'), ('PYTHONPATH', '/home/ros2/tower_ws/install/nav_messages/local/lib/python3.10/dist-packages:/home/ros2/Downloads/final-ai/install/py_fakedata/lib/python3.10/site-packages:/home/ros2/Downloads/final-ai/install/py_detectionmessage/lib/python3.10/site-packages:/home/ros2/Downloads/final-ai/install/py_aiproc/lib/python3.10/site-packages:/home/ros2/Downloads/final-ai/install/detectionmessage/local/lib/python3.10/dist-packages:/home/ros2/Downloads/ros2cs/install/lib/python3.10/site-packages:/home/ros2/Downloads/ros2cs/install/local/lib/python3.10/dist-packages:/opt/ros/humble/lib/python3.10/site-packages:/opt/ros/humble/local/lib/python3.10/dist-packages'), ('LC_NUMERIC', 'lv_LV.UTF-8'), ('LC_PAPER', 'lv_LV.UTF-8'), ('COLCON', '1'), ('VTE_VERSION', '6800'), ('CMAKE_PREFIX_PATH', '/home/ros2/tower_ws/install/nav_launch:/home/ros2/tower_ws/install/nav_radar:/home/ros2/tower_ws/install/nav_camera:/home/ros2/tower_ws/install/nav_messages:/home/ros2/ros2_ws/install/zed_ros2:/home/ros2/ros2_ws/install/zed_wrapper:/home/ros2/ros2_ws/install/zed_components:/home/ros2/Downloads/final-ai/install/detectionmessage:/home/ros2/Downloads/ros2cs/install')]), 'shell': False}
[0.043247] (IASDK) StdoutLine: {'line': b'\x1b[35m\x1b[1mConsolidate compiler generated dependencies of target utility\x1b[0m\n'}
[0.043474] (nav_messages) StdoutLine: {'line': b'\x1b[35m\x1b[1mConsolidate compiler generated dependencies of target nav_messages__rosidl_generator_c\x1b[0m\n'}
[0.046562] (IASDK) StdoutLine: {'line': b'\x1b[35m\x1b[1mConsolidate compiler generated dependencies of target protobuf\x1b[0m\n'}
[0.046725] (nav_messages) StdoutLine: {'line': b'[  1%] Built target nav_messages__cpp\n'}
[0.046818] (nav_messages) StdoutLine: {'line': b'[  1%] Built target nav_messages__rs\n'}
[0.051867] (nav_messages) StdoutLine: {'line': b'[  1%] Built target ament_cmake_python_copy_nav_messages\n'}
[0.052427] (nav_messages) StdoutLine: {'line': b'[  2%] Built target nav_messages__cs\n'}
[0.052584] (IASDK) StdoutLine: {'line': b'[ 13%] Built target utility\n'}
[0.053191] (nav_messages) StdoutLine: {'line': b'\x1b[35m\x1b[1mConsolidate compiler generated dependencies of target nav_messages__rosidl_typesupport_cpp\x1b[0m\n'}
[0.053354] (nav_messages) StdoutLine: {'line': b'\x1b[35m\x1b[1mConsolidate compiler generated dependencies of target nav_messages__rosidl_typesupport_introspection_cpp\x1b[0m\n'}
[0.054346] (nav_messages) StdoutLine: {'line': b'[  7%] Built target nav_messages__rosidl_generator_c\n'}
[0.056813] (nav_messages) StdoutLine: {'line': b'\x1b[35m\x1b[1mConsolidate compiler generated dependencies of target nav_messages__rosidl_typesupport_fastrtps_cpp\x1b[0m\n'}
[0.057040] (IASDK) StdoutLine: {'line': b'[ 37%] Built target protobuf\n'}
[0.058074] (zed_components) StdoutLine: {'line': b'-- The C compiler identification is GNU 11.4.0\n'}
[0.060988] (nav_messages) StdoutLine: {'line': b'[ 12%] Built target nav_messages__rosidl_typesupport_introspection_cpp\n'}
[0.061175] (nav_messages) StdoutLine: {'line': b'\x1b[35m\x1b[1mConsolidate compiler generated dependencies of target nav_messages__rosidl_typesupport_introspection_c\x1b[0m\n'}
[0.061487] (nav_messages) StdoutLine: {'line': b'\x1b[35m\x1b[1mConsolidate compiler generated dependencies of target nav_messages__rosidl_typesupport_c\x1b[0m\n'}
[0.061687] (nav_messages) StdoutLine: {'line': b'\x1b[35m\x1b[1mConsolidate compiler generated dependencies of target nav_messages__rosidl_typesupport_fastrtps_c\x1b[0m\n'}
[0.062386] (nav_messages) StdoutLine: {'line': b'[ 17%] Built target nav_messages__rosidl_typesupport_cpp\n'}
[0.064292] (nav_messages) StdoutLine: {'line': b'[ 18%] \x1b[34m\x1b[1m/usr/bin/cmake;-version;/usr/bin/dotnet restore nav_messages_assembly_dotnetcore.csproj;          /usr/bin/dotnet build nav_messages_assembly_dotnetcore.csproj -> /home/ros2/tower_ws/build/nav_messages/nav_messages_assembly\x1b[0m\n'}
[0.067212] (IASDK) StdoutLine: {'line': b'\x1b[35m\x1b[1mConsolidate compiler generated dependencies of target navigation\x1b[0m\n'}
[0.067552] (nav_messages) StdoutLine: {'line': b'[ 23%] Built target nav_messages__rosidl_typesupport_introspection_c\n'}
[0.067789] (nav_messages) StdoutLine: {'line': b'[ 28%] Built target nav_messages__rosidl_typesupport_c\n'}
[0.069343] (nav_messages) StdoutLine: {'line': b'[ 34%] Built target nav_messages__rosidl_typesupport_fastrtps_cpp\n'}
[0.069479] (nav_messages) StdoutLine: {'line': b'[ 37%] Built target nav_messages__rosidl_typesupport_fastrtps_c\n'}
[0.074438] (nav_messages) StdoutLine: {'line': b'\x1b[35m\x1b[1mConsolidate compiler generated dependencies of target nav_messages_radar_configuration_message__rosidl_typesupport_introspection_c\x1b[0m\n'}
[0.074573] (nav_messages) StdoutLine: {'line': b'\x1b[35m\x1b[1mConsolidate compiler generated dependencies of target nav_messages_radar_fft_data_message__rosidl_typesupport_introspection_c\x1b[0m\n'}
[0.074610] (nav_messages) StdoutLine: {'line': b'\x1b[35m\x1b[1mConsolidate compiler generated dependencies of target nav_messages_radar_configuration_message__rosidl_typesupport_c\x1b[0m\n'}
[0.074776] (nav_messages) StdoutLine: {'line': b'\x1b[35m\x1b[1mConsolidate compiler generated dependencies of target nav_messages_camera_configuration_message__rosidl_typesupport_introspection_c\x1b[0m\n'}
[0.075080] (nav_messages) StdoutLine: {'line': b'\x1b[35m\x1b[1mConsolidate compiler generated dependencies of target nav_messages_camera_configuration_message__rosidl_typesupport_c\x1b[0m\n'}
[0.075380] (nav_messages) StdoutLine: {'line': b'\x1b[35m\x1b[1mConsolidate compiler generated dependencies of target nav_messages_radar_configuration_message__rosidl_typesupport_fastrtps_c\x1b[0m\n'}
[0.075731] (nav_messages) StdoutLine: {'line': b'\x1b[35m\x1b[1mConsolidate compiler generated dependencies of target nav_messages_radar_fft_data_message__rosidl_typesupport_fastrtps_c\x1b[0m\n'}
[0.077102] (nav_messages) StdoutLine: {'line': b'\x1b[35m\x1b[1mConsolidate compiler generated dependencies of target nav_messages_radar_fft_data_message__rosidl_typesupport_c\x1b[0m\n'}
[0.078598] (IASDK) StdoutLine: {'line': b'[ 41%] Built target navigation\n'}
[0.079500] (nav_messages) StdoutLine: {'line': b'\x1b[35m\x1b[1mConsolidate compiler generated dependencies of target nav_messages_camera_configuration_message__rosidl_typesupport_fastrtps_c\x1b[0m\n'}
[0.081665] (nav_messages) StdoutLine: {'line': b'[ 48%] Built target nav_messages_radar_configuration_message__rosidl_typesupport_c\n'}
[0.081803] (nav_messages) StdoutLine: {'line': b'[ 50%] Built target nav_messages_radar_configuration_message__rosidl_typesupport_introspection_c\n'}
[0.081868] (nav_messages) StdoutLine: {'line': b'[ 55%] Built target nav_messages_radar_fft_data_message__rosidl_typesupport_introspection_c\n'}
[0.081935] (nav_messages) StdoutLine: {'line': b'[ 61%] Built target nav_messages_camera_configuration_message__rosidl_typesupport_introspection_c\n'}
[0.082228] (nav_messages) StdoutLine: {'line': b'[ 66%] Built target nav_messages_camera_configuration_message__rosidl_typesupport_c\n'}
[0.084576] (nav_messages) StdoutLine: {'line': b'[ 72%] Built target nav_messages_radar_fft_data_message__rosidl_typesupport_c\n'}
[0.085293] (nav_messages) StdoutLine: {'line': b'[ 77%] Built target nav_messages_radar_configuration_message__rosidl_typesupport_fastrtps_c\n'}
[0.085567] (nav_messages) StdoutLine: {'line': b'[ 83%] Built target nav_messages_radar_fft_data_message__rosidl_typesupport_fastrtps_c\n'}
[0.086759] (nav_messages) StdoutLine: {'line': b'[ 89%] Built target nav_messages_camera_configuration_message__rosidl_typesupport_fastrtps_c\n'}
[0.087278] (nav_messages) StdoutLine: {'line': b'cmake version 3.22.1\n'}
[0.087312] (nav_messages) StdoutLine: {'line': b'\n'}
[0.087343] (nav_messages) StdoutLine: {'line': b'CMake suite maintained and supported by Kitware (kitware.com/cmake).\n'}
[0.090821] (IASDK) StdoutLine: {'line': b'\x1b[35m\x1b[1mConsolidate compiler generated dependencies of target networking\x1b[0m\n'}
[0.095376] (nav_messages) StdoutLine: {'line': b'[ 89%] Built target nav_messages\n'}
[0.099870] (-) TimerEvent: {}
[0.109205] (nav_messages) StdoutLine: {'line': b'[ 90%] Built target nav_messages__py\n'}
[0.110213] (IASDK) StdoutLine: {'line': b'[ 77%] Built target networking\n'}
[0.113009] (zed_components) StdoutLine: {'line': b'-- The CXX compiler identification is GNU 11.4.0\n'}
[0.116628] (IASDK) StdoutLine: {'line': b'\x1b[35m\x1b[1mConsolidate compiler generated dependencies of target cat240_client\x1b[0m\n'}
[0.116797] (IASDK) StdoutLine: {'line': b'\x1b[35m\x1b[1mConsolidate compiler generated dependencies of target navigation_client\x1b[0m\n'}
[0.116860] (IASDK) StdoutLine: {'line': b'\x1b[35m\x1b[1mConsolidate compiler generated dependencies of target colossus_relay\x1b[0m\n'}
[0.116947] (IASDK) StdoutLine: {'line': b'\x1b[35m\x1b[1mConsolidate compiler generated dependencies of target colossus_udp_client\x1b[0m\n'}
[0.117985] (nav_messages) StdoutLine: {'line': b'\x1b[35m\x1b[1mConsolidate compiler generated dependencies of target nav_messages__rosidl_generator_py\x1b[0m\n'}
[0.118658] (IASDK) StdoutLine: {'line': b'\x1b[35m\x1b[1mConsolidate compiler generated dependencies of target colossus_client\x1b[0m\n'}
[0.118818] (IASDK) StdoutLine: {'line': b'\x1b[35m\x1b[1mConsolidate compiler generated dependencies of target nmea_client\x1b[0m\n'}
[0.118898] (IASDK) StdoutLine: {'line': b'\x1b[35m\x1b[1mConsolidate compiler generated dependencies of target connection_tester\x1b[0m\n'}
[0.118987] (IASDK) StdoutLine: {'line': b'\x1b[35m\x1b[1mConsolidate compiler generated dependencies of target nmea_server\x1b[0m\n'}
[0.119075] (zed_components) StdoutLine: {'line': b'-- Detecting C compiler ABI info\n'}
[0.124688] (IASDK) StdoutLine: {'line': b'[ 87%] Built target colossus_relay\n'}
[0.124853] (IASDK) StdoutLine: {'line': b'[ 87%] Built target colossus_udp_client\n'}
[0.124920] (IASDK) StdoutLine: {'line': b'[ 87%] Built target navigation_client\n'}
[0.124970] (IASDK) StdoutLine: {'line': b'[ 88%] Built target cat240_client\n'}
[0.128528] (IASDK) StdoutLine: {'line': b'[ 91%] Built target connection_tester\n'}
[0.128827] (nav_messages) StdoutLine: {'line': b'[ 94%] Built target nav_messages__rosidl_generator_py\n'}
[0.130100] (IASDK) StdoutLine: {'line': b'[ 94%] Built target nmea_server\n'}
[0.130205] (IASDK) StdoutLine: {'line': b'[ 97%] Built target colossus_client\n'}
[0.130563] (IASDK) StdoutLine: {'line': b'[100%] Built target nmea_client\n'}
[0.136610] (nav_messages) StdoutLine: {'line': b'\x1b[35m\x1b[1mConsolidate compiler generated dependencies of target nav_messages__rosidl_typesupport_introspection_c__pyext\x1b[0m\n'}
[0.137696] (IASDK) CommandEnded: {'returncode': 0}
[0.137931] (nav_messages) StdoutLine: {'line': b'\x1b[35m\x1b[1mConsolidate compiler generated dependencies of target nav_messages__rosidl_typesupport_fastrtps_c__pyext\x1b[0m\n'}
[0.137986] (nav_messages) StdoutLine: {'line': b'\x1b[35m\x1b[1mConsolidate compiler generated dependencies of target nav_messages__rosidl_typesupport_c__pyext\x1b[0m\n'}
[0.143366] (IASDK) JobEnded: {'identifier': 'IASDK', 'rc': 0}
[0.146899] (nav_messages) StdoutLine: {'line': b'[ 96%] Built target nav_messages__rosidl_typesupport_introspection_c__pyext\n'}
[0.147291] (nav_messages) StdoutLine: {'line': b'[ 98%] Built target nav_messages__rosidl_typesupport_fastrtps_c__pyext\n'}
[0.147579] (nav_messages) StdoutLine: {'line': b'[100%] Built target nav_messages__rosidl_typesupport_c__pyext\n'}
[0.167484] (zed_components) StdoutLine: {'line': b'-- Detecting C compiler ABI info - done\n'}
[0.172093] (zed_components) StdoutLine: {'line': b'-- Check for working C compiler: /usr/bin/cc - skipped\n'}
[0.172315] (zed_components) StdoutLine: {'line': b'-- Detecting C compile features\n'}
[0.172506] (zed_components) StdoutLine: {'line': b'-- Detecting C compile features - done\n'}
[0.174628] (zed_components) StdoutLine: {'line': b'-- Detecting CXX compiler ABI info\n'}
[0.199970] (-) TimerEvent: {}
[0.223260] (nav_messages) StdoutLine: {'line': b'\x1b[?1h\x1b=running egg_info\n'}
[0.223716] (nav_messages) StdoutLine: {'line': b'writing nav_messages.egg-info/PKG-INFO\n'}
[0.223862] (nav_messages) StdoutLine: {'line': b'writing dependency_links to nav_messages.egg-info/dependency_links.txt\n'}
[0.223959] (nav_messages) StdoutLine: {'line': b'writing top-level names to nav_messages.egg-info/top_level.txt\n'}
[0.225266] (nav_messages) StdoutLine: {'line': b"reading manifest file 'nav_messages.egg-info/SOURCES.txt'\n"}
[0.225499] (nav_messages) StdoutLine: {'line': b"writing manifest file 'nav_messages.egg-info/SOURCES.txt'\n"}
[0.232075] (zed_components) StdoutLine: {'line': b'-- Detecting CXX compiler ABI info - done\n'}
[0.236791] (zed_components) StdoutLine: {'line': b'-- Check for working CXX compiler: /usr/bin/c++ - skipped\n'}
[0.236944] (zed_components) StdoutLine: {'line': b'-- Detecting CXX compile features\n'}
[0.237180] (zed_components) StdoutLine: {'line': b'-- Detecting CXX compile features - done\n'}
[0.240698] (zed_components) StdoutLine: {'line': b'-- Looking for sgemm_\n'}
[0.243452] (nav_messages) StdoutLine: {'line': b'[100%] Built target ament_cmake_python_build_nav_messages_egg\n'}
[0.290990] (zed_components) StdoutLine: {'line': b'-- Looking for sgemm_ - not found\n'}
[0.291985] (zed_components) StdoutLine: {'line': b'-- Looking for pthread.h\n'}
[0.300063] (-) TimerEvent: {}
[0.340314] (zed_components) StdoutLine: {'line': b'-- Looking for pthread.h - found\n'}
[0.340498] (zed_components) StdoutLine: {'line': b'-- Performing Test CMAKE_HAVE_LIBC_PTHREAD\n'}
[0.387823] (zed_components) StdoutLine: {'line': b'-- Performing Test CMAKE_HAVE_LIBC_PTHREAD - Success\n'}
[0.388430] (zed_components) StdoutLine: {'line': b'-- Found Threads: TRUE  \n'}
[0.400213] (-) TimerEvent: {}
[0.408183] (zed_components) StdoutLine: {'line': b'-- Looking for sgemm_\n'}
[0.477687] (zed_components) StdoutLine: {'line': b'-- Looking for sgemm_ - found\n'}
[0.478035] (zed_components) StdoutLine: {'line': b'-- Found BLAS: /usr/lib/x86_64-linux-gnu/libopenblas.so  \n'}
[0.500325] (-) TimerEvent: {}
[0.503132] (zed_components) StdoutLine: {'line': b'-- Found CUDA: /usr/local/cuda (found suitable version "13.1", minimum required is "13") \n'}
[0.509029] (nav_messages) StdoutLine: {'line': b'  Determining projects to restore...\n'}
[0.534996] (zed_components) StdoutLine: {'line': b'-- Found CUDA: /usr/local/cuda (found version "13.1") \n'}
[0.538470] (zed_components) StdoutLine: {'line': b'-- Found ament_cmake_auto: 1.3.14 (/opt/ros/humble/share/ament_cmake_auto/cmake)\n'}
[0.600470] (-) TimerEvent: {}
[0.611536] (nav_messages) StdoutLine: {'line': b'  All projects are up-to-date for restore.\n'}
[0.649029] (zed_components) StdoutLine: {'line': b'-- Found Python3: /usr/bin/python3 (found version "3.10.12") found components: Interpreter \n'}
[0.700644] (-) TimerEvent: {}
[0.708729] (nav_messages) StdoutLine: {'line': b'\x1b[?1h\x1b=Microsoft (R) Build Engine version 17.0.4+85d71072f for .NET\n'}
[0.708829] (nav_messages) StdoutLine: {'line': b'Copyright (C) Microsoft Corporation. All rights reserved.\n'}
[0.708861] (nav_messages) StdoutLine: {'line': b'\n'}
[0.796951] (zed_components) StdoutLine: {'line': b'-- Found rosidl_generator_c: 3.1.9 (/opt/ros/humble/share/rosidl_generator_c/cmake)\n'}
[0.800700] (-) TimerEvent: {}
[0.801698] (zed_components) StdoutLine: {'line': b'-- Found rosidl_adapter: 3.1.9 (/opt/ros/humble/share/rosidl_adapter/cmake)\n'}
[0.808800] (zed_components) StdoutLine: {'line': b'-- Found rosidl_generator_cpp: 3.1.9 (/opt/ros/humble/share/rosidl_generator_cpp/cmake)\n'}
[0.817775] (zed_components) StdoutLine: {'line': b'-- Using all available rosidl_typesupport_c: rosidl_typesupport_fastrtps_c;rosidl_typesupport_introspection_c\n'}
[0.829631] (zed_components) StdoutLine: {'line': b'-- Using all available rosidl_typesupport_cpp: rosidl_typesupport_fastrtps_cpp;rosidl_typesupport_introspection_cpp\n'}
[0.900877] (-) TimerEvent: {}
[0.917271] (zed_components) StdoutLine: {'line': b'-- Found rmw_implementation_cmake: 6.1.3 (/opt/ros/humble/share/rmw_implementation_cmake/cmake)\n'}
[0.919775] (zed_components) StdoutLine: {'line': b'-- Found rmw_fastrtps_cpp: 6.2.10 (/opt/ros/humble/share/rmw_fastrtps_cpp/cmake)\n'}
[0.982675] (zed_components) StdoutLine: {'line': b'-- Found OpenSSL: /usr/lib/x86_64-linux-gnu/libcrypto.so (found version "3.0.2")  \n'}
[0.998759] (zed_components) StdoutLine: {'line': b'-- Found FastRTPS: /opt/ros/humble/include  \n'}
[0.998971] (nav_messages) StdoutLine: {'line': b'  Determining projects to restore...\n'}
[1.000970] (-) TimerEvent: {}
[1.030177] (zed_components) StdoutLine: {'line': b"-- Using RMW implementation 'rmw_fastrtps_cpp' as default\n"}
[1.101170] (-) TimerEvent: {}
[1.131775] (nav_messages) StdoutLine: {'line': b'  All projects are up-to-date for restore.\n'}
[1.201290] (-) TimerEvent: {}
[1.223293] (zed_components) StdoutLine: {'line': b'-- Found eigen3_cmake_module: 0.1.1 (/opt/ros/humble/share/eigen3_cmake_module/cmake)\n'}
[1.224125] (zed_components) StdoutLine: {'line': b'-- Found Eigen3: TRUE (found version "3.4.0") \n'}
[1.224287] (zed_components) StdoutLine: {'line': b'-- Ensuring Eigen3 include directory is part of orocos-kdl CMake target\n'}
[1.285066] (nav_messages) StdoutLine: {'line': b'  nav_messages_assembly_dotnetcore -> /home/ros2/tower_ws/build/nav_messages/netstandard2.0/nav_messages_assembly.dll\n'}
[1.289030] (nav_messages) StdoutLine: {'line': b'\x1b[39;49m\x1b[92m\n'}
[1.289112] (nav_messages) StdoutLine: {'line': b'Build succeeded.\n'}
[1.289178] (nav_messages) StdoutLine: {'line': b'\x1b[39;49m    0 Warning(s)\n'}
[1.289240] (nav_messages) StdoutLine: {'line': b'\x1b[39;49m    0 Error(s)\n'}
[1.289340] (nav_messages) StdoutLine: {'line': b'\x1b[39;49m\n'}
[1.289403] (nav_messages) StdoutLine: {'line': b'Time Elapsed 00:00:00.52\n'}
[1.301367] (-) TimerEvent: {}
[1.310792] (nav_messages) StdoutLine: {'line': b'[100%] Built target nav_messages_assembly\n'}
[1.319830] (nav_messages) CommandEnded: {'returncode': 0}
[1.320470] (nav_messages) JobProgress: {'identifier': 'nav_messages', 'progress': 'install'}
[1.322435] (zed_components) StdoutLine: {'line': b'-- Found ament_lint_auto: 0.12.15 (/opt/ros/humble/share/ament_lint_auto/cmake)\n'}
[1.327989] (nav_messages) Command: {'cmd': ['/usr/bin/cmake', '--install', '/home/ros2/tower_ws/build/nav_messages'], 'cwd': '/home/ros2/tower_ws/build/nav_messages', 'env': OrderedDict([('LESSOPEN', '| /usr/bin/lesspipe %s'), ('USER', 'ros2'), ('LC_TIME', 'lv_LV.UTF-8'), ('XDG_SESSION_TYPE', 'x11'), ('SHLVL', '1'), ('LD_LIBRARY_PATH', '/home/ros2/tower_ws/install/nav_messages/lib:/home/ros2/ros2_ws/install/zed_components/lib:/home/ros2/Downloads/final-ai/install/detectionmessage/lib:/home/ros2/Downloads/ros2cs/install/lib:/opt/ros/humble/opt/rviz_ogre_vendor/lib:/opt/ros/humble/lib/x86_64-linux-gnu:/opt/ros/humble/lib'), ('HOME', '/home/ros2'), ('OLDPWD', '/home/ros2/tower_ws/src'), ('DESKTOP_SESSION', 'ubuntu'), ('ROS_PYTHON_VERSION', '3'), ('GNOME_SHELL_SESSION_MODE', 'ubuntu'), ('GTK_MODULES', 'gail:atk-bridge'), ('LC_MONETARY', 'lv_LV.UTF-8'), ('SYSTEMD_EXEC_PID', '2112'), ('DBUS_SESSION_BUS_ADDRESS', 'unix:path=/run/user/1000/bus'), ('COLORTERM', 'truecolor'), ('COLCON_PREFIX_PATH', '/home/ros2/tower_ws/install:/home/ros2/ros2_ws/install:/home/ros2/Downloads/final-ai/install:/home/ros2/Downloads/ros2cs/install'), ('ROS_DISTRO', 'humble'), ('GTK_IM_MODULE', 'ibus'), ('LOGNAME', 'ros2'), ('_', '/usr/bin/colcon'), ('ROS_VERSION', '2'), ('XDG_SESSION_CLASS', 'user'), ('USERNAME', 'ros2'), ('TERM', 'xterm-256color'), ('GNOME_DESKTOP_SESSION_ID', 'this-is-deprecated'), ('ROS_LOCALHOST_ONLY', '0'), ('WINDOWPATH', '2'), ('PATH', '/opt/ros/humble/bin:/home/ros2/.local/bin:/usr/local/sbin:/usr/local/bin:/usr/sbin:/usr/bin:/sbin:/bin:/usr/games:/usr/local/games:/snap/bin:/snap/bin:/home/ros2/.dotnet/tools'), ('SESSION_MANAGER', 'local/ros2:@/tmp/.ICE-unix/1944,unix/ros2:/tmp/.ICE-unix/1944'), ('XDG_MENU_PREFIX', 'gnome-'), ('LC_ADDRESS', 'lv_LV.UTF-8'), ('GNOME_TERMINAL_SCREEN', '/org/gnome/Terminal/screen/52a08a4d_bf9a_4dd1_a4c1_fcd2684cb791'), ('XDG_RUNTIME_DIR', '/run/user/1000'), ('DISPLAY', ':1'), ('LANG', 'en_US.UTF-8'), ('XDG_CURRENT_DESKTOP', 'ubuntu:GNOME'), ('DOTNET_BUNDLE_EXTRACT_BASE_DIR', '/home/ros2/.cache/dotnet_bundle_extract'), ('LC_TELEPHONE', 'lv_LV.UTF-8'), ('XMODIFIERS', '@im=ibus'), ('XDG_SESSION_DESKTOP', 'ubuntu'), ('XAUTHORITY', '/run/user/1000/gdm/Xauthority'), ('LS_COLORS', 'rs=0:di=01;34:ln=01;36:mh=00:pi=40;33:so=01;35:do=01;35:bd=40;33;01:cd=40;33;01:or=40;31;01:mi=00:su=37;41:sg=30;43:ca=30;41:tw=30;42:ow=34;42:st=37;44:ex=01;32:*.tar=01;31:*.tgz=01;31:*.arc=01;31:*.arj=01;31:*.taz=01;31:*.lha=01;31:*.lz4=01;31:*.lzh=01;31:*.lzma=01;31:*.tlz=01;31:*.txz=01;31:*.tzo=01;31:*.t7z=01;31:*.zip=01;31:*.z=01;31:*.dz=01;31:*.gz=01;31:*.lrz=01;31:*.lz=01;31:*.lzo=01;31:*.xz=01;31:*.zst=01;31:*.tzst=01;31:*.bz2=01;31:*.bz=01;31:*.tbz=01;31:*.tbz2=01;31:*.tz=01;31:*.deb=01;31:*.rpm=01;31:*.jar=01;31:*.war=01;31:*.ear=01;31:*.sar=01;31:*.rar=01;31:*.alz=01;31:*.ace=01;31:*.zoo=01;31:*.cpio=01;31:*.7z=01;31:*.rz=01;31:*.cab=01;31:*.wim=01;31:*.swm=01;31:*.dwm=01;31:*.esd=01;31:*.jpg=01;35:*.jpeg=01;35:*.mjpg=01;35:*.mjpeg=01;35:*.gif=01;35:*.bmp=01;35:*.pbm=01;35:*.pgm=01;35:*.ppm=01;35:*.tga=01;35:*.xbm=01;35:*.xpm=01;35:*.tif=01;35:*.tiff=01;35:*.png=01;35:*.svg=01;35:*.svgz=01;35:*.mng=01;35:*.pcx=01;35:*.mov=01;35:*.mpg=01;35:*.mpeg=01;35:*.m2v=01;35:*.mkv=01;35:*.webm=01;35:*.webp=01;35:*.ogm=01;35:*.mp4=01;35:*.m4v=01;35:*.mp4v=01;35:*.vob=01;35:*.qt=01;35:*.nuv=01;35:*.wmv=01;35:*.asf=01;35:*.rm=01;35:*.rmvb=01;35:*.flc=01;35:*.avi=01;35:*.fli=01;35:*.flv=01;35:*.gl=01;35:*.dl=01;35:*.xcf=01;35:*.xwd=01;35:*.yuv=01;35:*.cgm=01;35:*.emf=01;35:*.ogv=01;35:*.ogx=01;35:*.aac=00;36:*.au=00;36:*.flac=00;36:*.m4a=00;36:*.mid=00;36:*.midi=00;36:*.mka=00;36:*.mp3=00;36:*.mpc=00;36:*.ogg=00;36:*.ra=00;36:*.wav=00;36:*.oga=00;36:*.opus=00;36:*.spx=00;36:*.xspf=00;36:'), ('GNOME_TERMINAL_SERVICE', ':1.103'), ('SSH_AGENT_LAUNCHER', 'gnome-keyring'), ('SSH_AUTH_SOCK', '/run/user/1000/keyring/ssh'), ('AMENT_PREFIX_PATH', '/home/ros2/tower_ws/install/nav_launch:/home/ros2/tower_ws/install/nav_radar:/home/ros2/tower_ws/install/nav_camera:/home/ros2/tower_ws/install/nav_messages:/home/ros2/ros2_ws/install/zed_ros2:/home/ros2/ros2_ws/install/zed_wrapper:/home/ros2/ros2_ws/install/zed_components:/home/ros2/Downloads/final-ai/install/py_fakedata:/home/ros2/Downloads/final-ai/install/py_detectionmessage:/home/ros2/Downloads/final-ai/install/py_aiproc:/home/ros2/Downloads/final-ai/install/detectionmessage:/home/ros2/Downloads/ros2cs/install:/opt/ros/humble'), ('SHELL', '/bin/bash'), ('LC_NAME', 'lv_LV.UTF-8'), ('QT_ACCESSIBILITY', '1'), ('GDMSESSION', 'ubuntu'), ('LESSCLOSE', '/usr/bin/lesspipe %s %s'), ('LC_MEASUREMENT', 'lv_LV.UTF-8'), ('GPG_AGENT_INFO', '/run/user/1000/gnupg/S.gpg-agent:0:1'), ('LC_IDENTIFICATION', 'lv_LV.UTF-8'), ('QT_IM_MODULE', 'ibus'), ('PWD', '/home/ros2/tower_ws/build/nav_messages'), ('XDG_CONFIG_DIRS', '/etc/xdg/xdg-ubuntu:/etc/xdg'), ('XDG_DATA_DIRS', '/usr/share/ubuntu:/usr/share/gnome:/usr/local/share/:/usr/share/:/var/lib/snapd/desktop'), ('PYTHONPATH', '/home/ros2/tower_ws/install/nav_messages/local/lib/python3.10/dist-packages:/home/ros2/Downloads/final-ai/install/py_fakedata/lib/python3.10/site-packages:/home/ros2/Downloads/final-ai/install/py_detectionmessage/lib/python3.10/site-packages:/home/ros2/Downloads/final-ai/install/py_aiproc/lib/python3.10/site-packages:/home/ros2/Downloads/final-ai/install/detectionmessage/local/lib/python3.10/dist-packages:/home/ros2/Downloads/ros2cs/install/lib/python3.10/site-packages:/home/ros2/Downloads/ros2cs/install/local/lib/python3.10/dist-packages:/opt/ros/humble/lib/python3.10/site-packages:/opt/ros/humble/local/lib/python3.10/dist-packages'), ('LC_NUMERIC', 'lv_LV.UTF-8'), ('LC_PAPER', 'lv_LV.UTF-8'), ('COLCON', '1'), ('VTE_VERSION', '6800'), ('CMAKE_PREFIX_PATH', '/home/ros2/tower_ws/install/nav_launch:/home/ros2/tower_ws/install/nav_radar:/home/ros2/tower_ws/install/nav_camera:/home/ros2/tower_ws/install/nav_messages:/home/ros2/ros2_ws/install/zed_ros2:/home/ros2/ros2_ws/install/zed_wrapper:/home/ros2/ros2_ws/install/zed_components:/home/ros2/Downloads/final-ai/install/detectionmessage:/home/ros2/Downloads/ros2cs/install:/home/ros2/Downloads/final-ai/install/py_fakedata:/home/ros2/Downloads/final-ai/install/py_detectionmessage:/home/ros2/Downloads/final-ai/install/py_aiproc:/opt/ros/humble')]), 'shell': False}
[1.334129] (nav_messages) StdoutLine: {'line': b'-- Install configuration: ""\n'}
[1.334355] (nav_messages) StdoutLine: {'line': b'-- Up-to-date: /home/ros2/tower_ws/install/nav_messages/share/ament_index/resource_index/rosidl_interfaces/nav_messages\n'}
[1.334426] (nav_messages) StdoutLine: {'line': b'-- Up-to-date: /home/ros2/tower_ws/install/nav_messages/include/nav_messages/nav_messages\n'}
[1.334491] (nav_messages) StdoutLine: {'line': b'-- Up-to-date: /home/ros2/tower_ws/install/nav_messages/include/nav_messages/nav_messages/msg\n'}
[1.334640] (nav_messages) StdoutLine: {'line': b'-- Up-to-date: /home/ros2/tower_ws/install/nav_messages/include/nav_messages/nav_messages/msg/radar_fft_data_message.h\n'}
[1.334700] (nav_messages) StdoutLine: {'line': b'-- Up-to-date: /home/ros2/tower_ws/install/nav_messages/include/nav_messages/nav_messages/msg/rosidl_generator_c__visibility_control.h\n'}
[1.334770] (nav_messages) StdoutLine: {'line': b'-- Up-to-date: /home/ros2/tower_ws/install/nav_messages/include/nav_messages/nav_messages/msg/camera_configuration_message.h\n'}
[1.334831] (nav_messages) StdoutLine: {'line': b'-- Up-to-date: /home/ros2/tower_ws/install/nav_messages/include/nav_messages/nav_messages/msg/detail\n'}
[1.334892] (nav_messages) StdoutLine: {'line': b'-- Up-to-date: /home/ros2/tower_ws/install/nav_messages/include/nav_messages/nav_messages/msg/detail/radar_configuration_message__type_support.h\n'}
[1.334967] (nav_messages) StdoutLine: {'line': b'-- Up-to-date: /home/ros2/tower_ws/install/nav_messages/include/nav_messages/nav_messages/msg/detail/camera_configuration_message__functions.h\n'}
[1.335028] (nav_messages) StdoutLine: {'line': b'-- Up-to-date: /home/ros2/tower_ws/install/nav_messages/include/nav_messages/nav_messages/msg/detail/radar_configuration_message__functions.h\n'}
[1.335088] (nav_messages) StdoutLine: {'line': b'-- Up-to-date: /home/ros2/tower_ws/install/nav_messages/include/nav_messages/nav_messages/msg/detail/radar_configuration_message__functions.c\n'}
[1.335148] (nav_messages) StdoutLine: {'line': b'-- Up-to-date: /home/ros2/tower_ws/install/nav_messages/include/nav_messages/nav_messages/msg/detail/camera_configuration_message__functions.c\n'}
[1.335207] (nav_messages) StdoutLine: {'line': b'-- Up-to-date: /home/ros2/tower_ws/install/nav_messages/include/nav_messages/nav_messages/msg/detail/camera_configuration_message__type_support.h\n'}
[1.335266] (nav_messages) StdoutLine: {'line': b'-- Up-to-date: /home/ros2/tower_ws/install/nav_messages/include/nav_messages/nav_messages/msg/detail/radar_fft_data_message__functions.h\n'}
[1.335326] (nav_messages) StdoutLine: {'line': b'-- Up-to-date: /home/ros2/tower_ws/install/nav_messages/include/nav_messages/nav_messages/msg/detail/radar_fft_data_message__type_support.h\n'}
[1.335386] (nav_messages) StdoutLine: {'line': b'-- Up-to-date: /home/ros2/tower_ws/install/nav_messages/include/nav_messages/nav_messages/msg/detail/radar_fft_data_message__struct.h\n'}
[1.335445] (nav_messages) StdoutLine: {'line': b'-- Up-to-date: /home/ros2/tower_ws/install/nav_messages/include/nav_messages/nav_messages/msg/detail/radar_fft_data_message__functions.c\n'}
[1.335509] (nav_messages) StdoutLine: {'line': b'-- Up-to-date: /home/ros2/tower_ws/install/nav_messages/include/nav_messages/nav_messages/msg/detail/camera_configuration_message__struct.h\n'}
[1.335682] (nav_messages) StdoutLine: {'line': b'-- Up-to-date: /home/ros2/tower_ws/install/nav_messages/include/nav_messages/nav_messages/msg/detail/radar_configuration_message__struct.h\n'}
[1.335740] (nav_messages) StdoutLine: {'line': b'-- Up-to-date: /home/ros2/tower_ws/install/nav_messages/include/nav_messages/nav_messages/msg/radar_configuration_message.h\n'}
[1.335800] (nav_messages) StdoutLine: {'line': b'-- Up-to-date: /home/ros2/tower_ws/install/nav_messages/share/nav_messages/environment/library_path.sh\n'}
[1.335860] (nav_messages) StdoutLine: {'line': b'-- Up-to-date: /home/ros2/tower_ws/install/nav_messages/share/nav_messages/environment/library_path.dsv\n'}
[1.335940] (nav_messages) StdoutLine: {'line': b'-- Up-to-date: /home/ros2/tower_ws/install/nav_messages/lib/libnav_messages__rosidl_generator_c.so\n'}
[1.336000] (nav_messages) StdoutLine: {'line': b'-- Up-to-date: /home/ros2/tower_ws/install/nav_messages/include/nav_messages/nav_messages\n'}
[1.336059] (nav_messages) StdoutLine: {'line': b'-- Up-to-date: /home/ros2/tower_ws/install/nav_messages/include/nav_messages/nav_messages/msg\n'}
[1.336118] (nav_messages) StdoutLine: {'line': b'-- Up-to-date: /home/ros2/tower_ws/install/nav_messages/include/nav_messages/nav_messages/msg/detail\n'}
[1.336177] (nav_messages) StdoutLine: {'line': b'-- Up-to-date: /home/ros2/tower_ws/install/nav_messages/include/nav_messages/nav_messages/msg/detail/camera_configuration_message__rosidl_typesupport_fastrtps_c.h\n'}
[1.336237] (nav_messages) StdoutLine: {'line': b'-- Up-to-date: /home/ros2/tower_ws/install/nav_messages/include/nav_messages/nav_messages/msg/detail/radar_fft_data_message__rosidl_typesupport_fastrtps_c.h\n'}
[1.336318] (nav_messages) StdoutLine: {'line': b'-- Up-to-date: /home/ros2/tower_ws/install/nav_messages/include/nav_messages/nav_messages/msg/detail/radar_configuration_message__rosidl_typesupport_fastrtps_c.h\n'}
[1.336378] (nav_messages) StdoutLine: {'line': b'-- Up-to-date: /home/ros2/tower_ws/install/nav_messages/include/nav_messages/nav_messages/msg/rosidl_typesupport_fastrtps_c__visibility_control.h\n'}
[1.336438] (nav_messages) StdoutLine: {'line': b'-- Up-to-date: /home/ros2/tower_ws/install/nav_messages/lib/libnav_messages__rosidl_typesupport_fastrtps_c.so\n'}
[1.336501] (nav_messages) StdoutLine: {'line': b'-- Up-to-date: /home/ros2/tower_ws/install/nav_messages/include/nav_messages/nav_messages\n'}
[1.336582] (nav_messages) StdoutLine: {'line': b'-- Up-to-date: /home/ros2/tower_ws/install/nav_messages/include/nav_messages/nav_messages/msg\n'}
[1.336642] (nav_messages) StdoutLine: {'line': b'-- Up-to-date: /home/ros2/tower_ws/install/nav_messages/include/nav_messages/nav_messages/msg/radar_fft_data_message.hpp\n'}
[1.336701] (nav_messages) StdoutLine: {'line': b'-- Up-to-date: /home/ros2/tower_ws/install/nav_messages/include/nav_messages/nav_messages/msg/camera_configuration_message.hpp\n'}
[1.336760] (nav_messages) StdoutLine: {'line': b'-- Up-to-date: /home/ros2/tower_ws/install/nav_messages/include/nav_messages/nav_messages/msg/radar_configuration_message.hpp\n'}
[1.336819] (nav_messages) StdoutLine: {'line': b'-- Up-to-date: /home/ros2/tower_ws/install/nav_messages/include/nav_messages/nav_messages/msg/detail\n'}
[1.336878] (nav_messages) StdoutLine: {'line': b'-- Up-to-date: /home/ros2/tower_ws/install/nav_messages/include/nav_messages/nav_messages/msg/detail/radar_fft_data_message__struct.hpp\n'}
[1.336937] (nav_messages) StdoutLine: {'line': b'-- Up-to-date: /home/ros2/tower_ws/install/nav_messages/include/nav_messages/nav_messages/msg/detail/camera_configuration_message__traits.hpp\n'}
[1.337042] (nav_messages) StdoutLine: {'line': b'-- Up-to-date: /home/ros2/tower_ws/install/nav_messages/include/nav_messages/nav_messages/msg/detail/camera_configuration_message__type_support.hpp\n'}
[1.337102] (nav_messages) StdoutLine: {'line': b'-- Up-to-date: /home/ros2/tower_ws/install/nav_messages/include/nav_messages/nav_messages/msg/detail/camera_configuration_message__builder.hpp\n'}
[1.337161] (nav_messages) StdoutLine: {'line': b'-- Up-to-date: /home/ros2/tower_ws/install/nav_messages/include/nav_messages/nav_messages/msg/detail/radar_configuration_message__traits.hpp\n'}
[1.337220] (nav_messages) StdoutLine: {'line': b'-- Up-to-date: /home/ros2/tower_ws/install/nav_messages/include/nav_messages/nav_messages/msg/detail/radar_fft_data_message__type_support.hpp\n'}
[1.337278] (nav_messages) StdoutLine: {'line': b'-- Up-to-date: /home/ros2/tower_ws/install/nav_messages/include/nav_messages/nav_messages/msg/detail/radar_configuration_message__type_support.hpp\n'}
[1.337337] (nav_messages) StdoutLine: {'line': b'-- Up-to-date: /home/ros2/tower_ws/install/nav_messages/include/nav_messages/nav_messages/msg/detail/radar_fft_data_message__builder.hpp\n'}
[1.337396] (nav_messages) StdoutLine: {'line': b'-- Up-to-date: /home/ros2/tower_ws/install/nav_messages/include/nav_messages/nav_messages/msg/detail/camera_configuration_message__struct.hpp\n'}
[1.337454] (nav_messages) StdoutLine: {'line': b'-- Up-to-date: /home/ros2/tower_ws/install/nav_messages/include/nav_messages/nav_messages/msg/detail/radar_configuration_message__builder.hpp\n'}
[1.337529] (nav_messages) StdoutLine: {'line': b'-- Up-to-date: /home/ros2/tower_ws/install/nav_messages/include/nav_messages/nav_messages/msg/detail/radar_configuration_message__struct.hpp\n'}
[1.337634] (nav_messages) StdoutLine: {'line': b'-- Up-to-date: /home/ros2/tower_ws/install/nav_messages/include/nav_messages/nav_messages/msg/detail/radar_fft_data_message__traits.hpp\n'}
[1.337691] (nav_messages) StdoutLine: {'line': b'-- Up-to-date: /home/ros2/tower_ws/install/nav_messages/include/nav_messages/nav_messages/msg/rosidl_generator_cpp__visibility_control.hpp\n'}
[1.337750] (nav_messages) StdoutLine: {'line': b'-- Up-to-date: /home/ros2/tower_ws/install/nav_messages/include/nav_messages/nav_messages\n'}
[1.337806] (nav_messages) StdoutLine: {'line': b'-- Up-to-date: /home/ros2/tower_ws/install/nav_messages/include/nav_messages/nav_messages/msg\n'}
[1.337862] (nav_messages) StdoutLine: {'line': b'-- Up-to-date: /home/ros2/tower_ws/install/nav_messages/include/nav_messages/nav_messages/msg/rosidl_typesupport_fastrtps_cpp__visibility_control.h\n'}
[1.337917] (nav_messages) StdoutLine: {'line': b'-- Up-to-date: /home/ros2/tower_ws/install/nav_messages/include/nav_messages/nav_messages/msg/detail\n'}
[1.337977] (nav_messages) StdoutLine: {'line': b'-- Up-to-date: /home/ros2/tower_ws/install/nav_messages/include/nav_messages/nav_messages/msg/detail/radar_fft_data_message__rosidl_typesupport_fastrtps_cpp.hpp\n'}
[1.338033] (nav_messages) StdoutLine: {'line': b'-- Up-to-date: /home/ros2/tower_ws/install/nav_messages/include/nav_messages/nav_messages/msg/detail/radar_configuration_message__rosidl_typesupport_fastrtps_cpp.hpp\n'}
[1.338087] (nav_messages) StdoutLine: {'line': b'-- Up-to-date: /home/ros2/tower_ws/install/nav_messages/include/nav_messages/nav_messages/msg/detail/camera_configuration_message__rosidl_typesupport_fastrtps_cpp.hpp\n'}
[1.338142] (nav_messages) StdoutLine: {'line': b'-- Up-to-date: /home/ros2/tower_ws/install/nav_messages/include/nav_messages/nav_messages/msg/detail/dds_fastrtps\n'}
[1.338197] (nav_messages) StdoutLine: {'line': b'-- Up-to-date: /home/ros2/tower_ws/install/nav_messages/lib/libnav_messages__rosidl_typesupport_fastrtps_cpp.so\n'}
[1.338252] (nav_messages) StdoutLine: {'line': b'-- Up-to-date: /home/ros2/tower_ws/install/nav_messages/include/nav_messages/nav_messages\n'}
[1.338307] (nav_messages) StdoutLine: {'line': b'-- Up-to-date: /home/ros2/tower_ws/install/nav_messages/include/nav_messages/nav_messages/msg\n'}
[1.338361] (nav_messages) StdoutLine: {'line': b'-- Up-to-date: /home/ros2/tower_ws/install/nav_messages/include/nav_messages/nav_messages/msg/rosidl_typesupport_introspection_c__visibility_control.h\n'}
[1.338416] (nav_messages) StdoutLine: {'line': b'-- Up-to-date: /home/ros2/tower_ws/install/nav_messages/include/nav_messages/nav_messages/msg/detail\n'}
[1.338471] (nav_messages) StdoutLine: {'line': b'-- Up-to-date: /home/ros2/tower_ws/install/nav_messages/include/nav_messages/nav_messages/msg/detail/radar_configuration_message__rosidl_typesupport_introspection_c.h\n'}
[1.338533] (nav_messages) StdoutLine: {'line': b'-- Up-to-date: /home/ros2/tower_ws/install/nav_messages/include/nav_messages/nav_messages/msg/detail/camera_configuration_message__rosidl_typesupport_introspection_c.h\n'}
[1.338589] (nav_messages) StdoutLine: {'line': b'-- Up-to-date: /home/ros2/tower_ws/install/nav_messages/include/nav_messages/nav_messages/msg/detail/radar_configuration_message__type_support.c\n'}
[1.338644] (nav_messages) StdoutLine: {'line': b'-- Up-to-date: /home/ros2/tower_ws/install/nav_messages/include/nav_messages/nav_messages/msg/detail/radar_fft_data_message__rosidl_typesupport_introspection_c.h\n'}
[1.338701] (nav_messages) StdoutLine: {'line': b'-- Up-to-date: /home/ros2/tower_ws/install/nav_messages/include/nav_messages/nav_messages/msg/detail/camera_configuration_message__type_support.c\n'}
[1.338757] (nav_messages) StdoutLine: {'line': b'-- Up-to-date: /home/ros2/tower_ws/install/nav_messages/include/nav_messages/nav_messages/msg/detail/radar_fft_data_message__type_support.c\n'}
[1.338812] (nav_messages) StdoutLine: {'line': b'-- Up-to-date: /home/ros2/tower_ws/install/nav_messages/lib/libnav_messages__rosidl_typesupport_introspection_c.so\n'}
[1.338867] (nav_messages) StdoutLine: {'line': b'-- Up-to-date: /home/ros2/tower_ws/install/nav_messages/lib/libnav_messages__rosidl_typesupport_c.so\n'}
[1.338921] (nav_messages) StdoutLine: {'line': b'-- Up-to-date: /home/ros2/tower_ws/install/nav_messages/include/nav_messages/nav_messages\n'}
[1.338979] (nav_messages) StdoutLine: {'line': b'-- Up-to-date: /home/ros2/tower_ws/install/nav_messages/include/nav_messages/nav_messages/msg\n'}
[1.339033] (nav_messages) StdoutLine: {'line': b'-- Up-to-date: /home/ros2/tower_ws/install/nav_messages/include/nav_messages/nav_messages/msg/detail\n'}
[1.339088] (nav_messages) StdoutLine: {'line': b'-- Up-to-date: /home/ros2/tower_ws/install/nav_messages/include/nav_messages/nav_messages/msg/detail/radar_configuration_message__type_support.cpp\n'}
[1.339142] (nav_messages) StdoutLine: {'line': b'-- Up-to-date: /home/ros2/tower_ws/install/nav_messages/include/nav_messages/nav_messages/msg/detail/radar_fft_data_message__type_support.cpp\n'}
[1.339196] (nav_messages) StdoutLine: {'line': b'-- Up-to-date: /home/ros2/tower_ws/install/nav_messages/include/nav_messages/nav_messages/msg/detail/camera_configuration_message__rosidl_typesupport_introspection_cpp.hpp\n'}
[1.339252] (nav_messages) StdoutLine: {'line': b'-- Up-to-date: /home/ros2/tower_ws/install/nav_messages/include/nav_messages/nav_messages/msg/detail/radar_fft_data_message__rosidl_typesupport_introspection_cpp.hpp\n'}
[1.339307] (nav_messages) StdoutLine: {'line': b'-- Up-to-date: /home/ros2/tower_ws/install/nav_messages/include/nav_messages/nav_messages/msg/detail/camera_configuration_message__type_support.cpp\n'}
[1.339363] (nav_messages) StdoutLine: {'line': b'-- Up-to-date: /home/ros2/tower_ws/install/nav_messages/include/nav_messages/nav_messages/msg/detail/radar_configuration_message__rosidl_typesupport_introspection_cpp.hpp\n'}
[1.339418] (nav_messages) StdoutLine: {'line': b'-- Up-to-date: /home/ros2/tower_ws/install/nav_messages/lib/libnav_messages__rosidl_typesupport_introspection_cpp.so\n'}
[1.339472] (nav_messages) StdoutLine: {'line': b'-- Up-to-date: /home/ros2/tower_ws/install/nav_messages/lib/libnav_messages__rosidl_typesupport_cpp.so\n'}
[1.339534] (nav_messages) StdoutLine: {'line': b'-- Up-to-date: /home/ros2/tower_ws/install/nav_messages/lib/libnav_messages_radar_configuration_message__rosidl_typesupport_c_native.so\n'}
[1.339591] (nav_messages) StdoutLine: {'line': b'-- Up-to-date: /home/ros2/tower_ws/install/nav_messages/lib/libnav_messages_radar_configuration_message__rosidl_typesupport_introspection_c_native.so\n'}
[1.339647] (nav_messages) StdoutLine: {'line': b'-- Up-to-date: /home/ros2/tower_ws/install/nav_messages/lib/libnav_messages_radar_configuration_message__rosidl_typesupport_fastrtps_c_native.so\n'}
[1.339711] (nav_messages) StdoutLine: {'line': b'-- Up-to-date: /home/ros2/tower_ws/install/nav_messages/lib/libnav_messages_radar_fft_data_message__rosidl_typesupport_c_native.so\n'}
[1.339767] (nav_messages) StdoutLine: {'line': b'-- Up-to-date: /home/ros2/tower_ws/install/nav_messages/lib/libnav_messages_radar_fft_data_message__rosidl_typesupport_introspection_c_native.so\n'}
[1.339821] (nav_messages) StdoutLine: {'line': b'-- Up-to-date: /home/ros2/tower_ws/install/nav_messages/lib/libnav_messages_radar_fft_data_message__rosidl_typesupport_fastrtps_c_native.so\n'}
[1.339876] (nav_messages) StdoutLine: {'line': b'-- Up-to-date: /home/ros2/tower_ws/install/nav_messages/lib/libnav_messages_camera_configuration_message__rosidl_typesupport_c_native.so\n'}
[1.339931] (nav_messages) StdoutLine: {'line': b'-- Up-to-date: /home/ros2/tower_ws/install/nav_messages/lib/libnav_messages_camera_configuration_message__rosidl_typesupport_introspection_c_native.so\n'}
[1.339986] (nav_messages) StdoutLine: {'line': b'-- Up-to-date: /home/ros2/tower_ws/install/nav_messages/lib/libnav_messages_camera_configuration_message__rosidl_typesupport_fastrtps_c_native.so\n'}
[1.340043] (nav_messages) StdoutLine: {'line': b'-- Up-to-date: /home/ros2/tower_ws/install/nav_messages/lib/dotnet\n'}
[1.340098] (nav_messages) StdoutLine: {'line': b'-- Up-to-date: /home/ros2/tower_ws/install/nav_messages/lib/dotnet/std_msgs_assembly.dll\n'}
[1.340154] (nav_messages) StdoutLine: {'line': b'-- Up-to-date: /home/ros2/tower_ws/install/nav_messages/lib/dotnet/nav_messages_assembly.dll\n'}
[1.340212] (nav_messages) StdoutLine: {'line': b'-- Up-to-date: /home/ros2/tower_ws/install/nav_messages/lib/dotnet/builtin_interfaces_assembly.dll\n'}
[1.340267] (nav_messages) StdoutLine: {'line': b'-- Up-to-date: /home/ros2/tower_ws/install/nav_messages/lib/dotnet/nav_messages_assembly.deps.json\n'}
[1.340322] (nav_messages) StdoutLine: {'line': b'-- Up-to-date: /home/ros2/tower_ws/install/nav_messages/lib/dotnet/ros2cs_common.dll\n'}
[1.340380] (nav_messages) StdoutLine: {'line': b'-- Up-to-date: /home/ros2/tower_ws/install/nav_messages/share/nav_messages/environment/pythonpath.sh\n'}
[1.340436] (nav_messages) StdoutLine: {'line': b'-- Up-to-date: /home/ros2/tower_ws/install/nav_messages/share/nav_messages/environment/pythonpath.dsv\n'}
[1.340492] (nav_messages) StdoutLine: {'line': b'-- Up-to-date: /home/ros2/tower_ws/install/nav_messages/local/lib/python3.10/dist-packages/nav_messages-1.0.0-py3.10.egg-info\n'}
[1.340558] (nav_messages) StdoutLine: {'line': b'-- Installing: /home/ros2/tower_ws/install/nav_messages/local/lib/python3.10/dist-packages/nav_messages-1.0.0-py3.10.egg-info/dependency_links.txt\n'}
[1.340616] (nav_messages) StdoutLine: {'line': b'-- Installing: /home/ros2/tower_ws/install/nav_messages/local/lib/python3.10/dist-packages/nav_messages-1.0.0-py3.10.egg-info/PKG-INFO\n'}
[1.340672] (nav_messages) StdoutLine: {'line': b'-- Installing: /home/ros2/tower_ws/install/nav_messages/local/lib/python3.10/dist-packages/nav_messages-1.0.0-py3.10.egg-info/top_level.txt\n'}
[1.340727] (nav_messages) StdoutLine: {'line': b'-- Installing: /home/ros2/tower_ws/install/nav_messages/local/lib/python3.10/dist-packages/nav_messages-1.0.0-py3.10.egg-info/SOURCES.txt\n'}
[1.340783] (nav_messages) StdoutLine: {'line': b'-- Up-to-date: /home/ros2/tower_ws/install/nav_messages/local/lib/python3.10/dist-packages/nav_messages\n'}
[1.340838] (nav_messages) StdoutLine: {'line': b'-- Up-to-date: /home/ros2/tower_ws/install/nav_messages/local/lib/python3.10/dist-packages/nav_messages/nav_messages_s__rosidl_typesupport_introspection_c.cpython-310-x86_64-linux-gnu.so\n'}
[1.340896] (nav_messages) StdoutLine: {'line': b'-- Up-to-date: /home/ros2/tower_ws/install/nav_messages/local/lib/python3.10/dist-packages/nav_messages/nav_messages_s__rosidl_typesupport_c.cpython-310-x86_64-linux-gnu.so\n'}
[1.340952] (nav_messages) StdoutLine: {'line': b'-- Up-to-date: /home/ros2/tower_ws/install/nav_messages/local/lib/python3.10/dist-packages/nav_messages/_nav_messages_s.ep.rosidl_typesupport_fastrtps_c.c\n'}
[1.341009] (nav_messages) StdoutLine: {'line': b'-- Up-to-date: /home/ros2/tower_ws/install/nav_messages/local/lib/python3.10/dist-packages/nav_messages/_nav_messages_s.ep.rosidl_typesupport_introspection_c.c\n'}
[1.341066] (nav_messages) StdoutLine: {'line': b'-- Up-to-date: /home/ros2/tower_ws/install/nav_messages/local/lib/python3.10/dist-packages/nav_messages/nav_messages_s__rosidl_typesupport_fastrtps_c.cpython-310-x86_64-linux-gnu.so\n'}
[1.341124] (nav_messages) StdoutLine: {'line': b'-- Up-to-date: /home/ros2/tower_ws/install/nav_messages/local/lib/python3.10/dist-packages/nav_messages/__init__.py\n'}
[1.341180] (nav_messages) StdoutLine: {'line': b'-- Up-to-date: /home/ros2/tower_ws/install/nav_messages/local/lib/python3.10/dist-packages/nav_messages/msg\n'}
[1.341236] (nav_messages) StdoutLine: {'line': b'-- Up-to-date: /home/ros2/tower_ws/install/nav_messages/local/lib/python3.10/dist-packages/nav_messages/msg/_camera_configuration_message.py\n'}
[1.341292] (nav_messages) StdoutLine: {'line': b'-- Up-to-date: /home/ros2/tower_ws/install/nav_messages/local/lib/python3.10/dist-packages/nav_messages/msg/_radar_configuration_message_s.c\n'}
[1.341349] (nav_messages) StdoutLine: {'line': b'-- Up-to-date: /home/ros2/tower_ws/install/nav_messages/local/lib/python3.10/dist-packages/nav_messages/msg/_camera_configuration_message_s.c\n'}
[1.341404] (nav_messages) StdoutLine: {'line': b'-- Up-to-date: /home/ros2/tower_ws/install/nav_messages/local/lib/python3.10/dist-packages/nav_messages/msg/_radar_fft_data_message.py\n'}
[1.341468] (nav_messages) StdoutLine: {'line': b'-- Up-to-date: /home/ros2/tower_ws/install/nav_messages/local/lib/python3.10/dist-packages/nav_messages/msg/__init__.py\n'}
[1.341538] (nav_messages) StdoutLine: {'line': b'-- Up-to-date: /home/ros2/tower_ws/install/nav_messages/local/lib/python3.10/dist-packages/nav_messages/msg/_radar_configuration_message.py\n'}
[1.341596] (nav_messages) StdoutLine: {'line': b'-- Up-to-date: /home/ros2/tower_ws/install/nav_messages/local/lib/python3.10/dist-packages/nav_messages/msg/_radar_fft_data_message_s.c\n'}
[1.341652] (nav_messages) StdoutLine: {'line': b'-- Up-to-date: /home/ros2/tower_ws/install/nav_messages/local/lib/python3.10/dist-packages/nav_messages/libnav_messages__rosidl_generator_py.so\n'}
[1.341707] (nav_messages) StdoutLine: {'line': b'-- Up-to-date: /home/ros2/tower_ws/install/nav_messages/local/lib/python3.10/dist-packages/nav_messages/_nav_messages_s.ep.rosidl_typesupport_c.c\n'}
[1.354022] (zed_components) StdoutLine: {'line': b"-- Added test 'copyright' to check source files copyright and LICENSE\n"}
[1.355101] (zed_components) StdoutLine: {'line': b"-- Added test 'cppcheck' to perform static code analysis on C / C++ code\n"}
[1.355433] (zed_components) StdoutLine: {'line': b'-- Configured cppcheck include dirs: /home/ros2/tower_ws/src/zed-ros2-wrapper/zed_components/src/include;/home/ros2/tower_ws/src/zed-ros2-wrapper/zed_components/src/zed_camera/include;/home/ros2/tower_ws/src/zed-ros2-wrapper/zed_components/src/tools/include;/home/ros2/tower_ws/src/zed-ros2-wrapper/zed_components/src/zed_camera_one/include\n'}
[1.355498] (zed_components) StdoutLine: {'line': b'-- Configured cppcheck exclude dirs and/or files: \n'}
[1.355987] (zed_components) StdoutLine: {'line': b"-- Added test 'lint_cmake' to check CMake code style\n"}
[1.356958] (zed_components) StdoutLine: {'line': b"-- Added test 'uncrustify' to check C / C++ code style\n"}
[1.357032] (zed_components) StdoutLine: {'line': b'-- Configured uncrustify additional arguments: \n'}
[1.357393] (zed_components) StdoutLine: {'line': b"-- Added test 'xmllint' to check XML markup files\n"}
[1.358903] (nav_messages) StdoutLine: {'line': b"Listing '/home/ros2/tower_ws/install/nav_messages/local/lib/python3.10/dist-packages/nav_messages'...\n"}
[1.358981] (nav_messages) StdoutLine: {'line': b"Listing '/home/ros2/tower_ws/install/nav_messages/local/lib/python3.10/dist-packages/nav_messages/msg'...\n"}
[1.359059] (zed_components) StdoutLine: {'line': b'-- Configuring done\n'}
[1.361565] (nav_messages) StdoutLine: {'line': b'-- Up-to-date: /home/ros2/tower_ws/install/nav_messages/local/lib/python3.10/dist-packages/nav_messages/nav_messages_s__rosidl_typesupport_fastrtps_c.cpython-310-x86_64-linux-gnu.so\n'}
[1.361663] (nav_messages) StdoutLine: {'line': b'-- Up-to-date: /home/ros2/tower_ws/install/nav_messages/local/lib/python3.10/dist-packages/nav_messages/nav_messages_s__rosidl_typesupport_introspection_c.cpython-310-x86_64-linux-gnu.so\n'}
[1.361770] (nav_messages) StdoutLine: {'line': b'-- Up-to-date: /home/ros2/tower_ws/install/nav_messages/local/lib/python3.10/dist-packages/nav_messages/nav_messages_s__rosidl_typesupport_c.cpython-310-x86_64-linux-gnu.so\n'}
[1.361874] (nav_messages) StdoutLine: {'line': b'-- Up-to-date: /home/ros2/tower_ws/install/nav_messages/lib/libnav_messages__rosidl_generator_py.so\n'}
[1.362004] (nav_messages) StdoutLine: {'line': b'-- Up-to-date: /home/ros2/tower_ws/install/nav_messages/share/ament_index/resource_index/rust_packages/nav_messages\n'}
[1.362062] (nav_messages) StdoutLine: {'line': b'-- Up-to-date: /home/ros2/tower_ws/install/nav_messages/share/nav_messages/rust\n'}
[1.362121] (nav_messages) StdoutLine: {'line': b'-- Up-to-date: /home/ros2/tower_ws/install/nav_messages/share/nav_messages/rust/build.rs\n'}
[1.362180] (nav_messages) StdoutLine: {'line': b'-- Up-to-date: /home/ros2/tower_ws/install/nav_messages/share/nav_messages/rust/src\n'}
[1.362278] (nav_messages) StdoutLine: {'line': b'-- Up-to-date: /home/ros2/tower_ws/install/nav_messages/share/nav_messages/rust/src/msg.rs\n'}
[1.362339] (nav_messages) StdoutLine: {'line': b'-- Up-to-date: /home/ros2/tower_ws/install/nav_messages/share/nav_messages/rust/src/lib.rs\n'}
[1.362451] (nav_messages) StdoutLine: {'line': b'-- Up-to-date: /home/ros2/tower_ws/install/nav_messages/share/nav_messages/rust/src/msg\n'}
[1.362541] (nav_messages) StdoutLine: {'line': b'-- Up-to-date: /home/ros2/tower_ws/install/nav_messages/share/nav_messages/rust/src/msg/rmw.rs\n'}
[1.362617] (nav_messages) StdoutLine: {'line': b'-- Up-to-date: /home/ros2/tower_ws/install/nav_messages/share/nav_messages/rust/Cargo.toml\n'}
[1.362677] (nav_messages) StdoutLine: {'line': b'-- Up-to-date: /home/ros2/tower_ws/install/nav_messages/share/nav_messages/msg/RadarConfigurationMessage.idl\n'}
[1.362736] (nav_messages) StdoutLine: {'line': b'-- Up-to-date: /home/ros2/tower_ws/install/nav_messages/share/nav_messages/msg/RadarFftDataMessage.idl\n'}
[1.362795] (nav_messages) StdoutLine: {'line': b'-- Up-to-date: /home/ros2/tower_ws/install/nav_messages/share/nav_messages/msg/CameraConfigurationMessage.idl\n'}
[1.362853] (nav_messages) StdoutLine: {'line': b'-- Up-to-date: /home/ros2/tower_ws/install/nav_messages/share/nav_messages/msg/RadarConfigurationMessage.msg\n'}
[1.362912] (nav_messages) StdoutLine: {'line': b'-- Up-to-date: /home/ros2/tower_ws/install/nav_messages/share/nav_messages/msg/RadarFftDataMessage.msg\n'}
[1.362970] (nav_messages) StdoutLine: {'line': b'-- Up-to-date: /home/ros2/tower_ws/install/nav_messages/share/nav_messages/msg/CameraConfigurationMessage.msg\n'}
[1.363028] (nav_messages) StdoutLine: {'line': b'-- Up-to-date: /home/ros2/tower_ws/install/nav_messages/share/ament_index/resource_index/package_run_dependencies/nav_messages\n'}
[1.363086] (nav_messages) StdoutLine: {'line': b'-- Up-to-date: /home/ros2/tower_ws/install/nav_messages/share/ament_index/resource_index/parent_prefix_path/nav_messages\n'}
[1.363145] (nav_messages) StdoutLine: {'line': b'-- Up-to-date: /home/ros2/tower_ws/install/nav_messages/share/nav_messages/environment/ament_prefix_path.sh\n'}
[1.363203] (nav_messages) StdoutLine: {'line': b'-- Up-to-date: /home/ros2/tower_ws/install/nav_messages/share/nav_messages/environment/ament_prefix_path.dsv\n'}
[1.363262] (nav_messages) StdoutLine: {'line': b'-- Up-to-date: /home/ros2/tower_ws/install/nav_messages/share/nav_messages/environment/path.sh\n'}
[1.363321] (nav_messages) StdoutLine: {'line': b'-- Up-to-date: /home/ros2/tower_ws/install/nav_messages/share/nav_messages/environment/path.dsv\n'}
[1.363379] (nav_messages) StdoutLine: {'line': b'-- Up-to-date: /home/ros2/tower_ws/install/nav_messages/share/nav_messages/local_setup.bash\n'}
[1.363438] (nav_messages) StdoutLine: {'line': b'-- Up-to-date: /home/ros2/tower_ws/install/nav_messages/share/nav_messages/local_setup.sh\n'}
[1.363502] (nav_messages) StdoutLine: {'line': b'-- Up-to-date: /home/ros2/tower_ws/install/nav_messages/share/nav_messages/local_setup.zsh\n'}
[1.363627] (nav_messages) StdoutLine: {'line': b'-- Up-to-date: /home/ros2/tower_ws/install/nav_messages/share/nav_messages/local_setup.dsv\n'}
[1.363684] (nav_messages) StdoutLine: {'line': b'-- Installing: /home/ros2/tower_ws/install/nav_messages/share/nav_messages/package.dsv\n'}
[1.363746] (nav_messages) StdoutLine: {'line': b'-- Up-to-date: /home/ros2/tower_ws/install/nav_messages/share/ament_index/resource_index/packages/nav_messages\n'}
[1.363802] (nav_messages) StdoutLine: {'line': b'-- Up-to-date: /home/ros2/tower_ws/install/nav_messages/share/nav_messages/cmake/export_nav_messages__rosidl_generator_cExport.cmake\n'}
[1.363858] (nav_messages) StdoutLine: {'line': b'-- Up-to-date: /home/ros2/tower_ws/install/nav_messages/share/nav_messages/cmake/export_nav_messages__rosidl_generator_cExport-noconfig.cmake\n'}
[1.363915] (nav_messages) StdoutLine: {'line': b'-- Up-to-date: /home/ros2/tower_ws/install/nav_messages/share/nav_messages/cmake/export_nav_messages__rosidl_typesupport_fastrtps_cExport.cmake\n'}
[1.363971] (nav_messages) StdoutLine: {'line': b'-- Up-to-date: /home/ros2/tower_ws/install/nav_messages/share/nav_messages/cmake/export_nav_messages__rosidl_typesupport_fastrtps_cExport-noconfig.cmake\n'}
[1.364030] (nav_messages) StdoutLine: {'line': b'-- Up-to-date: /home/ros2/tower_ws/install/nav_messages/share/nav_messages/cmake/export_nav_messages__rosidl_generator_cppExport.cmake\n'}
[1.364090] (nav_messages) StdoutLine: {'line': b'-- Up-to-date: /home/ros2/tower_ws/install/nav_messages/share/nav_messages/cmake/export_nav_messages__rosidl_typesupport_fastrtps_cppExport.cmake\n'}
[1.364181] (nav_messages) StdoutLine: {'line': b'-- Up-to-date: /home/ros2/tower_ws/install/nav_messages/share/nav_messages/cmake/export_nav_messages__rosidl_typesupport_fastrtps_cppExport-noconfig.cmake\n'}
[1.364243] (nav_messages) StdoutLine: {'line': b'-- Up-to-date: /home/ros2/tower_ws/install/nav_messages/share/nav_messages/cmake/nav_messages__rosidl_typesupport_introspection_cExport.cmake\n'}
[1.364303] (nav_messages) StdoutLine: {'line': b'-- Up-to-date: /home/ros2/tower_ws/install/nav_messages/share/nav_messages/cmake/nav_messages__rosidl_typesupport_introspection_cExport-noconfig.cmake\n'}
[1.364362] (nav_messages) StdoutLine: {'line': b'-- Up-to-date: /home/ros2/tower_ws/install/nav_messages/share/nav_messages/cmake/nav_messages__rosidl_typesupport_cExport.cmake\n'}
[1.364422] (nav_messages) StdoutLine: {'line': b'-- Up-to-date: /home/ros2/tower_ws/install/nav_messages/share/nav_messages/cmake/nav_messages__rosidl_typesupport_cExport-noconfig.cmake\n'}
[1.364482] (nav_messages) StdoutLine: {'line': b'-- Up-to-date: /home/ros2/tower_ws/install/nav_messages/share/nav_messages/cmake/nav_messages__rosidl_typesupport_introspection_cppExport.cmake\n'}
[1.364732] (nav_messages) StdoutLine: {'line': b'-- Up-to-date: /home/ros2/tower_ws/install/nav_messages/share/nav_messages/cmake/nav_messages__rosidl_typesupport_introspection_cppExport-noconfig.cmake\n'}
[1.364779] (nav_messages) StdoutLine: {'line': b'-- Up-to-date: /home/ros2/tower_ws/install/nav_messages/share/nav_messages/cmake/nav_messages__rosidl_typesupport_cppExport.cmake\n'}
[1.364813] (nav_messages) StdoutLine: {'line': b'-- Up-to-date: /home/ros2/tower_ws/install/nav_messages/share/nav_messages/cmake/nav_messages__rosidl_typesupport_cppExport-noconfig.cmake\n'}
[1.364843] (nav_messages) StdoutLine: {'line': b'-- Up-to-date: /home/ros2/tower_ws/install/nav_messages/share/nav_messages/cmake/export_nav_messages__rosidl_generator_pyExport.cmake\n'}
[1.364883] (nav_messages) StdoutLine: {'line': b'-- Up-to-date: /home/ros2/tower_ws/install/nav_messages/share/nav_messages/cmake/export_nav_messages__rosidl_generator_pyExport-noconfig.cmake\n'}
[1.364911] (nav_messages) StdoutLine: {'line': b'-- Up-to-date: /home/ros2/tower_ws/install/nav_messages/share/nav_messages/cmake/rosidl_cmake-extras.cmake\n'}
[1.364938] (nav_messages) StdoutLine: {'line': b'-- Up-to-date: /home/ros2/tower_ws/install/nav_messages/share/nav_messages/cmake/ament_cmake_export_dependencies-extras.cmake\n'}
[1.364966] (nav_messages) StdoutLine: {'line': b'-- Up-to-date: /home/ros2/tower_ws/install/nav_messages/share/nav_messages/cmake/ament_cmake_export_include_directories-extras.cmake\n'}
[1.364994] (nav_messages) StdoutLine: {'line': b'-- Up-to-date: /home/ros2/tower_ws/install/nav_messages/share/nav_messages/cmake/ament_cmake_export_libraries-extras.cmake\n'}
[1.365023] (nav_messages) StdoutLine: {'line': b'-- Up-to-date: /home/ros2/tower_ws/install/nav_messages/share/nav_messages/cmake/ament_cmake_export_targets-extras.cmake\n'}
[1.365049] (nav_messages) StdoutLine: {'line': b'-- Up-to-date: /home/ros2/tower_ws/install/nav_messages/share/nav_messages/cmake/rosidl_cmake_export_typesupport_targets-extras.cmake\n'}
[1.365074] (nav_messages) StdoutLine: {'line': b'-- Up-to-date: /home/ros2/tower_ws/install/nav_messages/share/nav_messages/cmake/rosidl_cmake_export_typesupport_libraries-extras.cmake\n'}
[1.365099] (nav_messages) StdoutLine: {'line': b'-- Up-to-date: /home/ros2/tower_ws/install/nav_messages/share/nav_messages/cmake/ament_cmake_export_assemblies-extras.cmake\n'}
[1.365123] (nav_messages) StdoutLine: {'line': b'-- Up-to-date: /home/ros2/tower_ws/install/nav_messages/share/nav_messages/cmake/rosidl_cmake_aggregate_target-extras.cmake\n'}
[1.365229] (nav_messages) StdoutLine: {'line': b'-- Up-to-date: /home/ros2/tower_ws/install/nav_messages/share/nav_messages/cmake/nav_messagesConfig.cmake\n'}
[1.365256] (nav_messages) StdoutLine: {'line': b'-- Up-to-date: /home/ros2/tower_ws/install/nav_messages/share/nav_messages/cmake/nav_messagesConfig-version.cmake\n'}
[1.365283] (nav_messages) StdoutLine: {'line': b'-- Up-to-date: /home/ros2/tower_ws/install/nav_messages/share/nav_messages/package.xml\n'}
[1.365689] (nav_messages) CommandEnded: {'returncode': 0}
[1.375620] (zed_components) StdoutLine: {'line': b'-- Generating done\n'}
[1.380872] (zed_components) StdoutLine: {'line': b'-- Build files have been written to: /home/ros2/tower_ws/build/zed_components\n'}
[1.381174] (nav_messages) JobEnded: {'identifier': 'nav_messages', 'rc': 0}
[1.381866] (nav_camera) JobStarted: {'identifier': 'nav_camera'}
[1.384483] (nav_radar) JobStarted: {'identifier': 'nav_radar'}
[1.387742] (nav_camera) JobProgress: {'identifier': 'nav_camera', 'progress': 'cmake'}
[1.387890] (nav_camera) JobProgress: {'identifier': 'nav_camera', 'progress': 'build'}
[1.388007] (nav_camera) Command: {'cmd': ['/usr/bin/cmake', '--build', '/home/ros2/tower_ws/build/nav_camera', '--', '-j24', '-l24'], 'cwd': '/home/ros2/tower_ws/build/nav_camera', 'env': OrderedDict([('LESSOPEN', '| /usr/bin/lesspipe %s'), ('USER', 'ros2'), ('LC_TIME', 'lv_LV.UTF-8'), ('XDG_SESSION_TYPE', 'x11'), ('SHLVL', '1'), ('LD_LIBRARY_PATH', '/home/ros2/tower_ws/install/nav_messages/lib:/home/ros2/ros2_ws/install/zed_components/lib:/home/ros2/Downloads/final-ai/install/detectionmessage/lib:/home/ros2/Downloads/ros2cs/install/lib:/opt/ros/humble/opt/rviz_ogre_vendor/lib:/opt/ros/humble/lib/x86_64-linux-gnu:/opt/ros/humble/lib'), ('HOME', '/home/ros2'), ('OLDPWD', '/home/ros2/tower_ws/src'), ('DESKTOP_SESSION', 'ubuntu'), ('ROS_PYTHON_VERSION', '3'), ('GNOME_SHELL_SESSION_MODE', 'ubuntu'), ('GTK_MODULES', 'gail:atk-bridge'), ('LC_MONETARY', 'lv_LV.UTF-8'), ('SYSTEMD_EXEC_PID', '2112'), ('DBUS_SESSION_BUS_ADDRESS', 'unix:path=/run/user/1000/bus'), ('COLORTERM', 'truecolor'), ('COLCON_PREFIX_PATH', '/home/ros2/tower_ws/install:/home/ros2/ros2_ws/install:/home/ros2/Downloads/final-ai/install:/home/ros2/Downloads/ros2cs/install'), ('ROS_DISTRO', 'humble'), ('GTK_IM_MODULE', 'ibus'), ('LOGNAME', 'ros2'), ('_', '/usr/bin/colcon'), ('ROS_VERSION', '2'), ('XDG_SESSION_CLASS', 'user'), ('USERNAME', 'ros2'), ('TERM', 'xterm-256color'), ('GNOME_DESKTOP_SESSION_ID', 'this-is-deprecated'), ('ROS_LOCALHOST_ONLY', '0'), ('WINDOWPATH', '2'), ('PATH', '/opt/ros/humble/bin:/home/ros2/.local/bin:/usr/local/sbin:/usr/local/bin:/usr/sbin:/usr/bin:/sbin:/bin:/usr/games:/usr/local/games:/snap/bin:/snap/bin:/home/ros2/.dotnet/tools'), ('SESSION_MANAGER', 'local/ros2:@/tmp/.ICE-unix/1944,unix/ros2:/tmp/.ICE-unix/1944'), ('XDG_MENU_PREFIX', 'gnome-'), ('LC_ADDRESS', 'lv_LV.UTF-8'), ('GNOME_TERMINAL_SCREEN', '/org/gnome/Terminal/screen/52a08a4d_bf9a_4dd1_a4c1_fcd2684cb791'), ('XDG_RUNTIME_DIR', '/run/user/1000'), ('DISPLAY', ':1'), ('LANG', 'en_US.UTF-8'), ('XDG_CURRENT_DESKTOP', 'ubuntu:GNOME'), ('DOTNET_BUNDLE_EXTRACT_BASE_DIR', '/home/ros2/.cache/dotnet_bundle_extract'), ('LC_TELEPHONE', 'lv_LV.UTF-8'), ('XMODIFIERS', '@im=ibus'), ('XDG_SESSION_DESKTOP', 'ubuntu'), ('XAUTHORITY', '/run/user/1000/gdm/Xauthority'), ('LS_COLORS', 'rs=0:di=01;34:ln=01;36:mh=00:pi=40;33:so=01;35:do=01;35:bd=40;33;01:cd=40;33;01:or=40;31;01:mi=00:su=37;41:sg=30;43:ca=30;41:tw=30;42:ow=34;42:st=37;44:ex=01;32:*.tar=01;31:*.tgz=01;31:*.arc=01;31:*.arj=01;31:*.taz=01;31:*.lha=01;31:*.lz4=01;31:*.lzh=01;31:*.lzma=01;31:*.tlz=01;31:*.txz=01;31:*.tzo=01;31:*.t7z=01;31:*.zip=01;31:*.z=01;31:*.dz=01;31:*.gz=01;31:*.lrz=01;31:*.lz=01;31:*.lzo=01;31:*.xz=01;31:*.zst=01;31:*.tzst=01;31:*.bz2=01;31:*.bz=01;31:*.tbz=01;31:*.tbz2=01;31:*.tz=01;31:*.deb=01;31:*.rpm=01;31:*.jar=01;31:*.war=01;31:*.ear=01;31:*.sar=01;31:*.rar=01;31:*.alz=01;31:*.ace=01;31:*.zoo=01;31:*.cpio=01;31:*.7z=01;31:*.rz=01;31:*.cab=01;31:*.wim=01;31:*.swm=01;31:*.dwm=01;31:*.esd=01;31:*.jpg=01;35:*.jpeg=01;35:*.mjpg=01;35:*.mjpeg=01;35:*.gif=01;35:*.bmp=01;35:*.pbm=01;35:*.pgm=01;35:*.ppm=01;35:*.tga=01;35:*.xbm=01;35:*.xpm=01;35:*.tif=01;35:*.tiff=01;35:*.png=01;35:*.svg=01;35:*.svgz=01;35:*.mng=01;35:*.pcx=01;35:*.mov=01;35:*.mpg=01;35:*.mpeg=01;35:*.m2v=01;35:*.mkv=01;35:*.webm=01;35:*.webp=01;35:*.ogm=01;35:*.mp4=01;35:*.m4v=01;35:*.mp4v=01;35:*.vob=01;35:*.qt=01;35:*.nuv=01;35:*.wmv=01;35:*.asf=01;35:*.rm=01;35:*.rmvb=01;35:*.flc=01;35:*.avi=01;35:*.fli=01;35:*.flv=01;35:*.gl=01;35:*.dl=01;35:*.xcf=01;35:*.xwd=01;35:*.yuv=01;35:*.cgm=01;35:*.emf=01;35:*.ogv=01;35:*.ogx=01;35:*.aac=00;36:*.au=00;36:*.flac=00;36:*.m4a=00;36:*.mid=00;36:*.midi=00;36:*.mka=00;36:*.mp3=00;36:*.mpc=00;36:*.ogg=00;36:*.ra=00;36:*.wav=00;36:*.oga=00;36:*.opus=00;36:*.spx=00;36:*.xspf=00;36:'), ('GNOME_TERMINAL_SERVICE', ':1.103'), ('SSH_AGENT_LAUNCHER', 'gnome-keyring'), ('SSH_AUTH_SOCK', '/run/user/1000/keyring/ssh'), ('AMENT_PREFIX_PATH', '/home/ros2/tower_ws/install/nav_launch:/home/ros2/tower_ws/install/nav_radar:/home/ros2/tower_ws/install/nav_camera:/home/ros2/tower_ws/install/nav_messages:/home/ros2/ros2_ws/install/zed_ros2:/home/ros2/ros2_ws/install/zed_wrapper:/home/ros2/ros2_ws/install/zed_components:/home/ros2/Downloads/final-ai/install/py_fakedata:/home/ros2/Downloads/final-ai/install/py_detectionmessage:/home/ros2/Downloads/final-ai/install/py_aiproc:/home/ros2/Downloads/final-ai/install/detectionmessage:/home/ros2/Downloads/ros2cs/install:/opt/ros/humble'), ('SHELL', '/bin/bash'), ('LC_NAME', 'lv_LV.UTF-8'), ('QT_ACCESSIBILITY', '1'), ('GDMSESSION', 'ubuntu'), ('LESSCLOSE', '/usr/bin/lesspipe %s %s'), ('LC_MEASUREMENT', 'lv_LV.UTF-8'), ('GPG_AGENT_INFO', '/run/user/1000/gnupg/S.gpg-agent:0:1'), ('LC_IDENTIFICATION', 'lv_LV.UTF-8'), ('QT_IM_MODULE', 'ibus'), ('PWD', '/home/ros2/tower_ws/build/nav_camera'), ('XDG_CONFIG_DIRS', '/etc/xdg/xdg-ubuntu:/etc/xdg'), ('XDG_DATA_DIRS', '/usr/share/ubuntu:/usr/share/gnome:/usr/local/share/:/usr/share/:/var/lib/snapd/desktop'), ('PYTHONPATH', '/home/ros2/tower_ws/install/nav_messages/local/lib/python3.10/dist-packages:/home/ros2/Downloads/final-ai/install/py_fakedata/lib/python3.10/site-packages:/home/ros2/Downloads/final-ai/install/py_detectionmessage/lib/python3.10/site-packages:/home/ros2/Downloads/final-ai/install/py_aiproc/lib/python3.10/site-packages:/home/ros2/Downloads/final-ai/install/detectionmessage/local/lib/python3.10/dist-packages:/home/ros2/Downloads/ros2cs/install/lib/python3.10/site-packages:/home/ros2/Downloads/ros2cs/install/local/lib/python3.10/dist-packages:/opt/ros/humble/lib/python3.10/site-packages:/opt/ros/humble/local/lib/python3.10/dist-packages'), ('LC_NUMERIC', 'lv_LV.UTF-8'), ('LC_PAPER', 'lv_LV.UTF-8'), ('COLCON', '1'), ('VTE_VERSION', '6800'), ('CMAKE_PREFIX_PATH', '/home/ros2/tower_ws/install/nav_messages:/home/ros2/tower_ws/install/nav_launch:/home/ros2/tower_ws/install/nav_radar:/home/ros2/tower_ws/install/nav_camera:/home/ros2/ros2_ws/install/zed_ros2:/home/ros2/ros2_ws/install/zed_wrapper:/home/ros2/ros2_ws/install/zed_components:/home/ros2/Downloads/final-ai/install/detectionmessage:/home/ros2/Downloads/ros2cs/install:/home/ros2/Downloads/final-ai/install/py_fakedata:/home/ros2/Downloads/final-ai/install/py_detectionmessage:/home/ros2/Downloads/final-ai/install/py_aiproc:/opt/ros/humble')]), 'shell': False}
[1.389511] (zed_components) CommandEnded: {'returncode': 0}
[1.389656] (zed_components) JobProgress: {'identifier': 'zed_components', 'progress': 'build'}
[1.389668] (zed_components) Command: {'cmd': ['/usr/bin/cmake', '--build', '/home/ros2/tower_ws/build/zed_components', '--', '-j24', '-l24'], 'cwd': '/home/ros2/tower_ws/build/zed_components', 'env': OrderedDict([('LESSOPEN', '| /usr/bin/lesspipe %s'), ('USER', 'ros2'), ('LC_TIME', 'lv_LV.UTF-8'), ('XDG_SESSION_TYPE', 'x11'), ('SHLVL', '1'), ('LD_LIBRARY_PATH', '/home/ros2/tower_ws/install/nav_messages/lib:/home/ros2/ros2_ws/install/zed_components/lib:/home/ros2/Downloads/final-ai/install/detectionmessage/lib:/home/ros2/Downloads/ros2cs/install/lib:/opt/ros/humble/opt/rviz_ogre_vendor/lib:/opt/ros/humble/lib/x86_64-linux-gnu:/opt/ros/humble/lib'), ('HOME', '/home/ros2'), ('OLDPWD', '/home/ros2/tower_ws/src'), ('DESKTOP_SESSION', 'ubuntu'), ('ROS_PYTHON_VERSION', '3'), ('GNOME_SHELL_SESSION_MODE', 'ubuntu'), ('GTK_MODULES', 'gail:atk-bridge'), ('LC_MONETARY', 'lv_LV.UTF-8'), ('SYSTEMD_EXEC_PID', '2112'), ('DBUS_SESSION_BUS_ADDRESS', 'unix:path=/run/user/1000/bus'), ('COLORTERM', 'truecolor'), ('COLCON_PREFIX_PATH', '/home/ros2/tower_ws/install:/home/ros2/ros2_ws/install:/home/ros2/Downloads/final-ai/install:/home/ros2/Downloads/ros2cs/install'), ('ROS_DISTRO', 'humble'), ('GTK_IM_MODULE', 'ibus'), ('LOGNAME', 'ros2'), ('_', '/usr/bin/colcon'), ('ROS_VERSION', '2'), ('XDG_SESSION_CLASS', 'user'), ('USERNAME', 'ros2'), ('TERM', 'xterm-256color'), ('GNOME_DESKTOP_SESSION_ID', 'this-is-deprecated'), ('ROS_LOCALHOST_ONLY', '0'), ('WINDOWPATH', '2'), ('PATH', '/opt/ros/humble/bin:/home/ros2/.local/bin:/usr/local/sbin:/usr/local/bin:/usr/sbin:/usr/bin:/sbin:/bin:/usr/games:/usr/local/games:/snap/bin:/snap/bin:/home/ros2/.dotnet/tools'), ('SESSION_MANAGER', 'local/ros2:@/tmp/.ICE-unix/1944,unix/ros2:/tmp/.ICE-unix/1944'), ('XDG_MENU_PREFIX', 'gnome-'), ('LC_ADDRESS', 'lv_LV.UTF-8'), ('GNOME_TERMINAL_SCREEN', '/org/gnome/Terminal/screen/52a08a4d_bf9a_4dd1_a4c1_fcd2684cb791'), ('XDG_RUNTIME_DIR', '/run/user/1000'), ('DISPLAY', ':1'), ('LANG', 'en_US.UTF-8'), ('XDG_CURRENT_DESKTOP', 'ubuntu:GNOME'), ('DOTNET_BUNDLE_EXTRACT_BASE_DIR', '/home/ros2/.cache/dotnet_bundle_extract'), ('LC_TELEPHONE', 'lv_LV.UTF-8'), ('XMODIFIERS', '@im=ibus'), ('XDG_SESSION_DESKTOP', 'ubuntu'), ('XAUTHORITY', '/run/user/1000/gdm/Xauthority'), ('LS_COLORS', 'rs=0:di=01;34:ln=01;36:mh=00:pi=40;33:so=01;35:do=01;35:bd=40;33;01:cd=40;33;01:or=40;31;01:mi=00:su=37;41:sg=30;43:ca=30;41:tw=30;42:ow=34;42:st=37;44:ex=01;32:*.tar=01;31:*.tgz=01;31:*.arc=01;31:*.arj=01;31:*.taz=01;31:*.lha=01;31:*.lz4=01;31:*.lzh=01;31:*.lzma=01;31:*.tlz=01;31:*.txz=01;31:*.tzo=01;31:*.t7z=01;31:*.zip=01;31:*.z=01;31:*.dz=01;31:*.gz=01;31:*.lrz=01;31:*.lz=01;31:*.lzo=01;31:*.xz=01;31:*.zst=01;31:*.tzst=01;31:*.bz2=01;31:*.bz=01;31:*.tbz=01;31:*.tbz2=01;31:*.tz=01;31:*.deb=01;31:*.rpm=01;31:*.jar=01;31:*.war=01;31:*.ear=01;31:*.sar=01;31:*.rar=01;31:*.alz=01;31:*.ace=01;31:*.zoo=01;31:*.cpio=01;31:*.7z=01;31:*.rz=01;31:*.cab=01;31:*.wim=01;31:*.swm=01;31:*.dwm=01;31:*.esd=01;31:*.jpg=01;35:*.jpeg=01;35:*.mjpg=01;35:*.mjpeg=01;35:*.gif=01;35:*.bmp=01;35:*.pbm=01;35:*.pgm=01;35:*.ppm=01;35:*.tga=01;35:*.xbm=01;35:*.xpm=01;35:*.tif=01;35:*.tiff=01;35:*.png=01;35:*.svg=01;35:*.svgz=01;35:*.mng=01;35:*.pcx=01;35:*.mov=01;35:*.mpg=01;35:*.mpeg=01;35:*.m2v=01;35:*.mkv=01;35:*.webm=01;35:*.webp=01;35:*.ogm=01;35:*.mp4=01;35:*.m4v=01;35:*.mp4v=01;35:*.vob=01;35:*.qt=01;35:*.nuv=01;35:*.wmv=01;35:*.asf=01;35:*.rm=01;35:*.rmvb=01;35:*.flc=01;35:*.avi=01;35:*.fli=01;35:*.flv=01;35:*.gl=01;35:*.dl=01;35:*.xcf=01;35:*.xwd=01;35:*.yuv=01;35:*.cgm=01;35:*.emf=01;35:*.ogv=01;35:*.ogx=01;35:*.aac=00;36:*.au=00;36:*.flac=00;36:*.m4a=00;36:*.mid=00;36:*.midi=00;36:*.mka=00;36:*.mp3=00;36:*.mpc=00;36:*.ogg=00;36:*.ra=00;36:*.wav=00;36:*.oga=00;36:*.opus=00;36:*.spx=00;36:*.xspf=00;36:'), ('GNOME_TERMINAL_SERVICE', ':1.103'), ('SSH_AGENT_LAUNCHER', 'gnome-keyring'), ('SSH_AUTH_SOCK', '/run/user/1000/keyring/ssh'), ('AMENT_PREFIX_PATH', '/home/ros2/tower_ws/install/nav_launch:/home/ros2/tower_ws/install/nav_radar:/home/ros2/tower_ws/install/nav_camera:/home/ros2/tower_ws/install/nav_messages:/home/ros2/ros2_ws/install/zed_ros2:/home/ros2/ros2_ws/install/zed_wrapper:/home/ros2/ros2_ws/install/zed_components:/home/ros2/Downloads/final-ai/install/py_fakedata:/home/ros2/Downloads/final-ai/install/py_detectionmessage:/home/ros2/Downloads/final-ai/install/py_aiproc:/home/ros2/Downloads/final-ai/install/detectionmessage:/home/ros2/Downloads/ros2cs/install:/opt/ros/humble'), ('SHELL', '/bin/bash'), ('LC_NAME', 'lv_LV.UTF-8'), ('QT_ACCESSIBILITY', '1'), ('GDMSESSION', 'ubuntu'), ('LESSCLOSE', '/usr/bin/lesspipe %s %s'), ('LC_MEASUREMENT', 'lv_LV.UTF-8'), ('GPG_AGENT_INFO', '/run/user/1000/gnupg/S.gpg-agent:0:1'), ('LC_IDENTIFICATION', 'lv_LV.UTF-8'), ('QT_IM_MODULE', 'ibus'), ('PWD', '/home/ros2/tower_ws/build/zed_components'), ('XDG_CONFIG_DIRS', '/etc/xdg/xdg-ubuntu:/etc/xdg'), ('XDG_DATA_DIRS', '/usr/share/ubuntu:/usr/share/gnome:/usr/local/share/:/usr/share/:/var/lib/snapd/desktop'), ('PYTHONPATH', '/home/ros2/tower_ws/install/nav_messages/local/lib/python3.10/dist-packages:/home/ros2/Downloads/final-ai/install/py_fakedata/lib/python3.10/site-packages:/home/ros2/Downloads/final-ai/install/py_detectionmessage/lib/python3.10/site-packages:/home/ros2/Downloads/final-ai/install/py_aiproc/lib/python3.10/site-packages:/home/ros2/Downloads/final-ai/install/detectionmessage/local/lib/python3.10/dist-packages:/home/ros2/Downloads/ros2cs/install/lib/python3.10/site-packages:/home/ros2/Downloads/ros2cs/install/local/lib/python3.10/dist-packages:/opt/ros/humble/lib/python3.10/site-packages:/opt/ros/humble/local/lib/python3.10/dist-packages'), ('LC_NUMERIC', 'lv_LV.UTF-8'), ('LC_PAPER', 'lv_LV.UTF-8'), ('COLCON', '1'), ('VTE_VERSION', '6800'), ('CMAKE_PREFIX_PATH', '/home/ros2/tower_ws/install/nav_launch:/home/ros2/tower_ws/install/nav_radar:/home/ros2/tower_ws/install/nav_camera:/home/ros2/tower_ws/install/nav_messages:/home/ros2/ros2_ws/install/zed_ros2:/home/ros2/ros2_ws/install/zed_wrapper:/home/ros2/ros2_ws/install/zed_components:/home/ros2/Downloads/final-ai/install/detectionmessage:/home/ros2/Downloads/ros2cs/install:/home/ros2/Downloads/final-ai/install/py_fakedata:/home/ros2/Downloads/final-ai/install/py_detectionmessage:/home/ros2/Downloads/final-ai/install/py_aiproc:/opt/ros/humble')]), 'shell': False}
[1.390288] (nav_radar) JobProgress: {'identifier': 'nav_radar', 'progress': 'cmake'}
[1.390525] (nav_radar) JobProgress: {'identifier': 'nav_radar', 'progress': 'build'}
[1.390693] (nav_radar) Command: {'cmd': ['/usr/bin/cmake', '--build', '/home/ros2/tower_ws/build/nav_radar', '--', '-j24', '-l24'], 'cwd': '/home/ros2/tower_ws/build/nav_radar', 'env': OrderedDict([('LESSOPEN', '| /usr/bin/lesspipe %s'), ('USER', 'ros2'), ('LC_TIME', 'lv_LV.UTF-8'), ('XDG_SESSION_TYPE', 'x11'), ('SHLVL', '1'), ('LD_LIBRARY_PATH', '/home/ros2/tower_ws/install/nav_messages/lib:/home/ros2/ros2_ws/install/zed_components/lib:/home/ros2/Downloads/final-ai/install/detectionmessage/lib:/home/ros2/Downloads/ros2cs/install/lib:/opt/ros/humble/opt/rviz_ogre_vendor/lib:/opt/ros/humble/lib/x86_64-linux-gnu:/opt/ros/humble/lib'), ('HOME', '/home/ros2'), ('OLDPWD', '/home/ros2/tower_ws/src'), ('DESKTOP_SESSION', 'ubuntu'), ('ROS_PYTHON_VERSION', '3'), ('GNOME_SHELL_SESSION_MODE', 'ubuntu'), ('GTK_MODULES', 'gail:atk-bridge'), ('LC_MONETARY', 'lv_LV.UTF-8'), ('SYSTEMD_EXEC_PID', '2112'), ('DBUS_SESSION_BUS_ADDRESS', 'unix:path=/run/user/1000/bus'), ('COLORTERM', 'truecolor'), ('COLCON_PREFIX_PATH', '/home/ros2/tower_ws/install:/home/ros2/ros2_ws/install:/home/ros2/Downloads/final-ai/install:/home/ros2/Downloads/ros2cs/install'), ('ROS_DISTRO', 'humble'), ('GTK_IM_MODULE', 'ibus'), ('LOGNAME', 'ros2'), ('_', '/usr/bin/colcon'), ('ROS_VERSION', '2'), ('XDG_SESSION_CLASS', 'user'), ('USERNAME', 'ros2'), ('TERM', 'xterm-256color'), ('GNOME_DESKTOP_SESSION_ID', 'this-is-deprecated'), ('ROS_LOCALHOST_ONLY', '0'), ('WINDOWPATH', '2'), ('PATH', '/opt/ros/humble/bin:/home/ros2/.local/bin:/usr/local/sbin:/usr/local/bin:/usr/sbin:/usr/bin:/sbin:/bin:/usr/games:/usr/local/games:/snap/bin:/snap/bin:/home/ros2/.dotnet/tools'), ('SESSION_MANAGER', 'local/ros2:@/tmp/.ICE-unix/1944,unix/ros2:/tmp/.ICE-unix/1944'), ('XDG_MENU_PREFIX', 'gnome-'), ('LC_ADDRESS', 'lv_LV.UTF-8'), ('GNOME_TERMINAL_SCREEN', '/org/gnome/Terminal/screen/52a08a4d_bf9a_4dd1_a4c1_fcd2684cb791'), ('XDG_RUNTIME_DIR', '/run/user/1000'), ('DISPLAY', ':1'), ('LANG', 'en_US.UTF-8'), ('XDG_CURRENT_DESKTOP', 'ubuntu:GNOME'), ('DOTNET_BUNDLE_EXTRACT_BASE_DIR', '/home/ros2/.cache/dotnet_bundle_extract'), ('LC_TELEPHONE', 'lv_LV.UTF-8'), ('XMODIFIERS', '@im=ibus'), ('XDG_SESSION_DESKTOP', 'ubuntu'), ('XAUTHORITY', '/run/user/1000/gdm/Xauthority'), ('LS_COLORS', 'rs=0:di=01;34:ln=01;36:mh=00:pi=40;33:so=01;35:do=01;35:bd=40;33;01:cd=40;33;01:or=40;31;01:mi=00:su=37;41:sg=30;43:ca=30;41:tw=30;42:ow=34;42:st=37;44:ex=01;32:*.tar=01;31:*.tgz=01;31:*.arc=01;31:*.arj=01;31:*.taz=01;31:*.lha=01;31:*.lz4=01;31:*.lzh=01;31:*.lzma=01;31:*.tlz=01;31:*.txz=01;31:*.tzo=01;31:*.t7z=01;31:*.zip=01;31:*.z=01;31:*.dz=01;31:*.gz=01;31:*.lrz=01;31:*.lz=01;31:*.lzo=01;31:*.xz=01;31:*.zst=01;31:*.tzst=01;31:*.bz2=01;31:*.bz=01;31:*.tbz=01;31:*.tbz2=01;31:*.tz=01;31:*.deb=01;31:*.rpm=01;31:*.jar=01;31:*.war=01;31:*.ear=01;31:*.sar=01;31:*.rar=01;31:*.alz=01;31:*.ace=01;31:*.zoo=01;31:*.cpio=01;31:*.7z=01;31:*.rz=01;31:*.cab=01;31:*.wim=01;31:*.swm=01;31:*.dwm=01;31:*.esd=01;31:*.jpg=01;35:*.jpeg=01;35:*.mjpg=01;35:*.mjpeg=01;35:*.gif=01;35:*.bmp=01;35:*.pbm=01;35:*.pgm=01;35:*.ppm=01;35:*.tga=01;35:*.xbm=01;35:*.xpm=01;35:*.tif=01;35:*.tiff=01;35:*.png=01;35:*.svg=01;35:*.svgz=01;35:*.mng=01;35:*.pcx=01;35:*.mov=01;35:*.mpg=01;35:*.mpeg=01;35:*.m2v=01;35:*.mkv=01;35:*.webm=01;35:*.webp=01;35:*.ogm=01;35:*.mp4=01;35:*.m4v=01;35:*.mp4v=01;35:*.vob=01;35:*.qt=01;35:*.nuv=01;35:*.wmv=01;35:*.asf=01;35:*.rm=01;35:*.rmvb=01;35:*.flc=01;35:*.avi=01;35:*.fli=01;35:*.flv=01;35:*.gl=01;35:*.dl=01;35:*.xcf=01;35:*.xwd=01;35:*.yuv=01;35:*.cgm=01;35:*.emf=01;35:*.ogv=01;35:*.ogx=01;35:*.aac=00;36:*.au=00;36:*.flac=00;36:*.m4a=00;36:*.mid=00;36:*.midi=00;36:*.mka=00;36:*.mp3=00;36:*.mpc=00;36:*.ogg=00;36:*.ra=00;36:*.wav=00;36:*.oga=00;36:*.opus=00;36:*.spx=00;36:*.xspf=00;36:'), ('GNOME_TERMINAL_SERVICE', ':1.103'), ('SSH_AGENT_LAUNCHER', 'gnome-keyring'), ('SSH_AUTH_SOCK', '/run/user/1000/keyring/ssh'), ('AMENT_PREFIX_PATH', '/home/ros2/tower_ws/install/nav_launch:/home/ros2/tower_ws/install/nav_radar:/home/ros2/tower_ws/install/nav_camera:/home/ros2/tower_ws/install/nav_messages:/home/ros2/ros2_ws/install/zed_ros2:/home/ros2/ros2_ws/install/zed_wrapper:/home/ros2/ros2_ws/install/zed_components:/home/ros2/Downloads/final-ai/install/py_fakedata:/home/ros2/Downloads/final-ai/install/py_detectionmessage:/home/ros2/Downloads/final-ai/install/py_aiproc:/home/ros2/Downloads/final-ai/install/detectionmessage:/home/ros2/Downloads/ros2cs/install:/opt/ros/humble'), ('SHELL', '/bin/bash'), ('LC_NAME', 'lv_LV.UTF-8'), ('QT_ACCESSIBILITY', '1'), ('GDMSESSION', 'ubuntu'), ('LESSCLOSE', '/usr/bin/lesspipe %s %s'), ('LC_MEASUREMENT', 'lv_LV.UTF-8'), ('GPG_AGENT_INFO', '/run/user/1000/gnupg/S.gpg-agent:0:1'), ('LC_IDENTIFICATION', 'lv_LV.UTF-8'), ('QT_IM_MODULE', 'ibus'), ('PWD', '/home/ros2/tower_ws/build/nav_radar'), ('XDG_CONFIG_DIRS', '/etc/xdg/xdg-ubuntu:/etc/xdg'), ('XDG_DATA_DIRS', '/usr/share/ubuntu:/usr/share/gnome:/usr/local/share/:/usr/share/:/var/lib/snapd/desktop'), ('PYTHONPATH', '/home/ros2/tower_ws/install/nav_messages/local/lib/python3.10/dist-packages:/home/ros2/Downloads/final-ai/install/py_fakedata/lib/python3.10/site-packages:/home/ros2/Downloads/final-ai/install/py_detectionmessage/lib/python3.10/site-packages:/home/ros2/Downloads/final-ai/install/py_aiproc/lib/python3.10/site-packages:/home/ros2/Downloads/final-ai/install/detectionmessage/local/lib/python3.10/dist-packages:/home/ros2/Downloads/ros2cs/install/lib/python3.10/site-packages:/home/ros2/Downloads/ros2cs/install/local/lib/python3.10/dist-packages:/opt/ros/humble/lib/python3.10/site-packages:/opt/ros/humble/local/lib/python3.10/dist-packages'), ('LC_NUMERIC', 'lv_LV.UTF-8'), ('LC_PAPER', 'lv_LV.UTF-8'), ('COLCON', '1'), ('VTE_VERSION', '6800'), ('CMAKE_PREFIX_PATH', '/home/ros2/tower_ws/install/nav_messages:/home/ros2/tower_ws/install/nav_launch:/home/ros2/tower_ws/install/nav_radar:/home/ros2/tower_ws/install/nav_camera:/home/ros2/ros2_ws/install/zed_ros2:/home/ros2/ros2_ws/install/zed_wrapper:/home/ros2/ros2_ws/install/zed_components:/home/ros2/Downloads/final-ai/install/detectionmessage:/home/ros2/Downloads/ros2cs/install:/home/ros2/Downloads/final-ai/install/py_fakedata:/home/ros2/Downloads/final-ai/install/py_detectionmessage:/home/ros2/Downloads/final-ai/install/py_aiproc:/opt/ros/humble')]), 'shell': False}
[1.401460] (-) TimerEvent: {}
[1.419009] (nav_camera) StdoutLine: {'line': b'\x1b[35m\x1b[1mConsolidate compiler generated dependencies of target video_capture_manager\x1b[0m\n'}
[1.419168] (nav_camera) StdoutLine: {'line': b'\x1b[35m\x1b[1mConsolidate compiler generated dependencies of target camera_publisher\x1b[0m\n'}
[1.419293] (nav_camera) StdoutLine: {'line': b'\x1b[35m\x1b[1mConsolidate compiler generated dependencies of target camera_subscriber\x1b[0m\n'}
[1.419326] (nav_camera) StdoutLine: {'line': b'\x1b[35m\x1b[1mConsolidate compiler generated dependencies of target camera_subscriber_to_video\x1b[0m\n'}
[1.422039] (nav_radar) StdoutLine: {'line': b'\x1b[35m\x1b[1mConsolidate compiler generated dependencies of target utility\x1b[0m\n'}
[1.425445] (nav_radar) StdoutLine: {'line': b'\x1b[35m\x1b[1mConsolidate compiler generated dependencies of target protobuf\x1b[0m\n'}
[1.433279] (nav_camera) StdoutLine: {'line': b'[ 25%] Built target video_capture_manager\n'}
[1.438994] (nav_camera) StdoutLine: {'line': b'[ 50%] Built target camera_publisher\n'}
[1.442860] (zed_components) StdoutLine: {'line': b'[  5%] \x1b[32mBuilding CXX object CMakeFiles/zed_camera_component.dir/src/tools/src/sl_win_avg.cpp.o\x1b[0m\n'}
[1.444058] (zed_components) StdoutLine: {'line': b'[ 11%] \x1b[32mBuilding CXX object CMakeFiles/zed_camera_component.dir/src/tools/src/gnss_replay.cpp.o\x1b[0m\n'}
[1.445308] (zed_components) StdoutLine: {'line': b'[ 17%] \x1b[32mBuilding CXX object CMakeFiles/zed_camera_component.dir/src/tools/src/sl_tools.cpp.o\x1b[0m\n'}
[1.446379] (zed_components) StdoutLine: {'line': b'[ 23%] \x1b[32mBuilding CXX object CMakeFiles/zed_camera_component.dir/src/zed_camera/src/zed_camera_component_main.cpp.o\x1b[0m\n'}
[1.446689] (nav_camera) StdoutLine: {'line': b'[100%] Built target camera_subscriber_to_video\n'}
[1.447054] (nav_camera) StdoutLine: {'line': b'[100%] Built target camera_subscriber\n'}
[1.447208] (zed_components) StdoutLine: {'line': b'[ 29%] \x1b[32mBuilding CXX object CMakeFiles/zed_camera_component.dir/src/zed_camera/src/zed_camera_component_video_depth.cpp.o\x1b[0m\n'}
[1.448077] (zed_components) StdoutLine: {'line': b'[ 35%] \x1b[32mBuilding CXX object CMakeFiles/zed_camera_one_component.dir/src/zed_camera_one/src/zed_camera_one_component_sensors.cpp.o\x1b[0m\n'}
[1.449104] (zed_components) StdoutLine: {'line': b'[ 41%] \x1b[32mBuilding CXX object CMakeFiles/zed_camera_component.dir/src/zed_camera/src/zed_camera_component_objdet.cpp.o\x1b[0m\n'}
[1.449501] (nav_radar) StdoutLine: {'line': b'[ 10%] Built target utility\n'}
[1.449782] (zed_components) StdoutLine: {'line': b'[ 47%] \x1b[32mBuilding CXX object CMakeFiles/zed_camera_one_component.dir/src/tools/src/gnss_replay.cpp.o\x1b[0m\n'}
[1.450027] (zed_components) StdoutLine: {'line': b'[ 52%] \x1b[32mBuilding CXX object CMakeFiles/zed_camera_one_component.dir/src/zed_camera_one/src/zed_camera_one_component_video.cpp.o\x1b[0m\n'}
[1.450234] (zed_components) StdoutLine: {'line': b'[ 58%] \x1b[32mBuilding CXX object CMakeFiles/zed_camera_one_component.dir/src/tools/src/sl_types.cpp.o\x1b[0m\n'}
[1.450476] (zed_components) StdoutLine: {'line': b'[ 64%] \x1b[32mBuilding CXX object CMakeFiles/zed_camera_one_component.dir/src/zed_camera_one/src/zed_camera_one_component_main.cpp.o\x1b[0m\n'}
[1.453616] (zed_components) StdoutLine: {'line': b'[ 70%] \x1b[32mBuilding CXX object CMakeFiles/zed_camera_one_component.dir/src/tools/src/sl_tools.cpp.o\x1b[0m\n'}
[1.454060] (zed_components) StdoutLine: {'line': b'[ 76%] \x1b[32mBuilding CXX object CMakeFiles/zed_camera_component.dir/src/tools/src/sl_types.cpp.o\x1b[0m\n'}
[1.454348] (zed_components) StdoutLine: {'line': b'[ 88%] \x1b[32mBuilding CXX object CMakeFiles/zed_camera_component.dir/src/zed_camera/src/zed_camera_component_bodytrk.cpp.o\x1b[0m\n'}
[1.454576] (zed_components) StdoutLine: {'line': b'[ 88%] \x1b[32mBuilding CXX object CMakeFiles/zed_camera_one_component.dir/src/tools/src/sl_win_avg.cpp.o\x1b[0m\n'}
[1.456835] (nav_radar) StdoutLine: {'line': b'[ 27%] Built target protobuf\n'}
[1.463089] (nav_camera) CommandEnded: {'returncode': 0}
[1.464107] (nav_camera) JobProgress: {'identifier': 'nav_camera', 'progress': 'install'}
[1.464601] (nav_camera) Command: {'cmd': ['/usr/bin/cmake', '--install', '/home/ros2/tower_ws/build/nav_camera'], 'cwd': '/home/ros2/tower_ws/build/nav_camera', 'env': OrderedDict([('LESSOPEN', '| /usr/bin/lesspipe %s'), ('USER', 'ros2'), ('LC_TIME', 'lv_LV.UTF-8'), ('XDG_SESSION_TYPE', 'x11'), ('SHLVL', '1'), ('LD_LIBRARY_PATH', '/home/ros2/tower_ws/install/nav_messages/lib:/home/ros2/ros2_ws/install/zed_components/lib:/home/ros2/Downloads/final-ai/install/detectionmessage/lib:/home/ros2/Downloads/ros2cs/install/lib:/opt/ros/humble/opt/rviz_ogre_vendor/lib:/opt/ros/humble/lib/x86_64-linux-gnu:/opt/ros/humble/lib'), ('HOME', '/home/ros2'), ('OLDPWD', '/home/ros2/tower_ws/src'), ('DESKTOP_SESSION', 'ubuntu'), ('ROS_PYTHON_VERSION', '3'), ('GNOME_SHELL_SESSION_MODE', 'ubuntu'), ('GTK_MODULES', 'gail:atk-bridge'), ('LC_MONETARY', 'lv_LV.UTF-8'), ('SYSTEMD_EXEC_PID', '2112'), ('DBUS_SESSION_BUS_ADDRESS', 'unix:path=/run/user/1000/bus'), ('COLORTERM', 'truecolor'), ('COLCON_PREFIX_PATH', '/home/ros2/tower_ws/install:/home/ros2/ros2_ws/install:/home/ros2/Downloads/final-ai/install:/home/ros2/Downloads/ros2cs/install'), ('ROS_DISTRO', 'humble'), ('GTK_IM_MODULE', 'ibus'), ('LOGNAME', 'ros2'), ('_', '/usr/bin/colcon'), ('ROS_VERSION', '2'), ('XDG_SESSION_CLASS', 'user'), ('USERNAME', 'ros2'), ('TERM', 'xterm-256color'), ('GNOME_DESKTOP_SESSION_ID', 'this-is-deprecated'), ('ROS_LOCALHOST_ONLY', '0'), ('WINDOWPATH', '2'), ('PATH', '/opt/ros/humble/bin:/home/ros2/.local/bin:/usr/local/sbin:/usr/local/bin:/usr/sbin:/usr/bin:/sbin:/bin:/usr/games:/usr/local/games:/snap/bin:/snap/bin:/home/ros2/.dotnet/tools'), ('SESSION_MANAGER', 'local/ros2:@/tmp/.ICE-unix/1944,unix/ros2:/tmp/.ICE-unix/1944'), ('XDG_MENU_PREFIX', 'gnome-'), ('LC_ADDRESS', 'lv_LV.UTF-8'), ('GNOME_TERMINAL_SCREEN', '/org/gnome/Terminal/screen/52a08a4d_bf9a_4dd1_a4c1_fcd2684cb791'), ('XDG_RUNTIME_DIR', '/run/user/1000'), ('DISPLAY', ':1'), ('LANG', 'en_US.UTF-8'), ('XDG_CURRENT_DESKTOP', 'ubuntu:GNOME'), ('DOTNET_BUNDLE_EXTRACT_BASE_DIR', '/home/ros2/.cache/dotnet_bundle_extract'), ('LC_TELEPHONE', 'lv_LV.UTF-8'), ('XMODIFIERS', '@im=ibus'), ('XDG_SESSION_DESKTOP', 'ubuntu'), ('XAUTHORITY', '/run/user/1000/gdm/Xauthority'), ('LS_COLORS', 'rs=0:di=01;34:ln=01;36:mh=00:pi=40;33:so=01;35:do=01;35:bd=40;33;01:cd=40;33;01:or=40;31;01:mi=00:su=37;41:sg=30;43:ca=30;41:tw=30;42:ow=34;42:st=37;44:ex=01;32:*.tar=01;31:*.tgz=01;31:*.arc=01;31:*.arj=01;31:*.taz=01;31:*.lha=01;31:*.lz4=01;31:*.lzh=01;31:*.lzma=01;31:*.tlz=01;31:*.txz=01;31:*.tzo=01;31:*.t7z=01;31:*.zip=01;31:*.z=01;31:*.dz=01;31:*.gz=01;31:*.lrz=01;31:*.lz=01;31:*.lzo=01;31:*.xz=01;31:*.zst=01;31:*.tzst=01;31:*.bz2=01;31:*.bz=01;31:*.tbz=01;31:*.tbz2=01;31:*.tz=01;31:*.deb=01;31:*.rpm=01;31:*.jar=01;31:*.war=01;31:*.ear=01;31:*.sar=01;31:*.rar=01;31:*.alz=01;31:*.ace=01;31:*.zoo=01;31:*.cpio=01;31:*.7z=01;31:*.rz=01;31:*.cab=01;31:*.wim=01;31:*.swm=01;31:*.dwm=01;31:*.esd=01;31:*.jpg=01;35:*.jpeg=01;35:*.mjpg=01;35:*.mjpeg=01;35:*.gif=01;35:*.bmp=01;35:*.pbm=01;35:*.pgm=01;35:*.ppm=01;35:*.tga=01;35:*.xbm=01;35:*.xpm=01;35:*.tif=01;35:*.tiff=01;35:*.png=01;35:*.svg=01;35:*.svgz=01;35:*.mng=01;35:*.pcx=01;35:*.mov=01;35:*.mpg=01;35:*.mpeg=01;35:*.m2v=01;35:*.mkv=01;35:*.webm=01;35:*.webp=01;35:*.ogm=01;35:*.mp4=01;35:*.m4v=01;35:*.mp4v=01;35:*.vob=01;35:*.qt=01;35:*.nuv=01;35:*.wmv=01;35:*.asf=01;35:*.rm=01;35:*.rmvb=01;35:*.flc=01;35:*.avi=01;35:*.fli=01;35:*.flv=01;35:*.gl=01;35:*.dl=01;35:*.xcf=01;35:*.xwd=01;35:*.yuv=01;35:*.cgm=01;35:*.emf=01;35:*.ogv=01;35:*.ogx=01;35:*.aac=00;36:*.au=00;36:*.flac=00;36:*.m4a=00;36:*.mid=00;36:*.midi=00;36:*.mka=00;36:*.mp3=00;36:*.mpc=00;36:*.ogg=00;36:*.ra=00;36:*.wav=00;36:*.oga=00;36:*.opus=00;36:*.spx=00;36:*.xspf=00;36:'), ('GNOME_TERMINAL_SERVICE', ':1.103'), ('SSH_AGENT_LAUNCHER', 'gnome-keyring'), ('SSH_AUTH_SOCK', '/run/user/1000/keyring/ssh'), ('AMENT_PREFIX_PATH', '/home/ros2/tower_ws/install/nav_launch:/home/ros2/tower_ws/install/nav_radar:/home/ros2/tower_ws/install/nav_camera:/home/ros2/tower_ws/install/nav_messages:/home/ros2/ros2_ws/install/zed_ros2:/home/ros2/ros2_ws/install/zed_wrapper:/home/ros2/ros2_ws/install/zed_components:/home/ros2/Downloads/final-ai/install/py_fakedata:/home/ros2/Downloads/final-ai/install/py_detectionmessage:/home/ros2/Downloads/final-ai/install/py_aiproc:/home/ros2/Downloads/final-ai/install/detectionmessage:/home/ros2/Downloads/ros2cs/install:/opt/ros/humble'), ('SHELL', '/bin/bash'), ('LC_NAME', 'lv_LV.UTF-8'), ('QT_ACCESSIBILITY', '1'), ('GDMSESSION', 'ubuntu'), ('LESSCLOSE', '/usr/bin/lesspipe %s %s'), ('LC_MEASUREMENT', 'lv_LV.UTF-8'), ('GPG_AGENT_INFO', '/run/user/1000/gnupg/S.gpg-agent:0:1'), ('LC_IDENTIFICATION', 'lv_LV.UTF-8'), ('QT_IM_MODULE', 'ibus'), ('PWD', '/home/ros2/tower_ws/build/nav_camera'), ('XDG_CONFIG_DIRS', '/etc/xdg/xdg-ubuntu:/etc/xdg'), ('XDG_DATA_DIRS', '/usr/share/ubuntu:/usr/share/gnome:/usr/local/share/:/usr/share/:/var/lib/snapd/desktop'), ('PYTHONPATH', '/home/ros2/tower_ws/install/nav_messages/local/lib/python3.10/dist-packages:/home/ros2/Downloads/final-ai/install/py_fakedata/lib/python3.10/site-packages:/home/ros2/Downloads/final-ai/install/py_detectionmessage/lib/python3.10/site-packages:/home/ros2/Downloads/final-ai/install/py_aiproc/lib/python3.10/site-packages:/home/ros2/Downloads/final-ai/install/detectionmessage/local/lib/python3.10/dist-packages:/home/ros2/Downloads/ros2cs/install/lib/python3.10/site-packages:/home/ros2/Downloads/ros2cs/install/local/lib/python3.10/dist-packages:/opt/ros/humble/lib/python3.10/site-packages:/opt/ros/humble/local/lib/python3.10/dist-packages'), ('LC_NUMERIC', 'lv_LV.UTF-8'), ('LC_PAPER', 'lv_LV.UTF-8'), ('COLCON', '1'), ('VTE_VERSION', '6800'), ('CMAKE_PREFIX_PATH', '/home/ros2/tower_ws/install/nav_messages:/home/ros2/tower_ws/install/nav_launch:/home/ros2/tower_ws/install/nav_radar:/home/ros2/tower_ws/install/nav_camera:/home/ros2/ros2_ws/install/zed_ros2:/home/ros2/ros2_ws/install/zed_wrapper:/home/ros2/ros2_ws/install/zed_components:/home/ros2/Downloads/final-ai/install/detectionmessage:/home/ros2/Downloads/ros2cs/install:/home/ros2/Downloads/final-ai/install/py_fakedata:/home/ros2/Downloads/final-ai/install/py_detectionmessage:/home/ros2/Downloads/final-ai/install/py_aiproc:/opt/ros/humble')]), 'shell': False}
[1.469242] (nav_radar) StdoutLine: {'line': b'\x1b[35m\x1b[1mConsolidate compiler generated dependencies of target navigation\x1b[0m\n'}
[1.472622] (nav_camera) StdoutLine: {'line': b'-- Install configuration: ""\n'}
[1.472804] (nav_camera) StdoutLine: {'line': b'-- Up-to-date: /home/ros2/tower_ws/install/nav_camera/lib/nav_camera/video_capture_manager\n'}
[1.472988] (nav_camera) StdoutLine: {'line': b'-- Up-to-date: /home/ros2/tower_ws/install/nav_camera/lib/nav_camera/camera_publisher\n'}
[1.473177] (nav_camera) StdoutLine: {'line': b'-- Up-to-date: /home/ros2/tower_ws/install/nav_camera/lib/nav_camera/camera_subscriber\n'}
[1.473361] (nav_camera) StdoutLine: {'line': b'-- Up-to-date: /home/ros2/tower_ws/install/nav_camera/lib/nav_camera/camera_subscriber_to_video\n'}
[1.473476] (nav_camera) StdoutLine: {'line': b'-- Up-to-date: /home/ros2/tower_ws/install/nav_camera/share/ament_index/resource_index/package_run_dependencies/nav_camera\n'}
[1.473588] (nav_camera) StdoutLine: {'line': b'-- Up-to-date: /home/ros2/tower_ws/install/nav_camera/share/ament_index/resource_index/parent_prefix_path/nav_camera\n'}
[1.473735] (nav_camera) StdoutLine: {'line': b'-- Up-to-date: /home/ros2/tower_ws/install/nav_camera/share/nav_camera/environment/ament_prefix_path.sh\n'}
[1.473816] (nav_camera) StdoutLine: {'line': b'-- Up-to-date: /home/ros2/tower_ws/install/nav_camera/share/nav_camera/environment/ament_prefix_path.dsv\n'}
[1.473890] (nav_camera) StdoutLine: {'line': b'-- Up-to-date: /home/ros2/tower_ws/install/nav_camera/share/nav_camera/environment/path.sh\n'}
[1.473962] (nav_camera) StdoutLine: {'line': b'-- Up-to-date: /home/ros2/tower_ws/install/nav_camera/share/nav_camera/environment/path.dsv\n'}
[1.474033] (nav_camera) StdoutLine: {'line': b'-- Up-to-date: /home/ros2/tower_ws/install/nav_camera/share/nav_camera/local_setup.bash\n'}
[1.474139] (nav_camera) StdoutLine: {'line': b'-- Up-to-date: /home/ros2/tower_ws/install/nav_camera/share/nav_camera/local_setup.sh\n'}
[1.474205] (nav_camera) StdoutLine: {'line': b'-- Up-to-date: /home/ros2/tower_ws/install/nav_camera/share/nav_camera/local_setup.zsh\n'}
[1.474269] (nav_camera) StdoutLine: {'line': b'-- Up-to-date: /home/ros2/tower_ws/install/nav_camera/share/nav_camera/local_setup.dsv\n'}
[1.474338] (nav_camera) StdoutLine: {'line': b'-- Installing: /home/ros2/tower_ws/install/nav_camera/share/nav_camera/package.dsv\n'}
[1.474403] (nav_camera) StdoutLine: {'line': b'-- Up-to-date: /home/ros2/tower_ws/install/nav_camera/share/ament_index/resource_index/packages/nav_camera\n'}
[1.474469] (nav_camera) StdoutLine: {'line': b'-- Up-to-date: /home/ros2/tower_ws/install/nav_camera/share/nav_camera/cmake/nav_cameraConfig.cmake\n'}
[1.474569] (nav_camera) StdoutLine: {'line': b'-- Up-to-date: /home/ros2/tower_ws/install/nav_camera/share/nav_camera/cmake/nav_cameraConfig-version.cmake\n'}
[1.474641] (nav_camera) StdoutLine: {'line': b'-- Up-to-date: /home/ros2/tower_ws/install/nav_camera/share/nav_camera/package.xml\n'}
[1.475431] (nav_camera) CommandEnded: {'returncode': 0}
[1.480777] (nav_radar) StdoutLine: {'line': b'[ 30%] Built target navigation\n'}
[1.488249] (nav_camera) JobEnded: {'identifier': 'nav_camera', 'rc': 0}
[1.492757] (nav_radar) StdoutLine: {'line': b'\x1b[35m\x1b[1mConsolidate compiler generated dependencies of target networking\x1b[0m\n'}
[1.501546] (-) TimerEvent: {}
[1.511954] (nav_radar) StdoutLine: {'line': b'[ 55%] Built target networking\n'}
[1.522189] (nav_radar) StdoutLine: {'line': b'\x1b[35m\x1b[1mConsolidate compiler generated dependencies of target colossus_publisher\x1b[0m\n'}
[1.524467] (nav_radar) StdoutLine: {'line': b'\x1b[35m\x1b[1mConsolidate compiler generated dependencies of target laser_scan_subscriber_to_video\x1b[0m\n'}
[1.524633] (nav_radar) StdoutLine: {'line': b'\x1b[35m\x1b[1mConsolidate compiler generated dependencies of target colossus_subscriber\x1b[0m\n'}
[1.524685] (nav_radar) StdoutLine: {'line': b'\x1b[35m\x1b[1mConsolidate compiler generated dependencies of target laser_scan_subscriber\x1b[0m\n'}
[1.524767] (nav_radar) StdoutLine: {'line': b'\x1b[35m\x1b[1mConsolidate compiler generated dependencies of target laser_scan_publisher\x1b[0m\n'}
[1.524810] (nav_radar) StdoutLine: {'line': b'\x1b[35m\x1b[1mConsolidate compiler generated dependencies of target colossus_subscriber_to_video\x1b[0m\n'}
[1.525919] (nav_radar) StdoutLine: {'line': b'\x1b[35m\x1b[1mConsolidate compiler generated dependencies of target point_cloud_publisher\x1b[0m\n'}
[1.531357] (nav_radar) StdoutLine: {'line': b'\x1b[35m\x1b[1mConsolidate compiler generated dependencies of target navigation_mode_point_cloud_publisher\x1b[0m\n'}
[1.531711] (nav_radar) StdoutLine: {'line': b'\x1b[35m\x1b[1mConsolidate compiler generated dependencies of target colossus_and_camera_publisher\x1b[0m\n'}
[1.532085] (nav_radar) StdoutLine: {'line': b'\x1b[35m\x1b[1mConsolidate compiler generated dependencies of target native_point_cloud_publisher\x1b[0m\n'}
[1.532395] (nav_radar) StdoutLine: {'line': b'\x1b[35m\x1b[1mConsolidate compiler generated dependencies of target colossus_subscriber_point_cloud_publisher\x1b[0m\n'}
[1.534182] (nav_radar) StdoutLine: {'line': b'\x1b[35m\x1b[1mConsolidate compiler generated dependencies of target cfar_point_cloud_publisher\x1b[0m\n'}
[1.540609] (nav_radar) StdoutLine: {'line': b'\x1b[35m\x1b[1mConsolidate compiler generated dependencies of target b_scan_publisher\x1b[0m\n'}
[1.540785] (nav_radar) StdoutLine: {'line': b'\x1b[35m\x1b[1mConsolidate compiler generated dependencies of target colossus_and_camera_subscriber_to_video\x1b[0m\n'}
[1.540843] (nav_radar) StdoutLine: {'line': b'\x1b[35m\x1b[1mConsolidate compiler generated dependencies of target colossus_subscriber_laser_scan_publisher\x1b[0m\n'}
[1.540889] (nav_radar) StdoutLine: {'line': b'[ 61%] Built target laser_scan_subscriber_to_video\n'}
[1.540949] (nav_radar) StdoutLine: {'line': b'[ 61%] Built target colossus_subscriber\n'}
[1.541093] (nav_radar) StdoutLine: {'line': b'[ 64%] Built target colossus_publisher\n'}
[1.542068] (nav_radar) StdoutLine: {'line': b'[ 67%] Built target colossus_subscriber_to_video\n'}
[1.542472] (nav_radar) StdoutLine: {'line': b'[ 70%] Built target laser_scan_publisher\n'}
[1.545164] (nav_radar) StdoutLine: {'line': b'[ 73%] Built target laser_scan_subscriber\n'}
[1.553678] (nav_radar) StdoutLine: {'line': b'[ 76%] Built target colossus_subscriber_point_cloud_publisher\n'}
[1.556735] (nav_radar) StdoutLine: {'line': b'[ 86%] Built target navigation_mode_point_cloud_publisher\n'}
[1.556893] (nav_radar) StdoutLine: {'line': b'[ 86%] Built target cfar_point_cloud_publisher\n'}
[1.557584] (nav_radar) StdoutLine: {'line': b'[ 86%] Built target point_cloud_publisher\n'}
[1.557685] (nav_radar) StdoutLine: {'line': b'[ 91%] Built target native_point_cloud_publisher\n'}
[1.557735] (nav_radar) StdoutLine: {'line': b'[ 91%] Built target colossus_and_camera_subscriber_to_video\n'}
[1.560117] (nav_radar) StdoutLine: {'line': b'[ 95%] Built target colossus_and_camera_publisher\n'}
[1.560209] (nav_radar) StdoutLine: {'line': b'[ 98%] Built target colossus_subscriber_laser_scan_publisher\n'}
[1.560244] (nav_radar) StdoutLine: {'line': b'[100%] Built target b_scan_publisher\n'}
[1.566206] (nav_radar) CommandEnded: {'returncode': 0}
[1.566694] (nav_radar) JobProgress: {'identifier': 'nav_radar', 'progress': 'install'}
[1.566852] (nav_radar) Command: {'cmd': ['/usr/bin/cmake', '--install', '/home/ros2/tower_ws/build/nav_radar'], 'cwd': '/home/ros2/tower_ws/build/nav_radar', 'env': OrderedDict([('LESSOPEN', '| /usr/bin/lesspipe %s'), ('USER', 'ros2'), ('LC_TIME', 'lv_LV.UTF-8'), ('XDG_SESSION_TYPE', 'x11'), ('SHLVL', '1'), ('LD_LIBRARY_PATH', '/home/ros2/tower_ws/install/nav_messages/lib:/home/ros2/ros2_ws/install/zed_components/lib:/home/ros2/Downloads/final-ai/install/detectionmessage/lib:/home/ros2/Downloads/ros2cs/install/lib:/opt/ros/humble/opt/rviz_ogre_vendor/lib:/opt/ros/humble/lib/x86_64-linux-gnu:/opt/ros/humble/lib'), ('HOME', '/home/ros2'), ('OLDPWD', '/home/ros2/tower_ws/src'), ('DESKTOP_SESSION', 'ubuntu'), ('ROS_PYTHON_VERSION', '3'), ('GNOME_SHELL_SESSION_MODE', 'ubuntu'), ('GTK_MODULES', 'gail:atk-bridge'), ('LC_MONETARY', 'lv_LV.UTF-8'), ('SYSTEMD_EXEC_PID', '2112'), ('DBUS_SESSION_BUS_ADDRESS', 'unix:path=/run/user/1000/bus'), ('COLORTERM', 'truecolor'), ('COLCON_PREFIX_PATH', '/home/ros2/tower_ws/install:/home/ros2/ros2_ws/install:/home/ros2/Downloads/final-ai/install:/home/ros2/Downloads/ros2cs/install'), ('ROS_DISTRO', 'humble'), ('GTK_IM_MODULE', 'ibus'), ('LOGNAME', 'ros2'), ('_', '/usr/bin/colcon'), ('ROS_VERSION', '2'), ('XDG_SESSION_CLASS', 'user'), ('USERNAME', 'ros2'), ('TERM', 'xterm-256color'), ('GNOME_DESKTOP_SESSION_ID', 'this-is-deprecated'), ('ROS_LOCALHOST_ONLY', '0'), ('WINDOWPATH', '2'), ('PATH', '/opt/ros/humble/bin:/home/ros2/.local/bin:/usr/local/sbin:/usr/local/bin:/usr/sbin:/usr/bin:/sbin:/bin:/usr/games:/usr/local/games:/snap/bin:/snap/bin:/home/ros2/.dotnet/tools'), ('SESSION_MANAGER', 'local/ros2:@/tmp/.ICE-unix/1944,unix/ros2:/tmp/.ICE-unix/1944'), ('XDG_MENU_PREFIX', 'gnome-'), ('LC_ADDRESS', 'lv_LV.UTF-8'), ('GNOME_TERMINAL_SCREEN', '/org/gnome/Terminal/screen/52a08a4d_bf9a_4dd1_a4c1_fcd2684cb791'), ('XDG_RUNTIME_DIR', '/run/user/1000'), ('DISPLAY', ':1'), ('LANG', 'en_US.UTF-8'), ('XDG_CURRENT_DESKTOP', 'ubuntu:GNOME'), ('DOTNET_BUNDLE_EXTRACT_BASE_DIR', '/home/ros2/.cache/dotnet_bundle_extract'), ('LC_TELEPHONE', 'lv_LV.UTF-8'), ('XMODIFIERS', '@im=ibus'), ('XDG_SESSION_DESKTOP', 'ubuntu'), ('XAUTHORITY', '/run/user/1000/gdm/Xauthority'), ('LS_COLORS', 'rs=0:di=01;34:ln=01;36:mh=00:pi=40;33:so=01;35:do=01;35:bd=40;33;01:cd=40;33;01:or=40;31;01:mi=00:su=37;41:sg=30;43:ca=30;41:tw=30;42:ow=34;42:st=37;44:ex=01;32:*.tar=01;31:*.tgz=01;31:*.arc=01;31:*.arj=01;31:*.taz=01;31:*.lha=01;31:*.lz4=01;31:*.lzh=01;31:*.lzma=01;31:*.tlz=01;31:*.txz=01;31:*.tzo=01;31:*.t7z=01;31:*.zip=01;31:*.z=01;31:*.dz=01;31:*.gz=01;31:*.lrz=01;31:*.lz=01;31:*.lzo=01;31:*.xz=01;31:*.zst=01;31:*.tzst=01;31:*.bz2=01;31:*.bz=01;31:*.tbz=01;31:*.tbz2=01;31:*.tz=01;31:*.deb=01;31:*.rpm=01;31:*.jar=01;31:*.war=01;31:*.ear=01;31:*.sar=01;31:*.rar=01;31:*.alz=01;31:*.ace=01;31:*.zoo=01;31:*.cpio=01;31:*.7z=01;31:*.rz=01;31:*.cab=01;31:*.wim=01;31:*.swm=01;31:*.dwm=01;31:*.esd=01;31:*.jpg=01;35:*.jpeg=01;35:*.mjpg=01;35:*.mjpeg=01;35:*.gif=01;35:*.bmp=01;35:*.pbm=01;35:*.pgm=01;35:*.ppm=01;35:*.tga=01;35:*.xbm=01;35:*.xpm=01;35:*.tif=01;35:*.tiff=01;35:*.png=01;35:*.svg=01;35:*.svgz=01;35:*.mng=01;35:*.pcx=01;35:*.mov=01;35:*.mpg=01;35:*.mpeg=01;35:*.m2v=01;35:*.mkv=01;35:*.webm=01;35:*.webp=01;35:*.ogm=01;35:*.mp4=01;35:*.m4v=01;35:*.mp4v=01;35:*.vob=01;35:*.qt=01;35:*.nuv=01;35:*.wmv=01;35:*.asf=01;35:*.rm=01;35:*.rmvb=01;35:*.flc=01;35:*.avi=01;35:*.fli=01;35:*.flv=01;35:*.gl=01;35:*.dl=01;35:*.xcf=01;35:*.xwd=01;35:*.yuv=01;35:*.cgm=01;35:*.emf=01;35:*.ogv=01;35:*.ogx=01;35:*.aac=00;36:*.au=00;36:*.flac=00;36:*.m4a=00;36:*.mid=00;36:*.midi=00;36:*.mka=00;36:*.mp3=00;36:*.mpc=00;36:*.ogg=00;36:*.ra=00;36:*.wav=00;36:*.oga=00;36:*.opus=00;36:*.spx=00;36:*.xspf=00;36:'), ('GNOME_TERMINAL_SERVICE', ':1.103'), ('SSH_AGENT_LAUNCHER', 'gnome-keyring'), ('SSH_AUTH_SOCK', '/run/user/1000/keyring/ssh'), ('AMENT_PREFIX_PATH', '/home/ros2/tower_ws/install/nav_launch:/home/ros2/tower_ws/install/nav_radar:/home/ros2/tower_ws/install/nav_camera:/home/ros2/tower_ws/install/nav_messages:/home/ros2/ros2_ws/install/zed_ros2:/home/ros2/ros2_ws/install/zed_wrapper:/home/ros2/ros2_ws/install/zed_components:/home/ros2/Downloads/final-ai/install/py_fakedata:/home/ros2/Downloads/final-ai/install/py_detectionmessage:/home/ros2/Downloads/final-ai/install/py_aiproc:/home/ros2/Downloads/final-ai/install/detectionmessage:/home/ros2/Downloads/ros2cs/install:/opt/ros/humble'), ('SHELL', '/bin/bash'), ('LC_NAME', 'lv_LV.UTF-8'), ('QT_ACCESSIBILITY', '1'), ('GDMSESSION', 'ubuntu'), ('LESSCLOSE', '/usr/bin/lesspipe %s %s'), ('LC_MEASUREMENT', 'lv_LV.UTF-8'), ('GPG_AGENT_INFO', '/run/user/1000/gnupg/S.gpg-agent:0:1'), ('LC_IDENTIFICATION', 'lv_LV.UTF-8'), ('QT_IM_MODULE', 'ibus'), ('PWD', '/home/ros2/tower_ws/build/nav_radar'), ('XDG_CONFIG_DIRS', '/etc/xdg/xdg-ubuntu:/etc/xdg'), ('XDG_DATA_DIRS', '/usr/share/ubuntu:/usr/share/gnome:/usr/local/share/:/usr/share/:/var/lib/snapd/desktop'), ('PYTHONPATH', '/home/ros2/tower_ws/install/nav_messages/local/lib/python3.10/dist-packages:/home/ros2/Downloads/final-ai/install/py_fakedata/lib/python3.10/site-packages:/home/ros2/Downloads/final-ai/install/py_detectionmessage/lib/python3.10/site-packages:/home/ros2/Downloads/final-ai/install/py_aiproc/lib/python3.10/site-packages:/home/ros2/Downloads/final-ai/install/detectionmessage/local/lib/python3.10/dist-packages:/home/ros2/Downloads/ros2cs/install/lib/python3.10/site-packages:/home/ros2/Downloads/ros2cs/install/local/lib/python3.10/dist-packages:/opt/ros/humble/lib/python3.10/site-packages:/opt/ros/humble/local/lib/python3.10/dist-packages'), ('LC_NUMERIC', 'lv_LV.UTF-8'), ('LC_PAPER', 'lv_LV.UTF-8'), ('COLCON', '1'), ('VTE_VERSION', '6800'), ('CMAKE_PREFIX_PATH', '/home/ros2/tower_ws/install/nav_messages:/home/ros2/tower_ws/install/nav_launch:/home/ros2/tower_ws/install/nav_radar:/home/ros2/tower_ws/install/nav_camera:/home/ros2/ros2_ws/install/zed_ros2:/home/ros2/ros2_ws/install/zed_wrapper:/home/ros2/ros2_ws/install/zed_components:/home/ros2/Downloads/final-ai/install/detectionmessage:/home/ros2/Downloads/ros2cs/install:/home/ros2/Downloads/final-ai/install/py_fakedata:/home/ros2/Downloads/final-ai/install/py_detectionmessage:/home/ros2/Downloads/final-ai/install/py_aiproc:/opt/ros/humble')]), 'shell': False}
[1.572306] (nav_radar) StdoutLine: {'line': b'-- Install configuration: ""\n'}
[1.572599] (nav_radar) StdoutLine: {'line': b'-- Up-to-date: /home/ros2/tower_ws/install/nav_radar/lib/nav_radar/colossus_publisher\n'}
[1.572731] (nav_radar) StdoutLine: {'line': b'-- Up-to-date: /home/ros2/tower_ws/install/nav_radar/lib/nav_radar/colossus_subscriber\n'}
[1.572852] (nav_radar) StdoutLine: {'line': b'-- Up-to-date: /home/ros2/tower_ws/install/nav_radar/lib/nav_radar/colossus_subscriber_to_video\n'}
[1.572971] (nav_radar) StdoutLine: {'line': b'-- Up-to-date: /home/ros2/tower_ws/install/nav_radar/lib/nav_radar/laser_scan_publisher\n'}
[1.573087] (nav_radar) StdoutLine: {'line': b'-- Up-to-date: /home/ros2/tower_ws/install/nav_radar/lib/nav_radar/laser_scan_subscriber\n'}
[1.573205] (nav_radar) StdoutLine: {'line': b'-- Up-to-date: /home/ros2/tower_ws/install/nav_radar/lib/nav_radar/laser_scan_subscriber_to_video\n'}
[1.573319] (nav_radar) StdoutLine: {'line': b'-- Up-to-date: /home/ros2/tower_ws/install/nav_radar/lib/nav_radar/point_cloud_publisher\n'}
[1.573439] (nav_radar) StdoutLine: {'line': b'-- Up-to-date: /home/ros2/tower_ws/install/nav_radar/lib/nav_radar/navigation_mode_point_cloud_publisher\n'}
[1.573577] (nav_radar) StdoutLine: {'line': b'-- Up-to-date: /home/ros2/tower_ws/install/nav_radar/lib/nav_radar/b_scan_publisher\n'}
[1.573795] (nav_radar) StdoutLine: {'line': b'-- Up-to-date: /home/ros2/tower_ws/install/nav_radar/lib/nav_radar/colossus_and_camera_publisher\n'}
[1.573934] (nav_radar) StdoutLine: {'line': b'-- Up-to-date: /home/ros2/tower_ws/install/nav_radar/lib/nav_radar/colossus_and_camera_subscriber_to_video\n'}
[1.574089] (nav_radar) StdoutLine: {'line': b'-- Up-to-date: /home/ros2/tower_ws/install/nav_radar/lib/nav_radar/colossus_subscriber_laser_scan_publisher\n'}
[1.574270] (nav_radar) StdoutLine: {'line': b'-- Up-to-date: /home/ros2/tower_ws/install/nav_radar/lib/nav_radar/colossus_subscriber_point_cloud_publisher\n'}
[1.574432] (nav_radar) StdoutLine: {'line': b'-- Up-to-date: /home/ros2/tower_ws/install/nav_radar/lib/nav_radar/cfar_point_cloud_publisher\n'}
[1.574612] (nav_radar) StdoutLine: {'line': b'-- Up-to-date: /home/ros2/tower_ws/install/nav_radar/lib/nav_radar/native_point_cloud_publisher\n'}
[1.574729] (nav_radar) StdoutLine: {'line': b'-- Up-to-date: /home/ros2/tower_ws/install/nav_radar/share/ament_index/resource_index/package_run_dependencies/nav_radar\n'}
[1.574791] (nav_radar) StdoutLine: {'line': b'-- Up-to-date: /home/ros2/tower_ws/install/nav_radar/share/ament_index/resource_index/parent_prefix_path/nav_radar\n'}
[1.574854] (nav_radar) StdoutLine: {'line': b'-- Up-to-date: /home/ros2/tower_ws/install/nav_radar/share/nav_radar/environment/ament_prefix_path.sh\n'}
[1.574933] (nav_radar) StdoutLine: {'line': b'-- Up-to-date: /home/ros2/tower_ws/install/nav_radar/share/nav_radar/environment/ament_prefix_path.dsv\n'}
[1.574983] (nav_radar) StdoutLine: {'line': b'-- Up-to-date: /home/ros2/tower_ws/install/nav_radar/share/nav_radar/environment/path.sh\n'}
[1.575029] (nav_radar) StdoutLine: {'line': b'-- Up-to-date: /home/ros2/tower_ws/install/nav_radar/share/nav_radar/environment/path.dsv\n'}
[1.575074] (nav_radar) StdoutLine: {'line': b'-- Up-to-date: /home/ros2/tower_ws/install/nav_radar/share/nav_radar/local_setup.bash\n'}
[1.575119] (nav_radar) StdoutLine: {'line': b'-- Up-to-date: /home/ros2/tower_ws/install/nav_radar/share/nav_radar/local_setup.sh\n'}
[1.575212] (nav_radar) StdoutLine: {'line': b'-- Up-to-date: /home/ros2/tower_ws/install/nav_radar/share/nav_radar/local_setup.zsh\n'}
[1.575258] (nav_radar) StdoutLine: {'line': b'-- Up-to-date: /home/ros2/tower_ws/install/nav_radar/share/nav_radar/local_setup.dsv\n'}
[1.575300] (nav_radar) StdoutLine: {'line': b'-- Installing: /home/ros2/tower_ws/install/nav_radar/share/nav_radar/package.dsv\n'}
[1.575343] (nav_radar) StdoutLine: {'line': b'-- Up-to-date: /home/ros2/tower_ws/install/nav_radar/share/ament_index/resource_index/packages/nav_radar\n'}
[1.575386] (nav_radar) StdoutLine: {'line': b'-- Up-to-date: /home/ros2/tower_ws/install/nav_radar/share/nav_radar/cmake/nav_radarConfig.cmake\n'}
[1.575429] (nav_radar) StdoutLine: {'line': b'-- Up-to-date: /home/ros2/tower_ws/install/nav_radar/share/nav_radar/cmake/nav_radarConfig-version.cmake\n'}
[1.575470] (nav_radar) StdoutLine: {'line': b'-- Up-to-date: /home/ros2/tower_ws/install/nav_radar/share/nav_radar/package.xml\n'}
[1.576268] (nav_radar) CommandEnded: {'returncode': 0}
[1.583617] (nav_radar) JobEnded: {'identifier': 'nav_radar', 'rc': 0}
[1.584099] (nav_launch) JobStarted: {'identifier': 'nav_launch'}
[1.590264] (nav_launch) JobProgress: {'identifier': 'nav_launch', 'progress': 'cmake'}
[1.590678] (nav_launch) JobProgress: {'identifier': 'nav_launch', 'progress': 'build'}
[1.590865] (nav_launch) Command: {'cmd': ['/usr/bin/cmake', '--build', '/home/ros2/tower_ws/build/nav_launch', '--', '-j24', '-l24'], 'cwd': '/home/ros2/tower_ws/build/nav_launch', 'env': OrderedDict([('LESSOPEN', '| /usr/bin/lesspipe %s'), ('USER', 'ros2'), ('LC_TIME', 'lv_LV.UTF-8'), ('XDG_SESSION_TYPE', 'x11'), ('SHLVL', '1'), ('LD_LIBRARY_PATH', '/home/ros2/tower_ws/install/nav_messages/lib:/home/ros2/ros2_ws/install/zed_components/lib:/home/ros2/Downloads/final-ai/install/detectionmessage/lib:/home/ros2/Downloads/ros2cs/install/lib:/opt/ros/humble/opt/rviz_ogre_vendor/lib:/opt/ros/humble/lib/x86_64-linux-gnu:/opt/ros/humble/lib'), ('HOME', '/home/ros2'), ('OLDPWD', '/home/ros2/tower_ws/src'), ('DESKTOP_SESSION', 'ubuntu'), ('ROS_PYTHON_VERSION', '3'), ('GNOME_SHELL_SESSION_MODE', 'ubuntu'), ('GTK_MODULES', 'gail:atk-bridge'), ('LC_MONETARY', 'lv_LV.UTF-8'), ('SYSTEMD_EXEC_PID', '2112'), ('DBUS_SESSION_BUS_ADDRESS', 'unix:path=/run/user/1000/bus'), ('COLORTERM', 'truecolor'), ('COLCON_PREFIX_PATH', '/home/ros2/tower_ws/install:/home/ros2/ros2_ws/install:/home/ros2/Downloads/final-ai/install:/home/ros2/Downloads/ros2cs/install'), ('ROS_DISTRO', 'humble'), ('GTK_IM_MODULE', 'ibus'), ('LOGNAME', 'ros2'), ('_', '/usr/bin/colcon'), ('ROS_VERSION', '2'), ('XDG_SESSION_CLASS', 'user'), ('USERNAME', 'ros2'), ('TERM', 'xterm-256color'), ('GNOME_DESKTOP_SESSION_ID', 'this-is-deprecated'), ('ROS_LOCALHOST_ONLY', '0'), ('WINDOWPATH', '2'), ('PATH', '/opt/ros/humble/bin:/home/ros2/.local/bin:/usr/local/sbin:/usr/local/bin:/usr/sbin:/usr/bin:/sbin:/bin:/usr/games:/usr/local/games:/snap/bin:/snap/bin:/home/ros2/.dotnet/tools'), ('SESSION_MANAGER', 'local/ros2:@/tmp/.ICE-unix/1944,unix/ros2:/tmp/.ICE-unix/1944'), ('XDG_MENU_PREFIX', 'gnome-'), ('LC_ADDRESS', 'lv_LV.UTF-8'), ('GNOME_TERMINAL_SCREEN', '/org/gnome/Terminal/screen/52a08a4d_bf9a_4dd1_a4c1_fcd2684cb791'), ('XDG_RUNTIME_DIR', '/run/user/1000'), ('DISPLAY', ':1'), ('LANG', 'en_US.UTF-8'), ('XDG_CURRENT_DESKTOP', 'ubuntu:GNOME'), ('DOTNET_BUNDLE_EXTRACT_BASE_DIR', '/home/ros2/.cache/dotnet_bundle_extract'), ('LC_TELEPHONE', 'lv_LV.UTF-8'), ('XMODIFIERS', '@im=ibus'), ('XDG_SESSION_DESKTOP', 'ubuntu'), ('XAUTHORITY', '/run/user/1000/gdm/Xauthority'), ('LS_COLORS', 'rs=0:di=01;34:ln=01;36:mh=00:pi=40;33:so=01;35:do=01;35:bd=40;33;01:cd=40;33;01:or=40;31;01:mi=00:su=37;41:sg=30;43:ca=30;41:tw=30;42:ow=34;42:st=37;44:ex=01;32:*.tar=01;31:*.tgz=01;31:*.arc=01;31:*.arj=01;31:*.taz=01;31:*.lha=01;31:*.lz4=01;31:*.lzh=01;31:*.lzma=01;31:*.tlz=01;31:*.txz=01;31:*.tzo=01;31:*.t7z=01;31:*.zip=01;31:*.z=01;31:*.dz=01;31:*.gz=01;31:*.lrz=01;31:*.lz=01;31:*.lzo=01;31:*.xz=01;31:*.zst=01;31:*.tzst=01;31:*.bz2=01;31:*.bz=01;31:*.tbz=01;31:*.tbz2=01;31:*.tz=01;31:*.deb=01;31:*.rpm=01;31:*.jar=01;31:*.war=01;31:*.ear=01;31:*.sar=01;31:*.rar=01;31:*.alz=01;31:*.ace=01;31:*.zoo=01;31:*.cpio=01;31:*.7z=01;31:*.rz=01;31:*.cab=01;31:*.wim=01;31:*.swm=01;31:*.dwm=01;31:*.esd=01;31:*.jpg=01;35:*.jpeg=01;35:*.mjpg=01;35:*.mjpeg=01;35:*.gif=01;35:*.bmp=01;35:*.pbm=01;35:*.pgm=01;35:*.ppm=01;35:*.tga=01;35:*.xbm=01;35:*.xpm=01;35:*.tif=01;35:*.tiff=01;35:*.png=01;35:*.svg=01;35:*.svgz=01;35:*.mng=01;35:*.pcx=01;35:*.mov=01;35:*.mpg=01;35:*.mpeg=01;35:*.m2v=01;35:*.mkv=01;35:*.webm=01;35:*.webp=01;35:*.ogm=01;35:*.mp4=01;35:*.m4v=01;35:*.mp4v=01;35:*.vob=01;35:*.qt=01;35:*.nuv=01;35:*.wmv=01;35:*.asf=01;35:*.rm=01;35:*.rmvb=01;35:*.flc=01;35:*.avi=01;35:*.fli=01;35:*.flv=01;35:*.gl=01;35:*.dl=01;35:*.xcf=01;35:*.xwd=01;35:*.yuv=01;35:*.cgm=01;35:*.emf=01;35:*.ogv=01;35:*.ogx=01;35:*.aac=00;36:*.au=00;36:*.flac=00;36:*.m4a=00;36:*.mid=00;36:*.midi=00;36:*.mka=00;36:*.mp3=00;36:*.mpc=00;36:*.ogg=00;36:*.ra=00;36:*.wav=00;36:*.oga=00;36:*.opus=00;36:*.spx=00;36:*.xspf=00;36:'), ('GNOME_TERMINAL_SERVICE', ':1.103'), ('SSH_AGENT_LAUNCHER', 'gnome-keyring'), ('SSH_AUTH_SOCK', '/run/user/1000/keyring/ssh'), ('AMENT_PREFIX_PATH', '/home/ros2/tower_ws/install/nav_launch:/home/ros2/tower_ws/install/nav_radar:/home/ros2/tower_ws/install/nav_camera:/home/ros2/tower_ws/install/nav_messages:/home/ros2/ros2_ws/install/zed_ros2:/home/ros2/ros2_ws/install/zed_wrapper:/home/ros2/ros2_ws/install/zed_components:/home/ros2/Downloads/final-ai/install/py_fakedata:/home/ros2/Downloads/final-ai/install/py_detectionmessage:/home/ros2/Downloads/final-ai/install/py_aiproc:/home/ros2/Downloads/final-ai/install/detectionmessage:/home/ros2/Downloads/ros2cs/install:/opt/ros/humble'), ('SHELL', '/bin/bash'), ('LC_NAME', 'lv_LV.UTF-8'), ('QT_ACCESSIBILITY', '1'), ('GDMSESSION', 'ubuntu'), ('LESSCLOSE', '/usr/bin/lesspipe %s %s'), ('LC_MEASUREMENT', 'lv_LV.UTF-8'), ('GPG_AGENT_INFO', '/run/user/1000/gnupg/S.gpg-agent:0:1'), ('LC_IDENTIFICATION', 'lv_LV.UTF-8'), ('QT_IM_MODULE', 'ibus'), ('PWD', '/home/ros2/tower_ws/build/nav_launch'), ('XDG_CONFIG_DIRS', '/etc/xdg/xdg-ubuntu:/etc/xdg'), ('XDG_DATA_DIRS', '/usr/share/ubuntu:/usr/share/gnome:/usr/local/share/:/usr/share/:/var/lib/snapd/desktop'), ('PYTHONPATH', '/home/ros2/tower_ws/install/nav_messages/local/lib/python3.10/dist-packages:/home/ros2/Downloads/final-ai/install/py_fakedata/lib/python3.10/site-packages:/home/ros2/Downloads/final-ai/install/py_detectionmessage/lib/python3.10/site-packages:/home/ros2/Downloads/final-ai/install/py_aiproc/lib/python3.10/site-packages:/home/ros2/Downloads/final-ai/install/detectionmessage/local/lib/python3.10/dist-packages:/home/ros2/Downloads/ros2cs/install/lib/python3.10/site-packages:/home/ros2/Downloads/ros2cs/install/local/lib/python3.10/dist-packages:/opt/ros/humble/lib/python3.10/site-packages:/opt/ros/humble/local/lib/python3.10/dist-packages'), ('LC_NUMERIC', 'lv_LV.UTF-8'), ('LC_PAPER', 'lv_LV.UTF-8'), ('COLCON', '1'), ('VTE_VERSION', '6800'), ('CMAKE_PREFIX_PATH', '/home/ros2/tower_ws/install/nav_radar:/home/ros2/tower_ws/install/nav_camera:/home/ros2/tower_ws/install/nav_messages:/home/ros2/tower_ws/install/nav_launch:/home/ros2/ros2_ws/install/zed_ros2:/home/ros2/ros2_ws/install/zed_wrapper:/home/ros2/ros2_ws/install/zed_components:/home/ros2/Downloads/final-ai/install/detectionmessage:/home/ros2/Downloads/ros2cs/install:/home/ros2/Downloads/final-ai/install/py_fakedata:/home/ros2/Downloads/final-ai/install/py_detectionmessage:/home/ros2/Downloads/final-ai/install/py_aiproc:/opt/ros/humble')]), 'shell': False}
[1.601642] (-) TimerEvent: {}
[1.618410] (nav_launch) CommandEnded: {'returncode': 0}
[1.619011] (nav_launch) JobProgress: {'identifier': 'nav_launch', 'progress': 'install'}
[1.619182] (nav_launch) Command: {'cmd': ['/usr/bin/cmake', '--install', '/home/ros2/tower_ws/build/nav_launch'], 'cwd': '/home/ros2/tower_ws/build/nav_launch', 'env': OrderedDict([('LESSOPEN', '| /usr/bin/lesspipe %s'), ('USER', 'ros2'), ('LC_TIME', 'lv_LV.UTF-8'), ('XDG_SESSION_TYPE', 'x11'), ('SHLVL', '1'), ('LD_LIBRARY_PATH', '/home/ros2/tower_ws/install/nav_messages/lib:/home/ros2/ros2_ws/install/zed_components/lib:/home/ros2/Downloads/final-ai/install/detectionmessage/lib:/home/ros2/Downloads/ros2cs/install/lib:/opt/ros/humble/opt/rviz_ogre_vendor/lib:/opt/ros/humble/lib/x86_64-linux-gnu:/opt/ros/humble/lib'), ('HOME', '/home/ros2'), ('OLDPWD', '/home/ros2/tower_ws/src'), ('DESKTOP_SESSION', 'ubuntu'), ('ROS_PYTHON_VERSION', '3'), ('GNOME_SHELL_SESSION_MODE', 'ubuntu'), ('GTK_MODULES', 'gail:atk-bridge'), ('LC_MONETARY', 'lv_LV.UTF-8'), ('SYSTEMD_EXEC_PID', '2112'), ('DBUS_SESSION_BUS_ADDRESS', 'unix:path=/run/user/1000/bus'), ('COLORTERM', 'truecolor'), ('COLCON_PREFIX_PATH', '/home/ros2/tower_ws/install:/home/ros2/ros2_ws/install:/home/ros2/Downloads/final-ai/install:/home/ros2/Downloads/ros2cs/install'), ('ROS_DISTRO', 'humble'), ('GTK_IM_MODULE', 'ibus'), ('LOGNAME', 'ros2'), ('_', '/usr/bin/colcon'), ('ROS_VERSION', '2'), ('XDG_SESSION_CLASS', 'user'), ('USERNAME', 'ros2'), ('TERM', 'xterm-256color'), ('GNOME_DESKTOP_SESSION_ID', 'this-is-deprecated'), ('ROS_LOCALHOST_ONLY', '0'), ('WINDOWPATH', '2'), ('PATH', '/opt/ros/humble/bin:/home/ros2/.local/bin:/usr/local/sbin:/usr/local/bin:/usr/sbin:/usr/bin:/sbin:/bin:/usr/games:/usr/local/games:/snap/bin:/snap/bin:/home/ros2/.dotnet/tools'), ('SESSION_MANAGER', 'local/ros2:@/tmp/.ICE-unix/1944,unix/ros2:/tmp/.ICE-unix/1944'), ('XDG_MENU_PREFIX', 'gnome-'), ('LC_ADDRESS', 'lv_LV.UTF-8'), ('GNOME_TERMINAL_SCREEN', '/org/gnome/Terminal/screen/52a08a4d_bf9a_4dd1_a4c1_fcd2684cb791'), ('XDG_RUNTIME_DIR', '/run/user/1000'), ('DISPLAY', ':1'), ('LANG', 'en_US.UTF-8'), ('XDG_CURRENT_DESKTOP', 'ubuntu:GNOME'), ('DOTNET_BUNDLE_EXTRACT_BASE_DIR', '/home/ros2/.cache/dotnet_bundle_extract'), ('LC_TELEPHONE', 'lv_LV.UTF-8'), ('XMODIFIERS', '@im=ibus'), ('XDG_SESSION_DESKTOP', 'ubuntu'), ('XAUTHORITY', '/run/user/1000/gdm/Xauthority'), ('LS_COLORS', 'rs=0:di=01;34:ln=01;36:mh=00:pi=40;33:so=01;35:do=01;35:bd=40;33;01:cd=40;33;01:or=40;31;01:mi=00:su=37;41:sg=30;43:ca=30;41:tw=30;42:ow=34;42:st=37;44:ex=01;32:*.tar=01;31:*.tgz=01;31:*.arc=01;31:*.arj=01;31:*.taz=01;31:*.lha=01;31:*.lz4=01;31:*.lzh=01;31:*.lzma=01;31:*.tlz=01;31:*.txz=01;31:*.tzo=01;31:*.t7z=01;31:*.zip=01;31:*.z=01;31:*.dz=01;31:*.gz=01;31:*.lrz=01;31:*.lz=01;31:*.lzo=01;31:*.xz=01;31:*.zst=01;31:*.tzst=01;31:*.bz2=01;31:*.bz=01;31:*.tbz=01;31:*.tbz2=01;31:*.tz=01;31:*.deb=01;31:*.rpm=01;31:*.jar=01;31:*.war=01;31:*.ear=01;31:*.sar=01;31:*.rar=01;31:*.alz=01;31:*.ace=01;31:*.zoo=01;31:*.cpio=01;31:*.7z=01;31:*.rz=01;31:*.cab=01;31:*.wim=01;31:*.swm=01;31:*.dwm=01;31:*.esd=01;31:*.jpg=01;35:*.jpeg=01;35:*.mjpg=01;35:*.mjpeg=01;35:*.gif=01;35:*.bmp=01;35:*.pbm=01;35:*.pgm=01;35:*.ppm=01;35:*.tga=01;35:*.xbm=01;35:*.xpm=01;35:*.tif=01;35:*.tiff=01;35:*.png=01;35:*.svg=01;35:*.svgz=01;35:*.mng=01;35:*.pcx=01;35:*.mov=01;35:*.mpg=01;35:*.mpeg=01;35:*.m2v=01;35:*.mkv=01;35:*.webm=01;35:*.webp=01;35:*.ogm=01;35:*.mp4=01;35:*.m4v=01;35:*.mp4v=01;35:*.vob=01;35:*.qt=01;35:*.nuv=01;35:*.wmv=01;35:*.asf=01;35:*.rm=01;35:*.rmvb=01;35:*.flc=01;35:*.avi=01;35:*.fli=01;35:*.flv=01;35:*.gl=01;35:*.dl=01;35:*.xcf=01;35:*.xwd=01;35:*.yuv=01;35:*.cgm=01;35:*.emf=01;35:*.ogv=01;35:*.ogx=01;35:*.aac=00;36:*.au=00;36:*.flac=00;36:*.m4a=00;36:*.mid=00;36:*.midi=00;36:*.mka=00;36:*.mp3=00;36:*.mpc=00;36:*.ogg=00;36:*.ra=00;36:*.wav=00;36:*.oga=00;36:*.opus=00;36:*.spx=00;36:*.xspf=00;36:'), ('GNOME_TERMINAL_SERVICE', ':1.103'), ('SSH_AGENT_LAUNCHER', 'gnome-keyring'), ('SSH_AUTH_SOCK', '/run/user/1000/keyring/ssh'), ('AMENT_PREFIX_PATH', '/home/ros2/tower_ws/install/nav_launch:/home/ros2/tower_ws/install/nav_radar:/home/ros2/tower_ws/install/nav_camera:/home/ros2/tower_ws/install/nav_messages:/home/ros2/ros2_ws/install/zed_ros2:/home/ros2/ros2_ws/install/zed_wrapper:/home/ros2/ros2_ws/install/zed_components:/home/ros2/Downloads/final-ai/install/py_fakedata:/home/ros2/Downloads/final-ai/install/py_detectionmessage:/home/ros2/Downloads/final-ai/install/py_aiproc:/home/ros2/Downloads/final-ai/install/detectionmessage:/home/ros2/Downloads/ros2cs/install:/opt/ros/humble'), ('SHELL', '/bin/bash'), ('LC_NAME', 'lv_LV.UTF-8'), ('QT_ACCESSIBILITY', '1'), ('GDMSESSION', 'ubuntu'), ('LESSCLOSE', '/usr/bin/lesspipe %s %s'), ('LC_MEASUREMENT', 'lv_LV.UTF-8'), ('GPG_AGENT_INFO', '/run/user/1000/gnupg/S.gpg-agent:0:1'), ('LC_IDENTIFICATION', 'lv_LV.UTF-8'), ('QT_IM_MODULE', 'ibus'), ('PWD', '/home/ros2/tower_ws/build/nav_launch'), ('XDG_CONFIG_DIRS', '/etc/xdg/xdg-ubuntu:/etc/xdg'), ('XDG_DATA_DIRS', '/usr/share/ubuntu:/usr/share/gnome:/usr/local/share/:/usr/share/:/var/lib/snapd/desktop'), ('PYTHONPATH', '/home/ros2/tower_ws/install/nav_messages/local/lib/python3.10/dist-packages:/home/ros2/Downloads/final-ai/install/py_fakedata/lib/python3.10/site-packages:/home/ros2/Downloads/final-ai/install/py_detectionmessage/lib/python3.10/site-packages:/home/ros2/Downloads/final-ai/install/py_aiproc/lib/python3.10/site-packages:/home/ros2/Downloads/final-ai/install/detectionmessage/local/lib/python3.10/dist-packages:/home/ros2/Downloads/ros2cs/install/lib/python3.10/site-packages:/home/ros2/Downloads/ros2cs/install/local/lib/python3.10/dist-packages:/opt/ros/humble/lib/python3.10/site-packages:/opt/ros/humble/local/lib/python3.10/dist-packages'), ('LC_NUMERIC', 'lv_LV.UTF-8'), ('LC_PAPER', 'lv_LV.UTF-8'), ('COLCON', '1'), ('VTE_VERSION', '6800'), ('CMAKE_PREFIX_PATH', '/home/ros2/tower_ws/install/nav_radar:/home/ros2/tower_ws/install/nav_camera:/home/ros2/tower_ws/install/nav_messages:/home/ros2/tower_ws/install/nav_launch:/home/ros2/ros2_ws/install/zed_ros2:/home/ros2/ros2_ws/install/zed_wrapper:/home/ros2/ros2_ws/install/zed_components:/home/ros2/Downloads/final-ai/install/detectionmessage:/home/ros2/Downloads/ros2cs/install:/home/ros2/Downloads/final-ai/install/py_fakedata:/home/ros2/Downloads/final-ai/install/py_detectionmessage:/home/ros2/Downloads/final-ai/install/py_aiproc:/opt/ros/humble')]), 'shell': False}
[1.624517] (nav_launch) StdoutLine: {'line': b'-- Install configuration: ""\n'}
[1.624738] (nav_launch) StdoutLine: {'line': b'-- Up-to-date: /home/ros2/tower_ws/install/nav_launch/share/nav_launch/launch\n'}
[1.624806] (nav_launch) StdoutLine: {'line': b'-- Up-to-date: /home/ros2/tower_ws/install/nav_launch/share/nav_launch/launch/launch_cfar_point_cloud_publisher.launch.py\n'}
[1.624857] (nav_launch) StdoutLine: {'line': b'-- Up-to-date: /home/ros2/tower_ws/install/nav_launch/share/nav_launch/launch/launch_everything.py\n'}
[1.624904] (nav_launch) StdoutLine: {'line': b'-- Up-to-date: /home/ros2/tower_ws/install/nav_launch/share/nav_launch/launch/launch_colossus_and_camera_publisher.launch.py\n'}
[1.624953] (nav_launch) StdoutLine: {'line': b'-- Up-to-date: /home/ros2/tower_ws/install/nav_launch/share/nav_launch/launch/os1-991911000046-metadata.json\n'}
[1.625002] (nav_launch) StdoutLine: {'line': b'-- Up-to-date: /home/ros2/tower_ws/install/nav_launch/share/nav_launch/launch/launch_colossus_publisher.launch.py\n'}
[1.625052] (nav_launch) StdoutLine: {'line': b'-- Up-to-date: /home/ros2/tower_ws/install/nav_launch/share/nav_launch/launch/boat_tower_x.urdf\n'}
[1.625101] (nav_launch) StdoutLine: {'line': b'-- Up-to-date: /home/ros2/tower_ws/install/nav_launch/share/nav_launch/launch/launch_colossus_subscriber_laser_scan_publisher.launch.py\n'}
[1.625150] (nav_launch) StdoutLine: {'line': b'-- Up-to-date: /home/ros2/tower_ws/install/nav_launch/share/nav_launch/launch/launch_b_scan_publisher.launch.py\n'}
[1.625200] (nav_launch) StdoutLine: {'line': b'-- Up-to-date: /home/ros2/tower_ws/install/nav_launch/share/nav_launch/launch/launch_laser_scan_publisher.launch.py\n'}
[1.625250] (nav_launch) StdoutLine: {'line': b'-- Up-to-date: /home/ros2/tower_ws/install/nav_launch/share/nav_launch/launch/launch_colossus_subscriber_point_cloud_publisher.launch.py\n'}
[1.625299] (nav_launch) StdoutLine: {'line': b'-- Up-to-date: /home/ros2/tower_ws/install/nav_launch/share/nav_launch/launch/launch_navigation_mode_point_cloud_publisher.launch.py\n'}
[1.625347] (nav_launch) StdoutLine: {'line': b'-- Up-to-date: /home/ros2/tower_ws/install/nav_launch/share/nav_launch/launch/launch_point_cloud_publisher.launch.py\n'}
[1.625394] (nav_launch) StdoutLine: {'line': b'-- Up-to-date: /home/ros2/tower_ws/install/nav_launch/share/nav_launch/launch/launch_native_point_cloud_publisher.launch.py\n'}
[1.625439] (nav_launch) StdoutLine: {'line': b'-- Up-to-date: /home/ros2/tower_ws/install/nav_launch/share/nav_launch/launch/__pycache__\n'}
[1.625523] (nav_launch) StdoutLine: {'line': b'-- Installing: /home/ros2/tower_ws/install/nav_launch/share/nav_launch/launch/__pycache__/launch_point_cloud_publisher.launch.cpython-310.pyc\n'}
[1.625635] (nav_launch) StdoutLine: {'line': b'-- Up-to-date: /home/ros2/tower_ws/install/nav_launch/share/nav_launch/launch/__pycache__/launch_point_cloud_publisher.launch.cpython-38.pyc\n'}
[1.625678] (nav_launch) StdoutLine: {'line': b'-- Up-to-date: /home/ros2/tower_ws/install/nav_launch/share/nav_launch/launch/launch_camera_publisher.launch.py\n'}
[1.625714] (nav_launch) StdoutLine: {'line': b'-- Up-to-date: /home/ros2/tower_ws/install/nav_launch/share/ament_index/resource_index/package_run_dependencies/nav_launch\n'}
[1.625752] (nav_launch) StdoutLine: {'line': b'-- Up-to-date: /home/ros2/tower_ws/install/nav_launch/share/ament_index/resource_index/parent_prefix_path/nav_launch\n'}
[1.625787] (nav_launch) StdoutLine: {'line': b'-- Up-to-date: /home/ros2/tower_ws/install/nav_launch/share/nav_launch/environment/ament_prefix_path.sh\n'}
[1.625823] (nav_launch) StdoutLine: {'line': b'-- Up-to-date: /home/ros2/tower_ws/install/nav_launch/share/nav_launch/environment/ament_prefix_path.dsv\n'}
[1.625861] (nav_launch) StdoutLine: {'line': b'-- Up-to-date: /home/ros2/tower_ws/install/nav_launch/share/nav_launch/environment/path.sh\n'}
[1.625900] (nav_launch) StdoutLine: {'line': b'-- Up-to-date: /home/ros2/tower_ws/install/nav_launch/share/nav_launch/environment/path.dsv\n'}
[1.625937] (nav_launch) StdoutLine: {'line': b'-- Up-to-date: /home/ros2/tower_ws/install/nav_launch/share/nav_launch/local_setup.bash\n'}
[1.625974] (nav_launch) StdoutLine: {'line': b'-- Up-to-date: /home/ros2/tower_ws/install/nav_launch/share/nav_launch/local_setup.sh\n'}
[1.626010] (nav_launch) StdoutLine: {'line': b'-- Up-to-date: /home/ros2/tower_ws/install/nav_launch/share/nav_launch/local_setup.zsh\n'}
[1.626046] (nav_launch) StdoutLine: {'line': b'-- Up-to-date: /home/ros2/tower_ws/install/nav_launch/share/nav_launch/local_setup.dsv\n'}
[1.626081] (nav_launch) StdoutLine: {'line': b'-- Up-to-date: /home/ros2/tower_ws/install/nav_launch/share/nav_launch/package.dsv\n'}
[1.626117] (nav_launch) StdoutLine: {'line': b'-- Up-to-date: /home/ros2/tower_ws/install/nav_launch/share/ament_index/resource_index/packages/nav_launch\n'}
[1.626154] (nav_launch) StdoutLine: {'line': b'-- Up-to-date: /home/ros2/tower_ws/install/nav_launch/share/nav_launch/cmake/nav_launchConfig.cmake\n'}
[1.626192] (nav_launch) StdoutLine: {'line': b'-- Up-to-date: /home/ros2/tower_ws/install/nav_launch/share/nav_launch/cmake/nav_launchConfig-version.cmake\n'}
[1.626230] (nav_launch) StdoutLine: {'line': b'-- Up-to-date: /home/ros2/tower_ws/install/nav_launch/share/nav_launch/package.xml\n'}
[1.626803] (nav_launch) CommandEnded: {'returncode': 0}
[1.634098] (nav_launch) JobEnded: {'identifier': 'nav_launch', 'rc': 0}
[1.701743] (-) TimerEvent: {}
[1.802026] (-) TimerEvent: {}
[1.902333] (-) TimerEvent: {}
[2.002626] (-) TimerEvent: {}
[2.102939] (-) TimerEvent: {}
[2.203250] (-) TimerEvent: {}
[2.303555] (-) TimerEvent: {}
[2.403839] (-) TimerEvent: {}
[2.504134] (-) TimerEvent: {}
[2.604427] (-) TimerEvent: {}
[2.704727] (-) TimerEvent: {}
[2.805021] (-) TimerEvent: {}
[2.905320] (-) TimerEvent: {}
[3.005618] (-) TimerEvent: {}
[3.105916] (-) TimerEvent: {}
[3.206216] (-) TimerEvent: {}
[3.306523] (-) TimerEvent: {}
[3.406808] (-) TimerEvent: {}
[3.507101] (-) TimerEvent: {}
[3.607400] (-) TimerEvent: {}
[3.707728] (-) TimerEvent: {}
[3.808300] (-) TimerEvent: {}
[3.908567] (-) TimerEvent: {}
[4.008873] (-) TimerEvent: {}
[4.109191] (-) TimerEvent: {}
[4.209509] (-) TimerEvent: {}
[4.309820] (-) TimerEvent: {}
[4.410124] (-) TimerEvent: {}
[4.510484] (-) TimerEvent: {}
[4.610794] (-) TimerEvent: {}
[4.711100] (-) TimerEvent: {}
[4.811398] (-) TimerEvent: {}
[4.911704] (-) TimerEvent: {}
[5.012005] (-) TimerEvent: {}
[5.112410] (-) TimerEvent: {}
[5.212712] (-) TimerEvent: {}
[5.313009] (-) TimerEvent: {}
[5.413306] (-) TimerEvent: {}
[5.513591] (-) TimerEvent: {}
[5.614000] (-) TimerEvent: {}
[5.714346] (-) TimerEvent: {}
[5.814691] (-) TimerEvent: {}
[5.915073] (-) TimerEvent: {}
[6.015443] (-) TimerEvent: {}
[6.115780] (-) TimerEvent: {}
[6.216130] (-) TimerEvent: {}
[6.316403] (-) TimerEvent: {}
[6.416725] (-) TimerEvent: {}
[6.517086] (-) TimerEvent: {}
[6.617390] (-) TimerEvent: {}
[6.717719] (-) TimerEvent: {}
[6.818041] (-) TimerEvent: {}
[6.918353] (-) TimerEvent: {}
[7.018674] (-) TimerEvent: {}
[7.119038] (-) TimerEvent: {}
[7.219353] (-) TimerEvent: {}
[7.319639] (-) TimerEvent: {}
[7.419943] (-) TimerEvent: {}
[7.520210] (-) TimerEvent: {}
[7.620573] (-) TimerEvent: {}
[7.720860] (-) TimerEvent: {}
[7.821130] (-) TimerEvent: {}
[7.921476] (-) TimerEvent: {}
[8.021869] (-) TimerEvent: {}
[8.122189] (-) TimerEvent: {}
[8.222522] (-) TimerEvent: {}
[8.322870] (-) TimerEvent: {}
[8.423198] (-) TimerEvent: {}
[8.523452] (-) TimerEvent: {}
[8.623771] (-) TimerEvent: {}
[8.724012] (-) TimerEvent: {}
[8.824284] (-) TimerEvent: {}
[8.924573] (-) TimerEvent: {}
[9.024900] (-) TimerEvent: {}
[9.125146] (-) TimerEvent: {}
[9.225452] (-) TimerEvent: {}
[9.325780] (-) TimerEvent: {}
[9.426082] (-) TimerEvent: {}
[9.526331] (-) TimerEvent: {}
[9.626638] (-) TimerEvent: {}
[9.726883] (-) TimerEvent: {}
[9.827187] (-) TimerEvent: {}
[9.927422] (-) TimerEvent: {}
[10.027626] (-) TimerEvent: {}
[10.127843] (-) TimerEvent: {}
[10.228140] (-) TimerEvent: {}
[10.328442] (-) TimerEvent: {}
[10.428746] (-) TimerEvent: {}
[10.528986] (-) TimerEvent: {}
[10.629285] (-) TimerEvent: {}
[10.729598] (-) TimerEvent: {}
[10.829816] (-) TimerEvent: {}
[10.930116] (-) TimerEvent: {}
[11.030426] (-) TimerEvent: {}
[11.130745] (-) TimerEvent: {}
[11.231054] (-) TimerEvent: {}
[11.331294] (-) TimerEvent: {}
[11.431591] (-) TimerEvent: {}
[11.531888] (-) TimerEvent: {}
[11.632188] (-) TimerEvent: {}
[11.732491] (-) TimerEvent: {}
[11.832795] (-) TimerEvent: {}
[11.933098] (-) TimerEvent: {}
[12.033387] (-) TimerEvent: {}
[12.133701] (-) TimerEvent: {}
[12.234005] (-) TimerEvent: {}
[12.334301] (-) TimerEvent: {}
[12.434601] (-) TimerEvent: {}
[12.534895] (-) TimerEvent: {}
[12.635194] (-) TimerEvent: {}
[12.735502] (-) TimerEvent: {}
[12.835797] (-) TimerEvent: {}
[12.936096] (-) TimerEvent: {}
[13.036392] (-) TimerEvent: {}
[13.136734] (-) TimerEvent: {}
[13.229271] (zed_components) StdoutLine: {'line': b'[ 94%] \x1b[32m\x1b[1mLinking CXX shared library libzed_camera_one_component.so\x1b[0m\n'}
[13.236919] (-) TimerEvent: {}
[13.337186] (-) TimerEvent: {}
[13.437570] (-) TimerEvent: {}
[13.497062] (zed_components) StdoutLine: {'line': b'[ 94%] Built target zed_camera_one_component\n'}
[13.537742] (-) TimerEvent: {}
[13.637986] (-) TimerEvent: {}
[13.738279] (-) TimerEvent: {}
[13.838590] (-) TimerEvent: {}
[13.938891] (-) TimerEvent: {}
[14.039200] (-) TimerEvent: {}
[14.139512] (-) TimerEvent: {}
[14.239824] (-) TimerEvent: {}
[14.340123] (-) TimerEvent: {}
[14.440364] (-) TimerEvent: {}
[14.540681] (-) TimerEvent: {}
[14.640901] (-) TimerEvent: {}
[14.741232] (-) TimerEvent: {}
[14.841542] (-) TimerEvent: {}
[14.941858] (-) TimerEvent: {}
[15.042103] (-) TimerEvent: {}
[15.142414] (-) TimerEvent: {}
[15.242638] (-) TimerEvent: {}
[15.342947] (-) TimerEvent: {}
[15.443197] (-) TimerEvent: {}
[15.543509] (-) TimerEvent: {}
[15.643822] (-) TimerEvent: {}
[15.744118] (-) TimerEvent: {}
[15.844356] (-) TimerEvent: {}
[15.944642] (-) TimerEvent: {}
[16.044940] (-) TimerEvent: {}
[16.145234] (-) TimerEvent: {}
[16.245538] (-) TimerEvent: {}
[16.345749] (-) TimerEvent: {}
[16.446038] (-) TimerEvent: {}
[16.546331] (-) TimerEvent: {}
[16.646632] (-) TimerEvent: {}
[16.746841] (-) TimerEvent: {}
[16.847133] (-) TimerEvent: {}
[16.947429] (-) TimerEvent: {}
[17.047732] (-) TimerEvent: {}
[17.147970] (-) TimerEvent: {}
[17.248257] (-) TimerEvent: {}
[17.348559] (-) TimerEvent: {}
[17.448866] (-) TimerEvent: {}
[17.549175] (-) TimerEvent: {}
[17.649484] (-) TimerEvent: {}
[17.749798] (-) TimerEvent: {}
[17.850104] (-) TimerEvent: {}
[17.950415] (-) TimerEvent: {}
[18.050736] (-) TimerEvent: {}
[18.151029] (-) TimerEvent: {}
[18.251322] (-) TimerEvent: {}
[18.351619] (-) TimerEvent: {}
[18.451919] (-) TimerEvent: {}
[18.552210] (-) TimerEvent: {}
[18.652509] (-) TimerEvent: {}
[18.752803] (-) TimerEvent: {}
[18.853099] (-) TimerEvent: {}
[18.953391] (-) TimerEvent: {}
[19.053688] (-) TimerEvent: {}
[19.153983] (-) TimerEvent: {}
[19.254276] (-) TimerEvent: {}
[19.354576] (-) TimerEvent: {}
[19.454872] (-) TimerEvent: {}
[19.555168] (-) TimerEvent: {}
[19.655468] (-) TimerEvent: {}
[19.755775] (-) TimerEvent: {}
[19.856068] (-) TimerEvent: {}
[19.956302] (-) TimerEvent: {}
[20.056596] (-) TimerEvent: {}
[20.156900] (-) TimerEvent: {}
[20.257194] (-) TimerEvent: {}
[20.357450] (-) TimerEvent: {}
[20.457688] (-) TimerEvent: {}
[20.558019] (-) TimerEvent: {}
[20.658323] (-) TimerEvent: {}
[20.758615] (-) TimerEvent: {}
[20.858857] (-) TimerEvent: {}
[20.959081] (-) TimerEvent: {}
[21.059368] (-) TimerEvent: {}
[21.159640] (-) TimerEvent: {}
[21.259951] (-) TimerEvent: {}
[21.360198] (-) TimerEvent: {}
[21.460499] (-) TimerEvent: {}
[21.560712] (-) TimerEvent: {}
[21.661011] (-) TimerEvent: {}
[21.761249] (-) TimerEvent: {}
[21.861548] (-) TimerEvent: {}
[21.961761] (-) TimerEvent: {}
[22.062060] (-) TimerEvent: {}
[22.162305] (-) TimerEvent: {}
[22.262602] (-) TimerEvent: {}
[22.362813] (-) TimerEvent: {}
[22.463103] (-) TimerEvent: {}
[22.563400] (-) TimerEvent: {}
[22.663711] (-) TimerEvent: {}
[22.764018] (-) TimerEvent: {}
[22.864319] (-) TimerEvent: {}
[22.964567] (-) TimerEvent: {}
[23.064855] (-) TimerEvent: {}
[23.165170] (-) TimerEvent: {}
[23.265474] (-) TimerEvent: {}
[23.365772] (-) TimerEvent: {}
[23.466062] (-) TimerEvent: {}
[23.566354] (-) TimerEvent: {}
[23.666664] (-) TimerEvent: {}
[23.766959] (-) TimerEvent: {}
[23.867248] (-) TimerEvent: {}
[23.967548] (-) TimerEvent: {}
[24.067848] (-) TimerEvent: {}
[24.168146] (-) TimerEvent: {}
[24.268443] (-) TimerEvent: {}
[24.368745] (-) TimerEvent: {}
[24.469040] (-) TimerEvent: {}
[24.569335] (-) TimerEvent: {}
[24.669631] (-) TimerEvent: {}
[24.769940] (-) TimerEvent: {}
[24.870236] (-) TimerEvent: {}
[24.970534] (-) TimerEvent: {}
[25.070829] (-) TimerEvent: {}
[25.171119] (-) TimerEvent: {}
[25.271422] (-) TimerEvent: {}
[25.371723] (-) TimerEvent: {}
[25.472020] (-) TimerEvent: {}
[25.572307] (-) TimerEvent: {}
[25.672603] (-) TimerEvent: {}
[25.772909] (-) TimerEvent: {}
[25.873208] (-) TimerEvent: {}
[25.973507] (-) TimerEvent: {}
[26.073814] (-) TimerEvent: {}
[26.174127] (-) TimerEvent: {}
[26.274448] (-) TimerEvent: {}
[26.374775] (-) TimerEvent: {}
[26.474991] (-) TimerEvent: {}
[26.575231] (-) TimerEvent: {}
[26.675534] (-) TimerEvent: {}
[26.775748] (-) TimerEvent: {}
[26.875987] (-) TimerEvent: {}
[26.976226] (-) TimerEvent: {}
[27.076527] (-) TimerEvent: {}
[27.176822] (-) TimerEvent: {}
[27.277125] (-) TimerEvent: {}
[27.377445] (-) TimerEvent: {}
[27.477769] (-) TimerEvent: {}
[27.578074] (-) TimerEvent: {}
[27.678366] (-) TimerEvent: {}
[27.778669] (-) TimerEvent: {}
[27.878978] (-) TimerEvent: {}
[27.979276] (-) TimerEvent: {}
[28.079573] (-) TimerEvent: {}
[28.179789] (-) TimerEvent: {}
[28.280020] (-) TimerEvent: {}
[28.380255] (-) TimerEvent: {}
[28.480560] (-) TimerEvent: {}
[28.580853] (-) TimerEvent: {}
[28.681092] (-) TimerEvent: {}
[28.781394] (-) TimerEvent: {}
[28.881706] (-) TimerEvent: {}
[28.981953] (-) TimerEvent: {}
[29.082196] (-) TimerEvent: {}
[29.182499] (-) TimerEvent: {}
[29.282801] (-) TimerEvent: {}
[29.383100] (-) TimerEvent: {}
[29.483397] (-) TimerEvent: {}
[29.583706] (-) TimerEvent: {}
[29.684005] (-) TimerEvent: {}
[29.784309] (-) TimerEvent: {}
[29.884616] (-) TimerEvent: {}
[29.984928] (-) TimerEvent: {}
[30.085223] (-) TimerEvent: {}
[30.185528] (-) TimerEvent: {}
[30.285836] (-) TimerEvent: {}
[30.386132] (-) TimerEvent: {}
[30.486435] (-) TimerEvent: {}
[30.586759] (-) TimerEvent: {}
[30.687056] (-) TimerEvent: {}
[30.787356] (-) TimerEvent: {}
[30.887678] (-) TimerEvent: {}
[30.987984] (-) TimerEvent: {}
[31.088283] (-) TimerEvent: {}
[31.188585] (-) TimerEvent: {}
[31.288884] (-) TimerEvent: {}
[31.389182] (-) TimerEvent: {}
[31.489473] (-) TimerEvent: {}
[31.589787] (-) TimerEvent: {}
[31.690084] (-) TimerEvent: {}
[31.790384] (-) TimerEvent: {}
[31.890631] (-) TimerEvent: {}
[31.990933] (-) TimerEvent: {}
[32.091183] (-) TimerEvent: {}
[32.191434] (-) TimerEvent: {}
[32.291648] (-) TimerEvent: {}
[32.391886] (-) TimerEvent: {}
[32.492135] (-) TimerEvent: {}
[32.592366] (-) TimerEvent: {}
[32.692648] (-) TimerEvent: {}
[32.792865] (-) TimerEvent: {}
[32.893114] (-) TimerEvent: {}
[32.993357] (-) TimerEvent: {}
[33.093666] (-) TimerEvent: {}
[33.193977] (-) TimerEvent: {}
[33.294214] (-) TimerEvent: {}
[33.394506] (-) TimerEvent: {}
[33.494798] (-) TimerEvent: {}
[33.595118] (-) TimerEvent: {}
[33.695377] (-) TimerEvent: {}
[33.795689] (-) TimerEvent: {}
[33.895989] (-) TimerEvent: {}
[33.996229] (-) TimerEvent: {}
[34.096547] (-) TimerEvent: {}
[34.120248] (zed_components) StdoutLine: {'line': b'[100%] \x1b[32m\x1b[1mLinking CXX shared library libzed_camera_component.so\x1b[0m\n'}
[34.196740] (-) TimerEvent: {}
[34.297042] (-) TimerEvent: {}
[34.397386] (-) TimerEvent: {}
[34.465976] (zed_components) StdoutLine: {'line': b'[100%] Built target zed_camera_component\n'}
[34.476220] (zed_components) CommandEnded: {'returncode': 0}
[34.477179] (zed_components) JobProgress: {'identifier': 'zed_components', 'progress': 'install'}
[34.478962] (zed_components) Command: {'cmd': ['/usr/bin/cmake', '--install', '/home/ros2/tower_ws/build/zed_components'], 'cwd': '/home/ros2/tower_ws/build/zed_components', 'env': OrderedDict([('LESSOPEN', '| /usr/bin/lesspipe %s'), ('USER', 'ros2'), ('LC_TIME', 'lv_LV.UTF-8'), ('XDG_SESSION_TYPE', 'x11'), ('SHLVL', '1'), ('LD_LIBRARY_PATH', '/home/ros2/tower_ws/install/nav_messages/lib:/home/ros2/ros2_ws/install/zed_components/lib:/home/ros2/Downloads/final-ai/install/detectionmessage/lib:/home/ros2/Downloads/ros2cs/install/lib:/opt/ros/humble/opt/rviz_ogre_vendor/lib:/opt/ros/humble/lib/x86_64-linux-gnu:/opt/ros/humble/lib'), ('HOME', '/home/ros2'), ('OLDPWD', '/home/ros2/tower_ws/src'), ('DESKTOP_SESSION', 'ubuntu'), ('ROS_PYTHON_VERSION', '3'), ('GNOME_SHELL_SESSION_MODE', 'ubuntu'), ('GTK_MODULES', 'gail:atk-bridge'), ('LC_MONETARY', 'lv_LV.UTF-8'), ('SYSTEMD_EXEC_PID', '2112'), ('DBUS_SESSION_BUS_ADDRESS', 'unix:path=/run/user/1000/bus'), ('COLORTERM', 'truecolor'), ('COLCON_PREFIX_PATH', '/home/ros2/tower_ws/install:/home/ros2/ros2_ws/install:/home/ros2/Downloads/final-ai/install:/home/ros2/Downloads/ros2cs/install'), ('ROS_DISTRO', 'humble'), ('GTK_IM_MODULE', 'ibus'), ('LOGNAME', 'ros2'), ('_', '/usr/bin/colcon'), ('ROS_VERSION', '2'), ('XDG_SESSION_CLASS', 'user'), ('USERNAME', 'ros2'), ('TERM', 'xterm-256color'), ('GNOME_DESKTOP_SESSION_ID', 'this-is-deprecated'), ('ROS_LOCALHOST_ONLY', '0'), ('WINDOWPATH', '2'), ('PATH', '/opt/ros/humble/bin:/home/ros2/.local/bin:/usr/local/sbin:/usr/local/bin:/usr/sbin:/usr/bin:/sbin:/bin:/usr/games:/usr/local/games:/snap/bin:/snap/bin:/home/ros2/.dotnet/tools'), ('SESSION_MANAGER', 'local/ros2:@/tmp/.ICE-unix/1944,unix/ros2:/tmp/.ICE-unix/1944'), ('XDG_MENU_PREFIX', 'gnome-'), ('LC_ADDRESS', 'lv_LV.UTF-8'), ('GNOME_TERMINAL_SCREEN', '/org/gnome/Terminal/screen/52a08a4d_bf9a_4dd1_a4c1_fcd2684cb791'), ('XDG_RUNTIME_DIR', '/run/user/1000'), ('DISPLAY', ':1'), ('LANG', 'en_US.UTF-8'), ('XDG_CURRENT_DESKTOP', 'ubuntu:GNOME'), ('DOTNET_BUNDLE_EXTRACT_BASE_DIR', '/home/ros2/.cache/dotnet_bundle_extract'), ('LC_TELEPHONE', 'lv_LV.UTF-8'), ('XMODIFIERS', '@im=ibus'), ('XDG_SESSION_DESKTOP', 'ubuntu'), ('XAUTHORITY', '/run/user/1000/gdm/Xauthority'), ('LS_COLORS', 'rs=0:di=01;34:ln=01;36:mh=00:pi=40;33:so=01;35:do=01;35:bd=40;33;01:cd=40;33;01:or=40;31;01:mi=00:su=37;41:sg=30;43:ca=30;41:tw=30;42:ow=34;42:st=37;44:ex=01;32:*.tar=01;31:*.tgz=01;31:*.arc=01;31:*.arj=01;31:*.taz=01;31:*.lha=01;31:*.lz4=01;31:*.lzh=01;31:*.lzma=01;31:*.tlz=01;31:*.txz=01;31:*.tzo=01;31:*.t7z=01;31:*.zip=01;31:*.z=01;31:*.dz=01;31:*.gz=01;31:*.lrz=01;31:*.lz=01;31:*.lzo=01;31:*.xz=01;31:*.zst=01;31:*.tzst=01;31:*.bz2=01;31:*.bz=01;31:*.tbz=01;31:*.tbz2=01;31:*.tz=01;31:*.deb=01;31:*.rpm=01;31:*.jar=01;31:*.war=01;31:*.ear=01;31:*.sar=01;31:*.rar=01;31:*.alz=01;31:*.ace=01;31:*.zoo=01;31:*.cpio=01;31:*.7z=01;31:*.rz=01;31:*.cab=01;31:*.wim=01;31:*.swm=01;31:*.dwm=01;31:*.esd=01;31:*.jpg=01;35:*.jpeg=01;35:*.mjpg=01;35:*.mjpeg=01;35:*.gif=01;35:*.bmp=01;35:*.pbm=01;35:*.pgm=01;35:*.ppm=01;35:*.tga=01;35:*.xbm=01;35:*.xpm=01;35:*.tif=01;35:*.tiff=01;35:*.png=01;35:*.svg=01;35:*.svgz=01;35:*.mng=01;35:*.pcx=01;35:*.mov=01;35:*.mpg=01;35:*.mpeg=01;35:*.m2v=01;35:*.mkv=01;35:*.webm=01;35:*.webp=01;35:*.ogm=01;35:*.mp4=01;35:*.m4v=01;35:*.mp4v=01;35:*.vob=01;35:*.qt=01;35:*.nuv=01;35:*.wmv=01;35:*.asf=01;35:*.rm=01;35:*.rmvb=01;35:*.flc=01;35:*.avi=01;35:*.fli=01;35:*.flv=01;35:*.gl=01;35:*.dl=01;35:*.xcf=01;35:*.xwd=01;35:*.yuv=01;35:*.cgm=01;35:*.emf=01;35:*.ogv=01;35:*.ogx=01;35:*.aac=00;36:*.au=00;36:*.flac=00;36:*.m4a=00;36:*.mid=00;36:*.midi=00;36:*.mka=00;36:*.mp3=00;36:*.mpc=00;36:*.ogg=00;36:*.ra=00;36:*.wav=00;36:*.oga=00;36:*.opus=00;36:*.spx=00;36:*.xspf=00;36:'), ('GNOME_TERMINAL_SERVICE', ':1.103'), ('SSH_AGENT_LAUNCHER', 'gnome-keyring'), ('SSH_AUTH_SOCK', '/run/user/1000/keyring/ssh'), ('AMENT_PREFIX_PATH', '/home/ros2/tower_ws/install/nav_launch:/home/ros2/tower_ws/install/nav_radar:/home/ros2/tower_ws/install/nav_camera:/home/ros2/tower_ws/install/nav_messages:/home/ros2/ros2_ws/install/zed_ros2:/home/ros2/ros2_ws/install/zed_wrapper:/home/ros2/ros2_ws/install/zed_components:/home/ros2/Downloads/final-ai/install/py_fakedata:/home/ros2/Downloads/final-ai/install/py_detectionmessage:/home/ros2/Downloads/final-ai/install/py_aiproc:/home/ros2/Downloads/final-ai/install/detectionmessage:/home/ros2/Downloads/ros2cs/install:/opt/ros/humble'), ('SHELL', '/bin/bash'), ('LC_NAME', 'lv_LV.UTF-8'), ('QT_ACCESSIBILITY', '1'), ('GDMSESSION', 'ubuntu'), ('LESSCLOSE', '/usr/bin/lesspipe %s %s'), ('LC_MEASUREMENT', 'lv_LV.UTF-8'), ('GPG_AGENT_INFO', '/run/user/1000/gnupg/S.gpg-agent:0:1'), ('LC_IDENTIFICATION', 'lv_LV.UTF-8'), ('QT_IM_MODULE', 'ibus'), ('PWD', '/home/ros2/tower_ws/build/zed_components'), ('XDG_CONFIG_DIRS', '/etc/xdg/xdg-ubuntu:/etc/xdg'), ('XDG_DATA_DIRS', '/usr/share/ubuntu:/usr/share/gnome:/usr/local/share/:/usr/share/:/var/lib/snapd/desktop'), ('PYTHONPATH', '/home/ros2/tower_ws/install/nav_messages/local/lib/python3.10/dist-packages:/home/ros2/Downloads/final-ai/install/py_fakedata/lib/python3.10/site-packages:/home/ros2/Downloads/final-ai/install/py_detectionmessage/lib/python3.10/site-packages:/home/ros2/Downloads/final-ai/install/py_aiproc/lib/python3.10/site-packages:/home/ros2/Downloads/final-ai/install/detectionmessage/local/lib/python3.10/dist-packages:/home/ros2/Downloads/ros2cs/install/lib/python3.10/site-packages:/home/ros2/Downloads/ros2cs/install/local/lib/python3.10/dist-packages:/opt/ros/humble/lib/python3.10/site-packages:/opt/ros/humble/local/lib/python3.10/dist-packages'), ('LC_NUMERIC', 'lv_LV.UTF-8'), ('LC_PAPER', 'lv_LV.UTF-8'), ('COLCON', '1'), ('VTE_VERSION', '6800'), ('CMAKE_PREFIX_PATH', '/home/ros2/tower_ws/install/nav_launch:/home/ros2/tower_ws/install/nav_radar:/home/ros2/tower_ws/install/nav_camera:/home/ros2/tower_ws/install/nav_messages:/home/ros2/ros2_ws/install/zed_ros2:/home/ros2/ros2_ws/install/zed_wrapper:/home/ros2/ros2_ws/install/zed_components:/home/ros2/Downloads/final-ai/install/detectionmessage:/home/ros2/Downloads/ros2cs/install:/home/ros2/Downloads/final-ai/install/py_fakedata:/home/ros2/Downloads/final-ai/install/py_detectionmessage:/home/ros2/Downloads/final-ai/install/py_aiproc:/opt/ros/humble')]), 'shell': False}
[34.485399] (zed_components) StdoutLine: {'line': b'-- Install configuration: "Release"\n'}
[34.485660] (zed_components) StdoutLine: {'line': b'-- Installing: /home/ros2/tower_ws/install/zed_components/lib/libzed_camera_component.so\n'}
[34.490195] (zed_components) StdoutLine: {'line': b'-- Set runtime path of "/home/ros2/tower_ws/install/zed_components/lib/libzed_camera_component.so" to ""\n'}
[34.490314] (zed_components) StdoutLine: {'line': b'-- Installing: /home/ros2/tower_ws/install/zed_components/lib/libzed_camera_one_component.so\n'}
[34.491539] (zed_components) StdoutLine: {'line': b'-- Set runtime path of "/home/ros2/tower_ws/install/zed_components/lib/libzed_camera_one_component.so" to ""\n'}
[34.491690] (zed_components) StdoutLine: {'line': b'-- Installing: /home/ros2/tower_ws/install/zed_components/include/zed_components/\n'}
[34.491817] (zed_components) StdoutLine: {'line': b'-- Installing: /home/ros2/tower_ws/install/zed_components/include/zed_components//cost_traversability.hpp\n'}
[34.491936] (zed_components) StdoutLine: {'line': b'-- Installing: /home/ros2/tower_ws/install/zed_components/include/zed_components//zed_camera_component.hpp\n'}
[34.492047] (zed_components) StdoutLine: {'line': b'-- Up-to-date: /home/ros2/tower_ws/install/zed_components/include/zed_components/\n'}
[34.492140] (zed_components) StdoutLine: {'line': b'-- Installing: /home/ros2/tower_ws/install/zed_components/include/zed_components//sl_types.hpp\n'}
[34.492225] (zed_components) StdoutLine: {'line': b'-- Installing: /home/ros2/tower_ws/install/zed_components/include/zed_components//sl_tools.hpp\n'}
[34.492310] (zed_components) StdoutLine: {'line': b'-- Installing: /home/ros2/tower_ws/install/zed_components/include/zed_components//sl_win_avg.hpp\n'}
[34.492395] (zed_components) StdoutLine: {'line': b'-- Installing: /home/ros2/tower_ws/install/zed_components/include/zed_components//gnss_replay.hpp\n'}
[34.492486] (zed_components) StdoutLine: {'line': b'-- Installing: /home/ros2/tower_ws/install/zed_components/include/zed_components//json.hpp\n'}
[34.492601] (zed_components) StdoutLine: {'line': b'-- Installing: /home/ros2/tower_ws/install/zed_components/include/zed_components//sl_logging.hpp\n'}
[34.492711] (zed_components) StdoutLine: {'line': b'-- Up-to-date: /home/ros2/tower_ws/install/zed_components/include/zed_components/\n'}
[34.492812] (zed_components) StdoutLine: {'line': b'-- Installing: /home/ros2/tower_ws/install/zed_components/include/zed_components//visibility_control.hpp\n'}
[34.492904] (zed_components) StdoutLine: {'line': b'-- Installing: /home/ros2/tower_ws/install/zed_components/include/zed_components//sl_version.hpp\n'}
[34.493006] (zed_components) StdoutLine: {'line': b'-- Installing: /home/ros2/tower_ws/install/zed_components/share/zed_components/environment/library_path.sh\n'}
[34.493140] (zed_components) StdoutLine: {'line': b'-- Installing: /home/ros2/tower_ws/install/zed_components/share/zed_components/environment/library_path.dsv\n'}
[34.493294] (zed_components) StdoutLine: {'line': b'-- Installing: /home/ros2/tower_ws/install/zed_components/share/ament_index/resource_index/package_run_dependencies/zed_components\n'}
[34.493415] (zed_components) StdoutLine: {'line': b'-- Installing: /home/ros2/tower_ws/install/zed_components/share/ament_index/resource_index/parent_prefix_path/zed_components\n'}
[34.493553] (zed_components) StdoutLine: {'line': b'-- Installing: /home/ros2/tower_ws/install/zed_components/share/zed_components/environment/ament_prefix_path.sh\n'}
[34.493679] (zed_components) StdoutLine: {'line': b'-- Installing: /home/ros2/tower_ws/install/zed_components/share/zed_components/environment/ament_prefix_path.dsv\n'}
[34.493799] (zed_components) StdoutLine: {'line': b'-- Installing: /home/ros2/tower_ws/install/zed_components/share/zed_components/environment/path.sh\n'}
[34.493917] (zed_components) StdoutLine: {'line': b'-- Installing: /home/ros2/tower_ws/install/zed_components/share/zed_components/environment/path.dsv\n'}
[34.494008] (zed_components) StdoutLine: {'line': b'-- Installing: /home/ros2/tower_ws/install/zed_components/share/zed_components/local_setup.bash\n'}
[34.494099] (zed_components) StdoutLine: {'line': b'-- Installing: /home/ros2/tower_ws/install/zed_components/share/zed_components/local_setup.sh\n'}
[34.494191] (zed_components) StdoutLine: {'line': b'-- Installing: /home/ros2/tower_ws/install/zed_components/share/zed_components/local_setup.zsh\n'}
[34.494283] (zed_components) StdoutLine: {'line': b'-- Installing: /home/ros2/tower_ws/install/zed_components/share/zed_components/local_setup.dsv\n'}
[34.494373] (zed_components) StdoutLine: {'line': b'-- Installing: /home/ros2/tower_ws/install/zed_components/share/zed_components/package.dsv\n'}
[34.494462] (zed_components) StdoutLine: {'line': b'-- Installing: /home/ros2/tower_ws/install/zed_components/share/ament_index/resource_index/packages/zed_components\n'}
[34.494575] (zed_components) StdoutLine: {'line': b'-- Installing: /home/ros2/tower_ws/install/zed_components/share/ament_index/resource_index/rclcpp_components/zed_components\n'}
[34.494672] (zed_components) StdoutLine: {'line': b'-- Installing: /home/ros2/tower_ws/install/zed_components/share/zed_components/cmake/ament_cmake_export_include_directories-extras.cmake\n'}
[34.494772] (zed_components) StdoutLine: {'line': b'-- Installing: /home/ros2/tower_ws/install/zed_components/share/zed_components/cmake/ament_cmake_export_libraries-extras.cmake\n'}
[34.494912] (zed_components) StdoutLine: {'line': b'-- Installing: /home/ros2/tower_ws/install/zed_components/share/zed_components/cmake/ament_cmake_export_dependencies-extras.cmake\n'}
[34.495014] (zed_components) StdoutLine: {'line': b'-- Installing: /home/ros2/tower_ws/install/zed_components/share/zed_components/cmake/zed_componentsConfig.cmake\n'}
[34.495115] (zed_components) StdoutLine: {'line': b'-- Installing: /home/ros2/tower_ws/install/zed_components/share/zed_components/cmake/zed_componentsConfig-version.cmake\n'}
[34.495215] (zed_components) StdoutLine: {'line': b'-- Installing: /home/ros2/tower_ws/install/zed_components/share/zed_components/package.xml\n'}
[34.496030] (zed_components) CommandEnded: {'returncode': 0}
[34.497463] (-) TimerEvent: {}
[34.515167] (zed_components) JobEnded: {'identifier': 'zed_components', 'rc': 0}
[34.515664] (zed_wrapper) JobStarted: {'identifier': 'zed_wrapper'}
[34.522388] (zed_wrapper) JobProgress: {'identifier': 'zed_wrapper', 'progress': 'cmake'}
[34.523041] (zed_wrapper) Command: {'cmd': ['/usr/bin/cmake', '/home/ros2/tower_ws/src/zed-ros2-wrapper/zed_wrapper', '-DCMAKE_INSTALL_PREFIX=/home/ros2/tower_ws/install/zed_wrapper'], 'cwd': '/home/ros2/tower_ws/build/zed_wrapper', 'env': OrderedDict([('LESSOPEN', '| /usr/bin/lesspipe %s'), ('USER', 'ros2'), ('LC_TIME', 'lv_LV.UTF-8'), ('XDG_SESSION_TYPE', 'x11'), ('SHLVL', '1'), ('LD_LIBRARY_PATH', '/home/ros2/tower_ws/install/zed_components/lib:/home/ros2/tower_ws/install/nav_messages/lib:/home/ros2/ros2_ws/install/zed_components/lib:/home/ros2/Downloads/final-ai/install/detectionmessage/lib:/home/ros2/Downloads/ros2cs/install/lib:/opt/ros/humble/opt/rviz_ogre_vendor/lib:/opt/ros/humble/lib/x86_64-linux-gnu:/opt/ros/humble/lib'), ('HOME', '/home/ros2'), ('OLDPWD', '/home/ros2/tower_ws/src'), ('DESKTOP_SESSION', 'ubuntu'), ('ROS_PYTHON_VERSION', '3'), ('GNOME_SHELL_SESSION_MODE', 'ubuntu'), ('GTK_MODULES', 'gail:atk-bridge'), ('LC_MONETARY', 'lv_LV.UTF-8'), ('SYSTEMD_EXEC_PID', '2112'), ('DBUS_SESSION_BUS_ADDRESS', 'unix:path=/run/user/1000/bus'), ('COLORTERM', 'truecolor'), ('COLCON_PREFIX_PATH', '/home/ros2/tower_ws/install:/home/ros2/ros2_ws/install:/home/ros2/Downloads/final-ai/install:/home/ros2/Downloads/ros2cs/install'), ('ROS_DISTRO', 'humble'), ('GTK_IM_MODULE', 'ibus'), ('LOGNAME', 'ros2'), ('_', '/usr/bin/colcon'), ('ROS_VERSION', '2'), ('XDG_SESSION_CLASS', 'user'), ('USERNAME', 'ros2'), ('TERM', 'xterm-256color'), ('GNOME_DESKTOP_SESSION_ID', 'this-is-deprecated'), ('ROS_LOCALHOST_ONLY', '0'), ('WINDOWPATH', '2'), ('PATH', '/opt/ros/humble/bin:/home/ros2/.local/bin:/usr/local/sbin:/usr/local/bin:/usr/sbin:/usr/bin:/sbin:/bin:/usr/games:/usr/local/games:/snap/bin:/snap/bin:/home/ros2/.dotnet/tools'), ('SESSION_MANAGER', 'local/ros2:@/tmp/.ICE-unix/1944,unix/ros2:/tmp/.ICE-unix/1944'), ('XDG_MENU_PREFIX', 'gnome-'), ('LC_ADDRESS', 'lv_LV.UTF-8'), ('GNOME_TERMINAL_SCREEN', '/org/gnome/Terminal/screen/52a08a4d_bf9a_4dd1_a4c1_fcd2684cb791'), ('XDG_RUNTIME_DIR', '/run/user/1000'), ('DISPLAY', ':1'), ('LANG', 'en_US.UTF-8'), ('XDG_CURRENT_DESKTOP', 'ubuntu:GNOME'), ('DOTNET_BUNDLE_EXTRACT_BASE_DIR', '/home/ros2/.cache/dotnet_bundle_extract'), ('LC_TELEPHONE', 'lv_LV.UTF-8'), ('XMODIFIERS', '@im=ibus'), ('XDG_SESSION_DESKTOP', 'ubuntu'), ('XAUTHORITY', '/run/user/1000/gdm/Xauthority'), ('LS_COLORS', 'rs=0:di=01;34:ln=01;36:mh=00:pi=40;33:so=01;35:do=01;35:bd=40;33;01:cd=40;33;01:or=40;31;01:mi=00:su=37;41:sg=30;43:ca=30;41:tw=30;42:ow=34;42:st=37;44:ex=01;32:*.tar=01;31:*.tgz=01;31:*.arc=01;31:*.arj=01;31:*.taz=01;31:*.lha=01;31:*.lz4=01;31:*.lzh=01;31:*.lzma=01;31:*.tlz=01;31:*.txz=01;31:*.tzo=01;31:*.t7z=01;31:*.zip=01;31:*.z=01;31:*.dz=01;31:*.gz=01;31:*.lrz=01;31:*.lz=01;31:*.lzo=01;31:*.xz=01;31:*.zst=01;31:*.tzst=01;31:*.bz2=01;31:*.bz=01;31:*.tbz=01;31:*.tbz2=01;31:*.tz=01;31:*.deb=01;31:*.rpm=01;31:*.jar=01;31:*.war=01;31:*.ear=01;31:*.sar=01;31:*.rar=01;31:*.alz=01;31:*.ace=01;31:*.zoo=01;31:*.cpio=01;31:*.7z=01;31:*.rz=01;31:*.cab=01;31:*.wim=01;31:*.swm=01;31:*.dwm=01;31:*.esd=01;31:*.jpg=01;35:*.jpeg=01;35:*.mjpg=01;35:*.mjpeg=01;35:*.gif=01;35:*.bmp=01;35:*.pbm=01;35:*.pgm=01;35:*.ppm=01;35:*.tga=01;35:*.xbm=01;35:*.xpm=01;35:*.tif=01;35:*.tiff=01;35:*.png=01;35:*.svg=01;35:*.svgz=01;35:*.mng=01;35:*.pcx=01;35:*.mov=01;35:*.mpg=01;35:*.mpeg=01;35:*.m2v=01;35:*.mkv=01;35:*.webm=01;35:*.webp=01;35:*.ogm=01;35:*.mp4=01;35:*.m4v=01;35:*.mp4v=01;35:*.vob=01;35:*.qt=01;35:*.nuv=01;35:*.wmv=01;35:*.asf=01;35:*.rm=01;35:*.rmvb=01;35:*.flc=01;35:*.avi=01;35:*.fli=01;35:*.flv=01;35:*.gl=01;35:*.dl=01;35:*.xcf=01;35:*.xwd=01;35:*.yuv=01;35:*.cgm=01;35:*.emf=01;35:*.ogv=01;35:*.ogx=01;35:*.aac=00;36:*.au=00;36:*.flac=00;36:*.m4a=00;36:*.mid=00;36:*.midi=00;36:*.mka=00;36:*.mp3=00;36:*.mpc=00;36:*.ogg=00;36:*.ra=00;36:*.wav=00;36:*.oga=00;36:*.opus=00;36:*.spx=00;36:*.xspf=00;36:'), ('GNOME_TERMINAL_SERVICE', ':1.103'), ('SSH_AGENT_LAUNCHER', 'gnome-keyring'), ('SSH_AUTH_SOCK', '/run/user/1000/keyring/ssh'), ('AMENT_PREFIX_PATH', '/home/ros2/tower_ws/install/zed_components:/home/ros2/tower_ws/install/nav_launch:/home/ros2/tower_ws/install/nav_radar:/home/ros2/tower_ws/install/nav_camera:/home/ros2/tower_ws/install/nav_messages:/home/ros2/ros2_ws/install/zed_ros2:/home/ros2/ros2_ws/install/zed_wrapper:/home/ros2/ros2_ws/install/zed_components:/home/ros2/Downloads/final-ai/install/py_fakedata:/home/ros2/Downloads/final-ai/install/py_detectionmessage:/home/ros2/Downloads/final-ai/install/py_aiproc:/home/ros2/Downloads/final-ai/install/detectionmessage:/home/ros2/Downloads/ros2cs/install:/opt/ros/humble'), ('SHELL', '/bin/bash'), ('LC_NAME', 'lv_LV.UTF-8'), ('QT_ACCESSIBILITY', '1'), ('GDMSESSION', 'ubuntu'), ('LESSCLOSE', '/usr/bin/lesspipe %s %s'), ('LC_MEASUREMENT', 'lv_LV.UTF-8'), ('GPG_AGENT_INFO', '/run/user/1000/gnupg/S.gpg-agent:0:1'), ('LC_IDENTIFICATION', 'lv_LV.UTF-8'), ('QT_IM_MODULE', 'ibus'), ('PWD', '/home/ros2/tower_ws/build/zed_wrapper'), ('XDG_CONFIG_DIRS', '/etc/xdg/xdg-ubuntu:/etc/xdg'), ('XDG_DATA_DIRS', '/usr/share/ubuntu:/usr/share/gnome:/usr/local/share/:/usr/share/:/var/lib/snapd/desktop'), ('PYTHONPATH', '/home/ros2/tower_ws/install/nav_messages/local/lib/python3.10/dist-packages:/home/ros2/Downloads/final-ai/install/py_fakedata/lib/python3.10/site-packages:/home/ros2/Downloads/final-ai/install/py_detectionmessage/lib/python3.10/site-packages:/home/ros2/Downloads/final-ai/install/py_aiproc/lib/python3.10/site-packages:/home/ros2/Downloads/final-ai/install/detectionmessage/local/lib/python3.10/dist-packages:/home/ros2/Downloads/ros2cs/install/lib/python3.10/site-packages:/home/ros2/Downloads/ros2cs/install/local/lib/python3.10/dist-packages:/opt/ros/humble/lib/python3.10/site-packages:/opt/ros/humble/local/lib/python3.10/dist-packages'), ('LC_NUMERIC', 'lv_LV.UTF-8'), ('LC_PAPER', 'lv_LV.UTF-8'), ('COLCON', '1'), ('VTE_VERSION', '6800'), ('CMAKE_PREFIX_PATH', '/home/ros2/tower_ws/install/zed_components:/home/ros2/tower_ws/install/nav_launch:/home/ros2/tower_ws/install/nav_radar:/home/ros2/tower_ws/install/nav_camera:/home/ros2/tower_ws/install/nav_messages:/home/ros2/ros2_ws/install/zed_ros2:/home/ros2/ros2_ws/install/zed_wrapper:/home/ros2/ros2_ws/install/zed_components:/home/ros2/Downloads/final-ai/install/detectionmessage:/home/ros2/Downloads/ros2cs/install:/home/ros2/Downloads/final-ai/install/py_fakedata:/home/ros2/Downloads/final-ai/install/py_detectionmessage:/home/ros2/Downloads/final-ai/install/py_aiproc:/opt/ros/humble')]), 'shell': False}
[34.587345] (zed_wrapper) StdoutLine: {'line': b'-- The C compiler identification is GNU 11.4.0\n'}
[34.597519] (-) TimerEvent: {}
[34.630322] (zed_wrapper) StdoutLine: {'line': b'-- The CXX compiler identification is GNU 11.4.0\n'}
[34.637276] (zed_wrapper) StdoutLine: {'line': b'-- Detecting C compiler ABI info\n'}
[34.697689] (-) TimerEvent: {}
[34.740776] (zed_wrapper) StdoutLine: {'line': b'-- Detecting C compiler ABI info - done\n'}
[34.745087] (zed_wrapper) StdoutLine: {'line': b'-- Check for working C compiler: /usr/bin/cc - skipped\n'}
[34.745162] (zed_wrapper) StdoutLine: {'line': b'-- Detecting C compile features\n'}
[34.745386] (zed_wrapper) StdoutLine: {'line': b'-- Detecting C compile features - done\n'}
[34.747118] (zed_wrapper) StdoutLine: {'line': b'-- Detecting CXX compiler ABI info\n'}
[34.797807] (-) TimerEvent: {}
[34.862274] (zed_wrapper) StdoutLine: {'line': b'-- Detecting CXX compiler ABI info - done\n'}
[34.866409] (zed_wrapper) StdoutLine: {'line': b'-- Check for working CXX compiler: /usr/bin/c++ - skipped\n'}
[34.866597] (zed_wrapper) StdoutLine: {'line': b'-- Detecting CXX compile features\n'}
[34.866805] (zed_wrapper) StdoutLine: {'line': b'-- Detecting CXX compile features - done\n'}
[34.868833] (zed_wrapper) StdoutLine: {'line': b'-- Found ament_cmake_auto: 1.3.14 (/opt/ros/humble/share/ament_cmake_auto/cmake)\n'}
[34.897891] (-) TimerEvent: {}
[34.981145] (zed_wrapper) StdoutLine: {'line': b'-- Found Python3: /usr/bin/python3 (found version "3.10.12") found components: Interpreter \n'}
[34.998004] (-) TimerEvent: {}
[35.098286] (-) TimerEvent: {}
[35.120654] (zed_wrapper) StdoutLine: {'line': b'-- Found rosidl_generator_c: 3.1.9 (/opt/ros/humble/share/rosidl_generator_c/cmake)\n'}
[35.124633] (zed_wrapper) StdoutLine: {'line': b'-- Found rosidl_adapter: 3.1.9 (/opt/ros/humble/share/rosidl_adapter/cmake)\n'}
[35.130777] (zed_wrapper) StdoutLine: {'line': b'-- Found rosidl_generator_cpp: 3.1.9 (/opt/ros/humble/share/rosidl_generator_cpp/cmake)\n'}
[35.138955] (zed_wrapper) StdoutLine: {'line': b'-- Using all available rosidl_typesupport_c: rosidl_typesupport_fastrtps_c;rosidl_typesupport_introspection_c\n'}
[35.150089] (zed_wrapper) StdoutLine: {'line': b'-- Using all available rosidl_typesupport_cpp: rosidl_typesupport_fastrtps_cpp;rosidl_typesupport_introspection_cpp\n'}
[35.182179] (zed_wrapper) StdoutLine: {'line': b'-- Found rmw_implementation_cmake: 6.1.3 (/opt/ros/humble/share/rmw_implementation_cmake/cmake)\n'}
[35.184559] (zed_wrapper) StdoutLine: {'line': b'-- Found rmw_fastrtps_cpp: 6.2.10 (/opt/ros/humble/share/rmw_fastrtps_cpp/cmake)\n'}
[35.198433] (-) TimerEvent: {}
[35.272223] (zed_wrapper) StdoutLine: {'line': b'-- Found OpenSSL: /usr/lib/x86_64-linux-gnu/libcrypto.so (found version "3.0.2")  \n'}
[35.298567] (-) TimerEvent: {}
[35.299074] (zed_wrapper) StdoutLine: {'line': b'-- Found FastRTPS: /opt/ros/humble/include  \n'}
[35.337413] (zed_wrapper) StdoutLine: {'line': b"-- Using RMW implementation 'rmw_fastrtps_cpp' as default\n"}
[35.343910] (zed_wrapper) StdoutLine: {'line': b'-- Looking for pthread.h\n'}
[35.398701] (-) TimerEvent: {}
[35.431168] (zed_wrapper) StdoutLine: {'line': b'-- Looking for pthread.h - found\n'}
[35.431312] (zed_wrapper) StdoutLine: {'line': b'-- Performing Test CMAKE_HAVE_LIBC_PTHREAD\n'}
[35.498919] (-) TimerEvent: {}
[35.540783] (zed_wrapper) StdoutLine: {'line': b'-- Performing Test CMAKE_HAVE_LIBC_PTHREAD - Success\n'}
[35.541806] (zed_wrapper) StdoutLine: {'line': b'-- Found Threads: TRUE  \n'}
[35.599056] (-) TimerEvent: {}
[35.685290] (zed_wrapper) StdoutLine: {'line': b'-- Found eigen3_cmake_module: 0.1.1 (/opt/ros/humble/share/eigen3_cmake_module/cmake)\n'}
[35.686049] (zed_wrapper) StdoutLine: {'line': b'-- Found Eigen3: TRUE (found version "3.4.0") \n'}
[35.686114] (zed_wrapper) StdoutLine: {'line': b'-- Ensuring Eigen3 include directory is part of orocos-kdl CMake target\n'}
[35.699207] (-) TimerEvent: {}
[35.797689] (zed_wrapper) StdoutLine: {'line': b'-- Configuring done\n'}
[35.799307] (-) TimerEvent: {}
[35.800014] (zed_wrapper) StdoutLine: {'line': b'-- Generating done\n'}
[35.801413] (zed_wrapper) StdoutLine: {'line': b'-- Build files have been written to: /home/ros2/tower_ws/build/zed_wrapper\n'}
[35.807325] (zed_wrapper) CommandEnded: {'returncode': 0}
[35.808520] (zed_wrapper) JobProgress: {'identifier': 'zed_wrapper', 'progress': 'build'}
[35.808551] (zed_wrapper) Command: {'cmd': ['/usr/bin/cmake', '--build', '/home/ros2/tower_ws/build/zed_wrapper', '--', '-j24', '-l24'], 'cwd': '/home/ros2/tower_ws/build/zed_wrapper', 'env': OrderedDict([('LESSOPEN', '| /usr/bin/lesspipe %s'), ('USER', 'ros2'), ('LC_TIME', 'lv_LV.UTF-8'), ('XDG_SESSION_TYPE', 'x11'), ('SHLVL', '1'), ('LD_LIBRARY_PATH', '/home/ros2/tower_ws/install/zed_components/lib:/home/ros2/tower_ws/install/nav_messages/lib:/home/ros2/ros2_ws/install/zed_components/lib:/home/ros2/Downloads/final-ai/install/detectionmessage/lib:/home/ros2/Downloads/ros2cs/install/lib:/opt/ros/humble/opt/rviz_ogre_vendor/lib:/opt/ros/humble/lib/x86_64-linux-gnu:/opt/ros/humble/lib'), ('HOME', '/home/ros2'), ('OLDPWD', '/home/ros2/tower_ws/src'), ('DESKTOP_SESSION', 'ubuntu'), ('ROS_PYTHON_VERSION', '3'), ('GNOME_SHELL_SESSION_MODE', 'ubuntu'), ('GTK_MODULES', 'gail:atk-bridge'), ('LC_MONETARY', 'lv_LV.UTF-8'), ('SYSTEMD_EXEC_PID', '2112'), ('DBUS_SESSION_BUS_ADDRESS', 'unix:path=/run/user/1000/bus'), ('COLORTERM', 'truecolor'), ('COLCON_PREFIX_PATH', '/home/ros2/tower_ws/install:/home/ros2/ros2_ws/install:/home/ros2/Downloads/final-ai/install:/home/ros2/Downloads/ros2cs/install'), ('ROS_DISTRO', 'humble'), ('GTK_IM_MODULE', 'ibus'), ('LOGNAME', 'ros2'), ('_', '/usr/bin/colcon'), ('ROS_VERSION', '2'), ('XDG_SESSION_CLASS', 'user'), ('USERNAME', 'ros2'), ('TERM', 'xterm-256color'), ('GNOME_DESKTOP_SESSION_ID', 'this-is-deprecated'), ('ROS_LOCALHOST_ONLY', '0'), ('WINDOWPATH', '2'), ('PATH', '/opt/ros/humble/bin:/home/ros2/.local/bin:/usr/local/sbin:/usr/local/bin:/usr/sbin:/usr/bin:/sbin:/bin:/usr/games:/usr/local/games:/snap/bin:/snap/bin:/home/ros2/.dotnet/tools'), ('SESSION_MANAGER', 'local/ros2:@/tmp/.ICE-unix/1944,unix/ros2:/tmp/.ICE-unix/1944'), ('XDG_MENU_PREFIX', 'gnome-'), ('LC_ADDRESS', 'lv_LV.UTF-8'), ('GNOME_TERMINAL_SCREEN', '/org/gnome/Terminal/screen/52a08a4d_bf9a_4dd1_a4c1_fcd2684cb791'), ('XDG_RUNTIME_DIR', '/run/user/1000'), ('DISPLAY', ':1'), ('LANG', 'en_US.UTF-8'), ('XDG_CURRENT_DESKTOP', 'ubuntu:GNOME'), ('DOTNET_BUNDLE_EXTRACT_BASE_DIR', '/home/ros2/.cache/dotnet_bundle_extract'), ('LC_TELEPHONE', 'lv_LV.UTF-8'), ('XMODIFIERS', '@im=ibus'), ('XDG_SESSION_DESKTOP', 'ubuntu'), ('XAUTHORITY', '/run/user/1000/gdm/Xauthority'), ('LS_COLORS', 'rs=0:di=01;34:ln=01;36:mh=00:pi=40;33:so=01;35:do=01;35:bd=40;33;01:cd=40;33;01:or=40;31;01:mi=00:su=37;41:sg=30;43:ca=30;41:tw=30;42:ow=34;42:st=37;44:ex=01;32:*.tar=01;31:*.tgz=01;31:*.arc=01;31:*.arj=01;31:*.taz=01;31:*.lha=01;31:*.lz4=01;31:*.lzh=01;31:*.lzma=01;31:*.tlz=01;31:*.txz=01;31:*.tzo=01;31:*.t7z=01;31:*.zip=01;31:*.z=01;31:*.dz=01;31:*.gz=01;31:*.lrz=01;31:*.lz=01;31:*.lzo=01;31:*.xz=01;31:*.zst=01;31:*.tzst=01;31:*.bz2=01;31:*.bz=01;31:*.tbz=01;31:*.tbz2=01;31:*.tz=01;31:*.deb=01;31:*.rpm=01;31:*.jar=01;31:*.war=01;31:*.ear=01;31:*.sar=01;31:*.rar=01;31:*.alz=01;31:*.ace=01;31:*.zoo=01;31:*.cpio=01;31:*.7z=01;31:*.rz=01;31:*.cab=01;31:*.wim=01;31:*.swm=01;31:*.dwm=01;31:*.esd=01;31:*.jpg=01;35:*.jpeg=01;35:*.mjpg=01;35:*.mjpeg=01;35:*.gif=01;35:*.bmp=01;35:*.pbm=01;35:*.pgm=01;35:*.ppm=01;35:*.tga=01;35:*.xbm=01;35:*.xpm=01;35:*.tif=01;35:*.tiff=01;35:*.png=01;35:*.svg=01;35:*.svgz=01;35:*.mng=01;35:*.pcx=01;35:*.mov=01;35:*.mpg=01;35:*.mpeg=01;35:*.m2v=01;35:*.mkv=01;35:*.webm=01;35:*.webp=01;35:*.ogm=01;35:*.mp4=01;35:*.m4v=01;35:*.mp4v=01;35:*.vob=01;35:*.qt=01;35:*.nuv=01;35:*.wmv=01;35:*.asf=01;35:*.rm=01;35:*.rmvb=01;35:*.flc=01;35:*.avi=01;35:*.fli=01;35:*.flv=01;35:*.gl=01;35:*.dl=01;35:*.xcf=01;35:*.xwd=01;35:*.yuv=01;35:*.cgm=01;35:*.emf=01;35:*.ogv=01;35:*.ogx=01;35:*.aac=00;36:*.au=00;36:*.flac=00;36:*.m4a=00;36:*.mid=00;36:*.midi=00;36:*.mka=00;36:*.mp3=00;36:*.mpc=00;36:*.ogg=00;36:*.ra=00;36:*.wav=00;36:*.oga=00;36:*.opus=00;36:*.spx=00;36:*.xspf=00;36:'), ('GNOME_TERMINAL_SERVICE', ':1.103'), ('SSH_AGENT_LAUNCHER', 'gnome-keyring'), ('SSH_AUTH_SOCK', '/run/user/1000/keyring/ssh'), ('AMENT_PREFIX_PATH', '/home/ros2/tower_ws/install/zed_components:/home/ros2/tower_ws/install/nav_launch:/home/ros2/tower_ws/install/nav_radar:/home/ros2/tower_ws/install/nav_camera:/home/ros2/tower_ws/install/nav_messages:/home/ros2/ros2_ws/install/zed_ros2:/home/ros2/ros2_ws/install/zed_wrapper:/home/ros2/ros2_ws/install/zed_components:/home/ros2/Downloads/final-ai/install/py_fakedata:/home/ros2/Downloads/final-ai/install/py_detectionmessage:/home/ros2/Downloads/final-ai/install/py_aiproc:/home/ros2/Downloads/final-ai/install/detectionmessage:/home/ros2/Downloads/ros2cs/install:/opt/ros/humble'), ('SHELL', '/bin/bash'), ('LC_NAME', 'lv_LV.UTF-8'), ('QT_ACCESSIBILITY', '1'), ('GDMSESSION', 'ubuntu'), ('LESSCLOSE', '/usr/bin/lesspipe %s %s'), ('LC_MEASUREMENT', 'lv_LV.UTF-8'), ('GPG_AGENT_INFO', '/run/user/1000/gnupg/S.gpg-agent:0:1'), ('LC_IDENTIFICATION', 'lv_LV.UTF-8'), ('QT_IM_MODULE', 'ibus'), ('PWD', '/home/ros2/tower_ws/build/zed_wrapper'), ('XDG_CONFIG_DIRS', '/etc/xdg/xdg-ubuntu:/etc/xdg'), ('XDG_DATA_DIRS', '/usr/share/ubuntu:/usr/share/gnome:/usr/local/share/:/usr/share/:/var/lib/snapd/desktop'), ('PYTHONPATH', '/home/ros2/tower_ws/install/nav_messages/local/lib/python3.10/dist-packages:/home/ros2/Downloads/final-ai/install/py_fakedata/lib/python3.10/site-packages:/home/ros2/Downloads/final-ai/install/py_detectionmessage/lib/python3.10/site-packages:/home/ros2/Downloads/final-ai/install/py_aiproc/lib/python3.10/site-packages:/home/ros2/Downloads/final-ai/install/detectionmessage/local/lib/python3.10/dist-packages:/home/ros2/Downloads/ros2cs/install/lib/python3.10/site-packages:/home/ros2/Downloads/ros2cs/install/local/lib/python3.10/dist-packages:/opt/ros/humble/lib/python3.10/site-packages:/opt/ros/humble/local/lib/python3.10/dist-packages'), ('LC_NUMERIC', 'lv_LV.UTF-8'), ('LC_PAPER', 'lv_LV.UTF-8'), ('COLCON', '1'), ('VTE_VERSION', '6800'), ('CMAKE_PREFIX_PATH', '/home/ros2/tower_ws/install/zed_components:/home/ros2/tower_ws/install/nav_launch:/home/ros2/tower_ws/install/nav_radar:/home/ros2/tower_ws/install/nav_camera:/home/ros2/tower_ws/install/nav_messages:/home/ros2/ros2_ws/install/zed_ros2:/home/ros2/ros2_ws/install/zed_wrapper:/home/ros2/ros2_ws/install/zed_components:/home/ros2/Downloads/final-ai/install/detectionmessage:/home/ros2/Downloads/ros2cs/install:/home/ros2/Downloads/final-ai/install/py_fakedata:/home/ros2/Downloads/final-ai/install/py_detectionmessage:/home/ros2/Downloads/final-ai/install/py_aiproc:/opt/ros/humble')]), 'shell': False}
[35.841380] (zed_wrapper) CommandEnded: {'returncode': 0}
[35.842180] (zed_wrapper) JobProgress: {'identifier': 'zed_wrapper', 'progress': 'install'}
[35.842749] (zed_wrapper) Command: {'cmd': ['/usr/bin/cmake', '--install', '/home/ros2/tower_ws/build/zed_wrapper'], 'cwd': '/home/ros2/tower_ws/build/zed_wrapper', 'env': OrderedDict([('LESSOPEN', '| /usr/bin/lesspipe %s'), ('USER', 'ros2'), ('LC_TIME', 'lv_LV.UTF-8'), ('XDG_SESSION_TYPE', 'x11'), ('SHLVL', '1'), ('LD_LIBRARY_PATH', '/home/ros2/tower_ws/install/zed_components/lib:/home/ros2/tower_ws/install/nav_messages/lib:/home/ros2/ros2_ws/install/zed_components/lib:/home/ros2/Downloads/final-ai/install/detectionmessage/lib:/home/ros2/Downloads/ros2cs/install/lib:/opt/ros/humble/opt/rviz_ogre_vendor/lib:/opt/ros/humble/lib/x86_64-linux-gnu:/opt/ros/humble/lib'), ('HOME', '/home/ros2'), ('OLDPWD', '/home/ros2/tower_ws/src'), ('DESKTOP_SESSION', 'ubuntu'), ('ROS_PYTHON_VERSION', '3'), ('GNOME_SHELL_SESSION_MODE', 'ubuntu'), ('GTK_MODULES', 'gail:atk-bridge'), ('LC_MONETARY', 'lv_LV.UTF-8'), ('SYSTEMD_EXEC_PID', '2112'), ('DBUS_SESSION_BUS_ADDRESS', 'unix:path=/run/user/1000/bus'), ('COLORTERM', 'truecolor'), ('COLCON_PREFIX_PATH', '/home/ros2/tower_ws/install:/home/ros2/ros2_ws/install:/home/ros2/Downloads/final-ai/install:/home/ros2/Downloads/ros2cs/install'), ('ROS_DISTRO', 'humble'), ('GTK_IM_MODULE', 'ibus'), ('LOGNAME', 'ros2'), ('_', '/usr/bin/colcon'), ('ROS_VERSION', '2'), ('XDG_SESSION_CLASS', 'user'), ('USERNAME', 'ros2'), ('TERM', 'xterm-256color'), ('GNOME_DESKTOP_SESSION_ID', 'this-is-deprecated'), ('ROS_LOCALHOST_ONLY', '0'), ('WINDOWPATH', '2'), ('PATH', '/opt/ros/humble/bin:/home/ros2/.local/bin:/usr/local/sbin:/usr/local/bin:/usr/sbin:/usr/bin:/sbin:/bin:/usr/games:/usr/local/games:/snap/bin:/snap/bin:/home/ros2/.dotnet/tools'), ('SESSION_MANAGER', 'local/ros2:@/tmp/.ICE-unix/1944,unix/ros2:/tmp/.ICE-unix/1944'), ('XDG_MENU_PREFIX', 'gnome-'), ('LC_ADDRESS', 'lv_LV.UTF-8'), ('GNOME_TERMINAL_SCREEN', '/org/gnome/Terminal/screen/52a08a4d_bf9a_4dd1_a4c1_fcd2684cb791'), ('XDG_RUNTIME_DIR', '/run/user/1000'), ('DISPLAY', ':1'), ('LANG', 'en_US.UTF-8'), ('XDG_CURRENT_DESKTOP', 'ubuntu:GNOME'), ('DOTNET_BUNDLE_EXTRACT_BASE_DIR', '/home/ros2/.cache/dotnet_bundle_extract'), ('LC_TELEPHONE', 'lv_LV.UTF-8'), ('XMODIFIERS', '@im=ibus'), ('XDG_SESSION_DESKTOP', 'ubuntu'), ('XAUTHORITY', '/run/user/1000/gdm/Xauthority'), ('LS_COLORS', 'rs=0:di=01;34:ln=01;36:mh=00:pi=40;33:so=01;35:do=01;35:bd=40;33;01:cd=40;33;01:or=40;31;01:mi=00:su=37;41:sg=30;43:ca=30;41:tw=30;42:ow=34;42:st=37;44:ex=01;32:*.tar=01;31:*.tgz=01;31:*.arc=01;31:*.arj=01;31:*.taz=01;31:*.lha=01;31:*.lz4=01;31:*.lzh=01;31:*.lzma=01;31:*.tlz=01;31:*.txz=01;31:*.tzo=01;31:*.t7z=01;31:*.zip=01;31:*.z=01;31:*.dz=01;31:*.gz=01;31:*.lrz=01;31:*.lz=01;31:*.lzo=01;31:*.xz=01;31:*.zst=01;31:*.tzst=01;31:*.bz2=01;31:*.bz=01;31:*.tbz=01;31:*.tbz2=01;31:*.tz=01;31:*.deb=01;31:*.rpm=01;31:*.jar=01;31:*.war=01;31:*.ear=01;31:*.sar=01;31:*.rar=01;31:*.alz=01;31:*.ace=01;31:*.zoo=01;31:*.cpio=01;31:*.7z=01;31:*.rz=01;31:*.cab=01;31:*.wim=01;31:*.swm=01;31:*.dwm=01;31:*.esd=01;31:*.jpg=01;35:*.jpeg=01;35:*.mjpg=01;35:*.mjpeg=01;35:*.gif=01;35:*.bmp=01;35:*.pbm=01;35:*.pgm=01;35:*.ppm=01;35:*.tga=01;35:*.xbm=01;35:*.xpm=01;35:*.tif=01;35:*.tiff=01;35:*.png=01;35:*.svg=01;35:*.svgz=01;35:*.mng=01;35:*.pcx=01;35:*.mov=01;35:*.mpg=01;35:*.mpeg=01;35:*.m2v=01;35:*.mkv=01;35:*.webm=01;35:*.webp=01;35:*.ogm=01;35:*.mp4=01;35:*.m4v=01;35:*.mp4v=01;35:*.vob=01;35:*.qt=01;35:*.nuv=01;35:*.wmv=01;35:*.asf=01;35:*.rm=01;35:*.rmvb=01;35:*.flc=01;35:*.avi=01;35:*.fli=01;35:*.flv=01;35:*.gl=01;35:*.dl=01;35:*.xcf=01;35:*.xwd=01;35:*.yuv=01;35:*.cgm=01;35:*.emf=01;35:*.ogv=01;35:*.ogx=01;35:*.aac=00;36:*.au=00;36:*.flac=00;36:*.m4a=00;36:*.mid=00;36:*.midi=00;36:*.mka=00;36:*.mp3=00;36:*.mpc=00;36:*.ogg=00;36:*.ra=00;36:*.wav=00;36:*.oga=00;36:*.opus=00;36:*.spx=00;36:*.xspf=00;36:'), ('GNOME_TERMINAL_SERVICE', ':1.103'), ('SSH_AGENT_LAUNCHER', 'gnome-keyring'), ('SSH_AUTH_SOCK', '/run/user/1000/keyring/ssh'), ('AMENT_PREFIX_PATH', '/home/ros2/tower_ws/install/zed_components:/home/ros2/tower_ws/install/nav_launch:/home/ros2/tower_ws/install/nav_radar:/home/ros2/tower_ws/install/nav_camera:/home/ros2/tower_ws/install/nav_messages:/home/ros2/ros2_ws/install/zed_ros2:/home/ros2/ros2_ws/install/zed_wrapper:/home/ros2/ros2_ws/install/zed_components:/home/ros2/Downloads/final-ai/install/py_fakedata:/home/ros2/Downloads/final-ai/install/py_detectionmessage:/home/ros2/Downloads/final-ai/install/py_aiproc:/home/ros2/Downloads/final-ai/install/detectionmessage:/home/ros2/Downloads/ros2cs/install:/opt/ros/humble'), ('SHELL', '/bin/bash'), ('LC_NAME', 'lv_LV.UTF-8'), ('QT_ACCESSIBILITY', '1'), ('GDMSESSION', 'ubuntu'), ('LESSCLOSE', '/usr/bin/lesspipe %s %s'), ('LC_MEASUREMENT', 'lv_LV.UTF-8'), ('GPG_AGENT_INFO', '/run/user/1000/gnupg/S.gpg-agent:0:1'), ('LC_IDENTIFICATION', 'lv_LV.UTF-8'), ('QT_IM_MODULE', 'ibus'), ('PWD', '/home/ros2/tower_ws/build/zed_wrapper'), ('XDG_CONFIG_DIRS', '/etc/xdg/xdg-ubuntu:/etc/xdg'), ('XDG_DATA_DIRS', '/usr/share/ubuntu:/usr/share/gnome:/usr/local/share/:/usr/share/:/var/lib/snapd/desktop'), ('PYTHONPATH', '/home/ros2/tower_ws/install/nav_messages/local/lib/python3.10/dist-packages:/home/ros2/Downloads/final-ai/install/py_fakedata/lib/python3.10/site-packages:/home/ros2/Downloads/final-ai/install/py_detectionmessage/lib/python3.10/site-packages:/home/ros2/Downloads/final-ai/install/py_aiproc/lib/python3.10/site-packages:/home/ros2/Downloads/final-ai/install/detectionmessage/local/lib/python3.10/dist-packages:/home/ros2/Downloads/ros2cs/install/lib/python3.10/site-packages:/home/ros2/Downloads/ros2cs/install/local/lib/python3.10/dist-packages:/opt/ros/humble/lib/python3.10/site-packages:/opt/ros/humble/local/lib/python3.10/dist-packages'), ('LC_NUMERIC', 'lv_LV.UTF-8'), ('LC_PAPER', 'lv_LV.UTF-8'), ('COLCON', '1'), ('VTE_VERSION', '6800'), ('CMAKE_PREFIX_PATH', '/home/ros2/tower_ws/install/zed_components:/home/ros2/tower_ws/install/nav_launch:/home/ros2/tower_ws/install/nav_radar:/home/ros2/tower_ws/install/nav_camera:/home/ros2/tower_ws/install/nav_messages:/home/ros2/ros2_ws/install/zed_ros2:/home/ros2/ros2_ws/install/zed_wrapper:/home/ros2/ros2_ws/install/zed_components:/home/ros2/Downloads/final-ai/install/detectionmessage:/home/ros2/Downloads/ros2cs/install:/home/ros2/Downloads/final-ai/install/py_fakedata:/home/ros2/Downloads/final-ai/install/py_detectionmessage:/home/ros2/Downloads/final-ai/install/py_aiproc:/opt/ros/humble')]), 'shell': False}
[35.855337] (zed_wrapper) StdoutLine: {'line': b'-- Install configuration: ""\n'}
[35.855401] (zed_wrapper) StdoutLine: {'line': b'-- Installing: /home/ros2/tower_ws/install/zed_wrapper/share/zed_wrapper/config\n'}
[35.855466] (zed_wrapper) StdoutLine: {'line': b'-- Installing: /home/ros2/tower_ws/install/zed_wrapper/share/zed_wrapper/config/object_detection.yaml\n'}
[35.855546] (zed_wrapper) StdoutLine: {'line': b'-- Installing: /home/ros2/tower_ws/install/zed_wrapper/share/zed_wrapper/config/virtual.yaml\n'}
[35.855575] (zed_wrapper) StdoutLine: {'line': b'-- Installing: /home/ros2/tower_ws/install/zed_wrapper/share/zed_wrapper/config/zedxone4k.yaml\n'}
[35.855600] (zed_wrapper) StdoutLine: {'line': b'-- Installing: /home/ros2/tower_ws/install/zed_wrapper/share/zed_wrapper/config/zedxonegs.yaml\n'}
[35.855627] (zed_wrapper) StdoutLine: {'line': b'-- Installing: /home/ros2/tower_ws/install/zed_wrapper/share/zed_wrapper/config/zedm.yaml\n'}
[35.855649] (zed_wrapper) StdoutLine: {'line': b'-- Installing: /home/ros2/tower_ws/install/zed_wrapper/share/zed_wrapper/config/custom_object_detection.yaml\n'}
[35.855691] (zed_wrapper) StdoutLine: {'line': b'-- Installing: /home/ros2/tower_ws/install/zed_wrapper/share/zed_wrapper/config/zedxhdrmax.yaml\n'}
[35.855741] (zed_wrapper) StdoutLine: {'line': b'-- Installing: /home/ros2/tower_ws/install/zed_wrapper/share/zed_wrapper/config/common_mono.yaml\n'}
[35.855766] (zed_wrapper) StdoutLine: {'line': b'-- Installing: /home/ros2/tower_ws/install/zed_wrapper/share/zed_wrapper/config/zedxm.yaml\n'}
[35.855813] (zed_wrapper) StdoutLine: {'line': b'-- Installing: /home/ros2/tower_ws/install/zed_wrapper/share/zed_wrapper/config/zed.yaml\n'}
[35.855850] (zed_wrapper) StdoutLine: {'line': b'-- Installing: /home/ros2/tower_ws/install/zed_wrapper/share/zed_wrapper/config/zedxonehdr.yaml\n'}
[35.855887] (zed_wrapper) StdoutLine: {'line': b'-- Installing: /home/ros2/tower_ws/install/zed_wrapper/share/zed_wrapper/config/zedxhdrmini.yaml\n'}
[35.855912] (zed_wrapper) StdoutLine: {'line': b'-- Installing: /home/ros2/tower_ws/install/zed_wrapper/share/zed_wrapper/config/zedx.yaml\n'}
[35.855958] (zed_wrapper) StdoutLine: {'line': b'-- Installing: /home/ros2/tower_ws/install/zed_wrapper/share/zed_wrapper/config/zed2.yaml\n'}
[35.855993] (zed_wrapper) StdoutLine: {'line': b'-- Installing: /home/ros2/tower_ws/install/zed_wrapper/share/zed_wrapper/config/common_stereo.yaml\n'}
[35.856017] (zed_wrapper) StdoutLine: {'line': b'-- Installing: /home/ros2/tower_ws/install/zed_wrapper/share/zed_wrapper/config/zed2i.yaml\n'}
[35.856064] (zed_wrapper) StdoutLine: {'line': b'-- Installing: /home/ros2/tower_ws/install/zed_wrapper/share/zed_wrapper/config/zedxhdr.yaml\n'}
[35.856089] (zed_wrapper) StdoutLine: {'line': b'-- Installing: /home/ros2/tower_ws/install/zed_wrapper/share/zed_wrapper/urdf\n'}
[35.856130] (zed_wrapper) StdoutLine: {'line': b'-- Installing: /home/ros2/tower_ws/install/zed_wrapper/share/zed_wrapper/urdf/zed_descr.urdf.xacro\n'}
[35.856171] (zed_wrapper) StdoutLine: {'line': b'-- Installing: /home/ros2/tower_ws/install/zed_wrapper/share/zed_wrapper/urdf/zed_macro.urdf.xacro\n'}
[35.856219] (zed_wrapper) StdoutLine: {'line': b'-- Installing: /home/ros2/tower_ws/install/zed_wrapper/share/zed_wrapper/launch\n'}
[35.856243] (zed_wrapper) StdoutLine: {'line': b'-- Installing: /home/ros2/tower_ws/install/zed_wrapper/share/zed_wrapper/launch/zed_camera.launch.py\n'}
[35.856296] (zed_wrapper) StdoutLine: {'line': b'-- Installing: /home/ros2/tower_ws/install/zed_wrapper/share/ament_index/resource_index/package_run_dependencies/zed_wrapper\n'}
[35.856348] (zed_wrapper) StdoutLine: {'line': b'-- Installing: /home/ros2/tower_ws/install/zed_wrapper/share/ament_index/resource_index/parent_prefix_path/zed_wrapper\n'}
[35.856402] (zed_wrapper) StdoutLine: {'line': b'-- Installing: /home/ros2/tower_ws/install/zed_wrapper/share/zed_wrapper/environment/ament_prefix_path.sh\n'}
[35.856442] (zed_wrapper) StdoutLine: {'line': b'-- Installing: /home/ros2/tower_ws/install/zed_wrapper/share/zed_wrapper/environment/ament_prefix_path.dsv\n'}
[35.856479] (zed_wrapper) StdoutLine: {'line': b'-- Installing: /home/ros2/tower_ws/install/zed_wrapper/share/zed_wrapper/environment/path.sh\n'}
[35.856521] (zed_wrapper) StdoutLine: {'line': b'-- Installing: /home/ros2/tower_ws/install/zed_wrapper/share/zed_wrapper/environment/path.dsv\n'}
[35.856566] (zed_wrapper) StdoutLine: {'line': b'-- Installing: /home/ros2/tower_ws/install/zed_wrapper/share/zed_wrapper/local_setup.bash\n'}
[35.856607] (zed_wrapper) StdoutLine: {'line': b'-- Installing: /home/ros2/tower_ws/install/zed_wrapper/share/zed_wrapper/local_setup.sh\n'}
[35.856647] (zed_wrapper) StdoutLine: {'line': b'-- Installing: /home/ros2/tower_ws/install/zed_wrapper/share/zed_wrapper/local_setup.zsh\n'}
[35.856685] (zed_wrapper) StdoutLine: {'line': b'-- Installing: /home/ros2/tower_ws/install/zed_wrapper/share/zed_wrapper/local_setup.dsv\n'}
[35.856723] (zed_wrapper) StdoutLine: {'line': b'-- Installing: /home/ros2/tower_ws/install/zed_wrapper/share/zed_wrapper/package.dsv\n'}
[35.856765] (zed_wrapper) StdoutLine: {'line': b'-- Installing: /home/ros2/tower_ws/install/zed_wrapper/share/ament_index/resource_index/packages/zed_wrapper\n'}
[35.856816] (zed_wrapper) StdoutLine: {'line': b'-- Installing: /home/ros2/tower_ws/install/zed_wrapper/share/zed_wrapper/cmake/zed_wrapperConfig.cmake\n'}
[35.856855] (zed_wrapper) StdoutLine: {'line': b'-- Installing: /home/ros2/tower_ws/install/zed_wrapper/share/zed_wrapper/cmake/zed_wrapperConfig-version.cmake\n'}
[35.856892] (zed_wrapper) StdoutLine: {'line': b'-- Installing: /home/ros2/tower_ws/install/zed_wrapper/share/zed_wrapper/package.xml\n'}
[35.859901] (zed_wrapper) CommandEnded: {'returncode': 0}
[35.883716] (zed_wrapper) JobEnded: {'identifier': 'zed_wrapper', 'rc': 0}
[35.884668] (zed_ros2) JobStarted: {'identifier': 'zed_ros2'}
[35.897188] (zed_ros2) JobProgress: {'identifier': 'zed_ros2', 'progress': 'cmake'}
[35.898398] (zed_ros2) Command: {'cmd': ['/usr/bin/cmake', '/home/ros2/tower_ws/src/zed-ros2-wrapper/zed_ros2', '-DCMAKE_INSTALL_PREFIX=/home/ros2/tower_ws/install/zed_ros2'], 'cwd': '/home/ros2/tower_ws/build/zed_ros2', 'env': OrderedDict([('LESSOPEN', '| /usr/bin/lesspipe %s'), ('USER', 'ros2'), ('LC_TIME', 'lv_LV.UTF-8'), ('XDG_SESSION_TYPE', 'x11'), ('SHLVL', '1'), ('LD_LIBRARY_PATH', '/home/ros2/tower_ws/install/zed_components/lib:/home/ros2/tower_ws/install/nav_messages/lib:/home/ros2/ros2_ws/install/zed_components/lib:/home/ros2/Downloads/final-ai/install/detectionmessage/lib:/home/ros2/Downloads/ros2cs/install/lib:/opt/ros/humble/opt/rviz_ogre_vendor/lib:/opt/ros/humble/lib/x86_64-linux-gnu:/opt/ros/humble/lib'), ('HOME', '/home/ros2'), ('OLDPWD', '/home/ros2/tower_ws/src'), ('DESKTOP_SESSION', 'ubuntu'), ('ROS_PYTHON_VERSION', '3'), ('GNOME_SHELL_SESSION_MODE', 'ubuntu'), ('GTK_MODULES', 'gail:atk-bridge'), ('LC_MONETARY', 'lv_LV.UTF-8'), ('SYSTEMD_EXEC_PID', '2112'), ('DBUS_SESSION_BUS_ADDRESS', 'unix:path=/run/user/1000/bus'), ('COLORTERM', 'truecolor'), ('COLCON_PREFIX_PATH', '/home/ros2/tower_ws/install:/home/ros2/ros2_ws/install:/home/ros2/Downloads/final-ai/install:/home/ros2/Downloads/ros2cs/install'), ('ROS_DISTRO', 'humble'), ('GTK_IM_MODULE', 'ibus'), ('LOGNAME', 'ros2'), ('_', '/usr/bin/colcon'), ('ROS_VERSION', '2'), ('XDG_SESSION_CLASS', 'user'), ('USERNAME', 'ros2'), ('TERM', 'xterm-256color'), ('GNOME_DESKTOP_SESSION_ID', 'this-is-deprecated'), ('ROS_LOCALHOST_ONLY', '0'), ('WINDOWPATH', '2'), ('PATH', '/opt/ros/humble/bin:/home/ros2/.local/bin:/usr/local/sbin:/usr/local/bin:/usr/sbin:/usr/bin:/sbin:/bin:/usr/games:/usr/local/games:/snap/bin:/snap/bin:/home/ros2/.dotnet/tools'), ('SESSION_MANAGER', 'local/ros2:@/tmp/.ICE-unix/1944,unix/ros2:/tmp/.ICE-unix/1944'), ('XDG_MENU_PREFIX', 'gnome-'), ('LC_ADDRESS', 'lv_LV.UTF-8'), ('GNOME_TERMINAL_SCREEN', '/org/gnome/Terminal/screen/52a08a4d_bf9a_4dd1_a4c1_fcd2684cb791'), ('XDG_RUNTIME_DIR', '/run/user/1000'), ('DISPLAY', ':1'), ('LANG', 'en_US.UTF-8'), ('XDG_CURRENT_DESKTOP', 'ubuntu:GNOME'), ('DOTNET_BUNDLE_EXTRACT_BASE_DIR', '/home/ros2/.cache/dotnet_bundle_extract'), ('LC_TELEPHONE', 'lv_LV.UTF-8'), ('XMODIFIERS', '@im=ibus'), ('XDG_SESSION_DESKTOP', 'ubuntu'), ('XAUTHORITY', '/run/user/1000/gdm/Xauthority'), ('LS_COLORS', 'rs=0:di=01;34:ln=01;36:mh=00:pi=40;33:so=01;35:do=01;35:bd=40;33;01:cd=40;33;01:or=40;31;01:mi=00:su=37;41:sg=30;43:ca=30;41:tw=30;42:ow=34;42:st=37;44:ex=01;32:*.tar=01;31:*.tgz=01;31:*.arc=01;31:*.arj=01;31:*.taz=01;31:*.lha=01;31:*.lz4=01;31:*.lzh=01;31:*.lzma=01;31:*.tlz=01;31:*.txz=01;31:*.tzo=01;31:*.t7z=01;31:*.zip=01;31:*.z=01;31:*.dz=01;31:*.gz=01;31:*.lrz=01;31:*.lz=01;31:*.lzo=01;31:*.xz=01;31:*.zst=01;31:*.tzst=01;31:*.bz2=01;31:*.bz=01;31:*.tbz=01;31:*.tbz2=01;31:*.tz=01;31:*.deb=01;31:*.rpm=01;31:*.jar=01;31:*.war=01;31:*.ear=01;31:*.sar=01;31:*.rar=01;31:*.alz=01;31:*.ace=01;31:*.zoo=01;31:*.cpio=01;31:*.7z=01;31:*.rz=01;31:*.cab=01;31:*.wim=01;31:*.swm=01;31:*.dwm=01;31:*.esd=01;31:*.jpg=01;35:*.jpeg=01;35:*.mjpg=01;35:*.mjpeg=01;35:*.gif=01;35:*.bmp=01;35:*.pbm=01;35:*.pgm=01;35:*.ppm=01;35:*.tga=01;35:*.xbm=01;35:*.xpm=01;35:*.tif=01;35:*.tiff=01;35:*.png=01;35:*.svg=01;35:*.svgz=01;35:*.mng=01;35:*.pcx=01;35:*.mov=01;35:*.mpg=01;35:*.mpeg=01;35:*.m2v=01;35:*.mkv=01;35:*.webm=01;35:*.webp=01;35:*.ogm=01;35:*.mp4=01;35:*.m4v=01;35:*.mp4v=01;35:*.vob=01;35:*.qt=01;35:*.nuv=01;35:*.wmv=01;35:*.asf=01;35:*.rm=01;35:*.rmvb=01;35:*.flc=01;35:*.avi=01;35:*.fli=01;35:*.flv=01;35:*.gl=01;35:*.dl=01;35:*.xcf=01;35:*.xwd=01;35:*.yuv=01;35:*.cgm=01;35:*.emf=01;35:*.ogv=01;35:*.ogx=01;35:*.aac=00;36:*.au=00;36:*.flac=00;36:*.m4a=00;36:*.mid=00;36:*.midi=00;36:*.mka=00;36:*.mp3=00;36:*.mpc=00;36:*.ogg=00;36:*.ra=00;36:*.wav=00;36:*.oga=00;36:*.opus=00;36:*.spx=00;36:*.xspf=00;36:'), ('GNOME_TERMINAL_SERVICE', ':1.103'), ('SSH_AGENT_LAUNCHER', 'gnome-keyring'), ('SSH_AUTH_SOCK', '/run/user/1000/keyring/ssh'), ('AMENT_PREFIX_PATH', '/home/ros2/tower_ws/install/zed_wrapper:/home/ros2/tower_ws/install/zed_components:/home/ros2/tower_ws/install/nav_launch:/home/ros2/tower_ws/install/nav_radar:/home/ros2/tower_ws/install/nav_camera:/home/ros2/tower_ws/install/nav_messages:/home/ros2/ros2_ws/install/zed_ros2:/home/ros2/ros2_ws/install/zed_wrapper:/home/ros2/ros2_ws/install/zed_components:/home/ros2/Downloads/final-ai/install/py_fakedata:/home/ros2/Downloads/final-ai/install/py_detectionmessage:/home/ros2/Downloads/final-ai/install/py_aiproc:/home/ros2/Downloads/final-ai/install/detectionmessage:/home/ros2/Downloads/ros2cs/install:/opt/ros/humble'), ('SHELL', '/bin/bash'), ('LC_NAME', 'lv_LV.UTF-8'), ('QT_ACCESSIBILITY', '1'), ('GDMSESSION', 'ubuntu'), ('LESSCLOSE', '/usr/bin/lesspipe %s %s'), ('LC_MEASUREMENT', 'lv_LV.UTF-8'), ('GPG_AGENT_INFO', '/run/user/1000/gnupg/S.gpg-agent:0:1'), ('LC_IDENTIFICATION', 'lv_LV.UTF-8'), ('QT_IM_MODULE', 'ibus'), ('PWD', '/home/ros2/tower_ws/build/zed_ros2'), ('XDG_CONFIG_DIRS', '/etc/xdg/xdg-ubuntu:/etc/xdg'), ('XDG_DATA_DIRS', '/usr/share/ubuntu:/usr/share/gnome:/usr/local/share/:/usr/share/:/var/lib/snapd/desktop'), ('PYTHONPATH', '/home/ros2/tower_ws/install/nav_messages/local/lib/python3.10/dist-packages:/home/ros2/Downloads/final-ai/install/py_fakedata/lib/python3.10/site-packages:/home/ros2/Downloads/final-ai/install/py_detectionmessage/lib/python3.10/site-packages:/home/ros2/Downloads/final-ai/install/py_aiproc/lib/python3.10/site-packages:/home/ros2/Downloads/final-ai/install/detectionmessage/local/lib/python3.10/dist-packages:/home/ros2/Downloads/ros2cs/install/lib/python3.10/site-packages:/home/ros2/Downloads/ros2cs/install/local/lib/python3.10/dist-packages:/opt/ros/humble/lib/python3.10/site-packages:/opt/ros/humble/local/lib/python3.10/dist-packages'), ('LC_NUMERIC', 'lv_LV.UTF-8'), ('LC_PAPER', 'lv_LV.UTF-8'), ('COLCON', '1'), ('VTE_VERSION', '6800'), ('CMAKE_PREFIX_PATH', '/home/ros2/tower_ws/install/zed_wrapper:/home/ros2/tower_ws/install/zed_components:/home/ros2/tower_ws/install/nav_launch:/home/ros2/tower_ws/install/nav_radar:/home/ros2/tower_ws/install/nav_camera:/home/ros2/tower_ws/install/nav_messages:/home/ros2/ros2_ws/install/zed_ros2:/home/ros2/ros2_ws/install/zed_wrapper:/home/ros2/ros2_ws/install/zed_components:/home/ros2/Downloads/final-ai/install/detectionmessage:/home/ros2/Downloads/ros2cs/install:/home/ros2/Downloads/final-ai/install/py_fakedata:/home/ros2/Downloads/final-ai/install/py_detectionmessage:/home/ros2/Downloads/final-ai/install/py_aiproc:/opt/ros/humble')]), 'shell': False}
[35.901109] (-) TimerEvent: {}
[35.936611] (zed_ros2) StdoutLine: {'line': b'-- Found ament_cmake_auto: 1.3.14 (/opt/ros/humble/share/ament_cmake_auto/cmake)\n'}
[36.001225] (-) TimerEvent: {}
[36.075692] (zed_ros2) StdoutLine: {'line': b'-- Found Python3: /usr/bin/python3 (found version "3.10.12") found components: Interpreter \n'}
[36.101307] (-) TimerEvent: {}
[36.189056] (zed_ros2) StdoutLine: {'line': b'-- Found ament_lint_auto: 0.12.15 (/opt/ros/humble/share/ament_lint_auto/cmake)\n'}
[36.201389] (-) TimerEvent: {}
[36.201539] (zed_ros2) StdoutLine: {'line': b"-- Added test 'copyright' to check source files copyright and LICENSE\n"}
[36.202167] (zed_ros2) StdoutLine: {'line': b"-- Added test 'lint_cmake' to check CMake code style\n"}
[36.202541] (zed_ros2) StdoutLine: {'line': b"-- Added test 'xmllint' to check XML markup files\n"}
[36.203142] (zed_ros2) StdoutLine: {'line': b'-- Configuring done\n'}
[36.204244] (zed_ros2) StdoutLine: {'line': b'-- Generating done\n'}
[36.205055] (zed_ros2) StdoutLine: {'line': b'-- Build files have been written to: /home/ros2/tower_ws/build/zed_ros2\n'}
[36.206490] (zed_ros2) CommandEnded: {'returncode': 0}
[36.206852] (zed_ros2) JobProgress: {'identifier': 'zed_ros2', 'progress': 'build'}
[36.206993] (zed_ros2) Command: {'cmd': ['/usr/bin/cmake', '--build', '/home/ros2/tower_ws/build/zed_ros2', '--', '-j24', '-l24'], 'cwd': '/home/ros2/tower_ws/build/zed_ros2', 'env': OrderedDict([('LESSOPEN', '| /usr/bin/lesspipe %s'), ('USER', 'ros2'), ('LC_TIME', 'lv_LV.UTF-8'), ('XDG_SESSION_TYPE', 'x11'), ('SHLVL', '1'), ('LD_LIBRARY_PATH', '/home/ros2/tower_ws/install/zed_components/lib:/home/ros2/tower_ws/install/nav_messages/lib:/home/ros2/ros2_ws/install/zed_components/lib:/home/ros2/Downloads/final-ai/install/detectionmessage/lib:/home/ros2/Downloads/ros2cs/install/lib:/opt/ros/humble/opt/rviz_ogre_vendor/lib:/opt/ros/humble/lib/x86_64-linux-gnu:/opt/ros/humble/lib'), ('HOME', '/home/ros2'), ('OLDPWD', '/home/ros2/tower_ws/src'), ('DESKTOP_SESSION', 'ubuntu'), ('ROS_PYTHON_VERSION', '3'), ('GNOME_SHELL_SESSION_MODE', 'ubuntu'), ('GTK_MODULES', 'gail:atk-bridge'), ('LC_MONETARY', 'lv_LV.UTF-8'), ('SYSTEMD_EXEC_PID', '2112'), ('DBUS_SESSION_BUS_ADDRESS', 'unix:path=/run/user/1000/bus'), ('COLORTERM', 'truecolor'), ('COLCON_PREFIX_PATH', '/home/ros2/tower_ws/install:/home/ros2/ros2_ws/install:/home/ros2/Downloads/final-ai/install:/home/ros2/Downloads/ros2cs/install'), ('ROS_DISTRO', 'humble'), ('GTK_IM_MODULE', 'ibus'), ('LOGNAME', 'ros2'), ('_', '/usr/bin/colcon'), ('ROS_VERSION', '2'), ('XDG_SESSION_CLASS', 'user'), ('USERNAME', 'ros2'), ('TERM', 'xterm-256color'), ('GNOME_DESKTOP_SESSION_ID', 'this-is-deprecated'), ('ROS_LOCALHOST_ONLY', '0'), ('WINDOWPATH', '2'), ('PATH', '/opt/ros/humble/bin:/home/ros2/.local/bin:/usr/local/sbin:/usr/local/bin:/usr/sbin:/usr/bin:/sbin:/bin:/usr/games:/usr/local/games:/snap/bin:/snap/bin:/home/ros2/.dotnet/tools'), ('SESSION_MANAGER', 'local/ros2:@/tmp/.ICE-unix/1944,unix/ros2:/tmp/.ICE-unix/1944'), ('XDG_MENU_PREFIX', 'gnome-'), ('LC_ADDRESS', 'lv_LV.UTF-8'), ('GNOME_TERMINAL_SCREEN', '/org/gnome/Terminal/screen/52a08a4d_bf9a_4dd1_a4c1_fcd2684cb791'), ('XDG_RUNTIME_DIR', '/run/user/1000'), ('DISPLAY', ':1'), ('LANG', 'en_US.UTF-8'), ('XDG_CURRENT_DESKTOP', 'ubuntu:GNOME'), ('DOTNET_BUNDLE_EXTRACT_BASE_DIR', '/home/ros2/.cache/dotnet_bundle_extract'), ('LC_TELEPHONE', 'lv_LV.UTF-8'), ('XMODIFIERS', '@im=ibus'), ('XDG_SESSION_DESKTOP', 'ubuntu'), ('XAUTHORITY', '/run/user/1000/gdm/Xauthority'), ('LS_COLORS', 'rs=0:di=01;34:ln=01;36:mh=00:pi=40;33:so=01;35:do=01;35:bd=40;33;01:cd=40;33;01:or=40;31;01:mi=00:su=37;41:sg=30;43:ca=30;41:tw=30;42:ow=34;42:st=37;44:ex=01;32:*.tar=01;31:*.tgz=01;31:*.arc=01;31:*.arj=01;31:*.taz=01;31:*.lha=01;31:*.lz4=01;31:*.lzh=01;31:*.lzma=01;31:*.tlz=01;31:*.txz=01;31:*.tzo=01;31:*.t7z=01;31:*.zip=01;31:*.z=01;31:*.dz=01;31:*.gz=01;31:*.lrz=01;31:*.lz=01;31:*.lzo=01;31:*.xz=01;31:*.zst=01;31:*.tzst=01;31:*.bz2=01;31:*.bz=01;31:*.tbz=01;31:*.tbz2=01;31:*.tz=01;31:*.deb=01;31:*.rpm=01;31:*.jar=01;31:*.war=01;31:*.ear=01;31:*.sar=01;31:*.rar=01;31:*.alz=01;31:*.ace=01;31:*.zoo=01;31:*.cpio=01;31:*.7z=01;31:*.rz=01;31:*.cab=01;31:*.wim=01;31:*.swm=01;31:*.dwm=01;31:*.esd=01;31:*.jpg=01;35:*.jpeg=01;35:*.mjpg=01;35:*.mjpeg=01;35:*.gif=01;35:*.bmp=01;35:*.pbm=01;35:*.pgm=01;35:*.ppm=01;35:*.tga=01;35:*.xbm=01;35:*.xpm=01;35:*.tif=01;35:*.tiff=01;35:*.png=01;35:*.svg=01;35:*.svgz=01;35:*.mng=01;35:*.pcx=01;35:*.mov=01;35:*.mpg=01;35:*.mpeg=01;35:*.m2v=01;35:*.mkv=01;35:*.webm=01;35:*.webp=01;35:*.ogm=01;35:*.mp4=01;35:*.m4v=01;35:*.mp4v=01;35:*.vob=01;35:*.qt=01;35:*.nuv=01;35:*.wmv=01;35:*.asf=01;35:*.rm=01;35:*.rmvb=01;35:*.flc=01;35:*.avi=01;35:*.fli=01;35:*.flv=01;35:*.gl=01;35:*.dl=01;35:*.xcf=01;35:*.xwd=01;35:*.yuv=01;35:*.cgm=01;35:*.emf=01;35:*.ogv=01;35:*.ogx=01;35:*.aac=00;36:*.au=00;36:*.flac=00;36:*.m4a=00;36:*.mid=00;36:*.midi=00;36:*.mka=00;36:*.mp3=00;36:*.mpc=00;36:*.ogg=00;36:*.ra=00;36:*.wav=00;36:*.oga=00;36:*.opus=00;36:*.spx=00;36:*.xspf=00;36:'), ('GNOME_TERMINAL_SERVICE', ':1.103'), ('SSH_AGENT_LAUNCHER', 'gnome-keyring'), ('SSH_AUTH_SOCK', '/run/user/1000/keyring/ssh'), ('AMENT_PREFIX_PATH', '/home/ros2/tower_ws/install/zed_wrapper:/home/ros2/tower_ws/install/zed_components:/home/ros2/tower_ws/install/nav_launch:/home/ros2/tower_ws/install/nav_radar:/home/ros2/tower_ws/install/nav_camera:/home/ros2/tower_ws/install/nav_messages:/home/ros2/ros2_ws/install/zed_ros2:/home/ros2/ros2_ws/install/zed_wrapper:/home/ros2/ros2_ws/install/zed_components:/home/ros2/Downloads/final-ai/install/py_fakedata:/home/ros2/Downloads/final-ai/install/py_detectionmessage:/home/ros2/Downloads/final-ai/install/py_aiproc:/home/ros2/Downloads/final-ai/install/detectionmessage:/home/ros2/Downloads/ros2cs/install:/opt/ros/humble'), ('SHELL', '/bin/bash'), ('LC_NAME', 'lv_LV.UTF-8'), ('QT_ACCESSIBILITY', '1'), ('GDMSESSION', 'ubuntu'), ('LESSCLOSE', '/usr/bin/lesspipe %s %s'), ('LC_MEASUREMENT', 'lv_LV.UTF-8'), ('GPG_AGENT_INFO', '/run/user/1000/gnupg/S.gpg-agent:0:1'), ('LC_IDENTIFICATION', 'lv_LV.UTF-8'), ('QT_IM_MODULE', 'ibus'), ('PWD', '/home/ros2/tower_ws/build/zed_ros2'), ('XDG_CONFIG_DIRS', '/etc/xdg/xdg-ubuntu:/etc/xdg'), ('XDG_DATA_DIRS', '/usr/share/ubuntu:/usr/share/gnome:/usr/local/share/:/usr/share/:/var/lib/snapd/desktop'), ('PYTHONPATH', '/home/ros2/tower_ws/install/nav_messages/local/lib/python3.10/dist-packages:/home/ros2/Downloads/final-ai/install/py_fakedata/lib/python3.10/site-packages:/home/ros2/Downloads/final-ai/install/py_detectionmessage/lib/python3.10/site-packages:/home/ros2/Downloads/final-ai/install/py_aiproc/lib/python3.10/site-packages:/home/ros2/Downloads/final-ai/install/detectionmessage/local/lib/python3.10/dist-packages:/home/ros2/Downloads/ros2cs/install/lib/python3.10/site-packages:/home/ros2/Downloads/ros2cs/install/local/lib/python3.10/dist-packages:/opt/ros/humble/lib/python3.10/site-packages:/opt/ros/humble/local/lib/python3.10/dist-packages'), ('LC_NUMERIC', 'lv_LV.UTF-8'), ('LC_PAPER', 'lv_LV.UTF-8'), ('COLCON', '1'), ('VTE_VERSION', '6800'), ('CMAKE_PREFIX_PATH', '/home/ros2/tower_ws/install/zed_wrapper:/home/ros2/tower_ws/install/zed_components:/home/ros2/tower_ws/install/nav_launch:/home/ros2/tower_ws/install/nav_radar:/home/ros2/tower_ws/install/nav_camera:/home/ros2/tower_ws/install/nav_messages:/home/ros2/ros2_ws/install/zed_ros2:/home/ros2/ros2_ws/install/zed_wrapper:/home/ros2/ros2_ws/install/zed_components:/home/ros2/Downloads/final-ai/install/detectionmessage:/home/ros2/Downloads/ros2cs/install:/home/ros2/Downloads/final-ai/install/py_fakedata:/home/ros2/Downloads/final-ai/install/py_detectionmessage:/home/ros2/Downloads/final-ai/install/py_aiproc:/opt/ros/humble')]), 'shell': False}
[36.242353] (zed_ros2) CommandEnded: {'returncode': 0}
[36.243255] (zed_ros2) JobProgress: {'identifier': 'zed_ros2', 'progress': 'install'}
[36.243803] (zed_ros2) Command: {'cmd': ['/usr/bin/cmake', '--install', '/home/ros2/tower_ws/build/zed_ros2'], 'cwd': '/home/ros2/tower_ws/build/zed_ros2', 'env': OrderedDict([('LESSOPEN', '| /usr/bin/lesspipe %s'), ('USER', 'ros2'), ('LC_TIME', 'lv_LV.UTF-8'), ('XDG_SESSION_TYPE', 'x11'), ('SHLVL', '1'), ('LD_LIBRARY_PATH', '/home/ros2/tower_ws/install/zed_components/lib:/home/ros2/tower_ws/install/nav_messages/lib:/home/ros2/ros2_ws/install/zed_components/lib:/home/ros2/Downloads/final-ai/install/detectionmessage/lib:/home/ros2/Downloads/ros2cs/install/lib:/opt/ros/humble/opt/rviz_ogre_vendor/lib:/opt/ros/humble/lib/x86_64-linux-gnu:/opt/ros/humble/lib'), ('HOME', '/home/ros2'), ('OLDPWD', '/home/ros2/tower_ws/src'), ('DESKTOP_SESSION', 'ubuntu'), ('ROS_PYTHON_VERSION', '3'), ('GNOME_SHELL_SESSION_MODE', 'ubuntu'), ('GTK_MODULES', 'gail:atk-bridge'), ('LC_MONETARY', 'lv_LV.UTF-8'), ('SYSTEMD_EXEC_PID', '2112'), ('DBUS_SESSION_BUS_ADDRESS', 'unix:path=/run/user/1000/bus'), ('COLORTERM', 'truecolor'), ('COLCON_PREFIX_PATH', '/home/ros2/tower_ws/install:/home/ros2/ros2_ws/install:/home/ros2/Downloads/final-ai/install:/home/ros2/Downloads/ros2cs/install'), ('ROS_DISTRO', 'humble'), ('GTK_IM_MODULE', 'ibus'), ('LOGNAME', 'ros2'), ('_', '/usr/bin/colcon'), ('ROS_VERSION', '2'), ('XDG_SESSION_CLASS', 'user'), ('USERNAME', 'ros2'), ('TERM', 'xterm-256color'), ('GNOME_DESKTOP_SESSION_ID', 'this-is-deprecated'), ('ROS_LOCALHOST_ONLY', '0'), ('WINDOWPATH', '2'), ('PATH', '/opt/ros/humble/bin:/home/ros2/.local/bin:/usr/local/sbin:/usr/local/bin:/usr/sbin:/usr/bin:/sbin:/bin:/usr/games:/usr/local/games:/snap/bin:/snap/bin:/home/ros2/.dotnet/tools'), ('SESSION_MANAGER', 'local/ros2:@/tmp/.ICE-unix/1944,unix/ros2:/tmp/.ICE-unix/1944'), ('XDG_MENU_PREFIX', 'gnome-'), ('LC_ADDRESS', 'lv_LV.UTF-8'), ('GNOME_TERMINAL_SCREEN', '/org/gnome/Terminal/screen/52a08a4d_bf9a_4dd1_a4c1_fcd2684cb791'), ('XDG_RUNTIME_DIR', '/run/user/1000'), ('DISPLAY', ':1'), ('LANG', 'en_US.UTF-8'), ('XDG_CURRENT_DESKTOP', 'ubuntu:GNOME'), ('DOTNET_BUNDLE_EXTRACT_BASE_DIR', '/home/ros2/.cache/dotnet_bundle_extract'), ('LC_TELEPHONE', 'lv_LV.UTF-8'), ('XMODIFIERS', '@im=ibus'), ('XDG_SESSION_DESKTOP', 'ubuntu'), ('XAUTHORITY', '/run/user/1000/gdm/Xauthority'), ('LS_COLORS', 'rs=0:di=01;34:ln=01;36:mh=00:pi=40;33:so=01;35:do=01;35:bd=40;33;01:cd=40;33;01:or=40;31;01:mi=00:su=37;41:sg=30;43:ca=30;41:tw=30;42:ow=34;42:st=37;44:ex=01;32:*.tar=01;31:*.tgz=01;31:*.arc=01;31:*.arj=01;31:*.taz=01;31:*.lha=01;31:*.lz4=01;31:*.lzh=01;31:*.lzma=01;31:*.tlz=01;31:*.txz=01;31:*.tzo=01;31:*.t7z=01;31:*.zip=01;31:*.z=01;31:*.dz=01;31:*.gz=01;31:*.lrz=01;31:*.lz=01;31:*.lzo=01;31:*.xz=01;31:*.zst=01;31:*.tzst=01;31:*.bz2=01;31:*.bz=01;31:*.tbz=01;31:*.tbz2=01;31:*.tz=01;31:*.deb=01;31:*.rpm=01;31:*.jar=01;31:*.war=01;31:*.ear=01;31:*.sar=01;31:*.rar=01;31:*.alz=01;31:*.ace=01;31:*.zoo=01;31:*.cpio=01;31:*.7z=01;31:*.rz=01;31:*.cab=01;31:*.wim=01;31:*.swm=01;31:*.dwm=01;31:*.esd=01;31:*.jpg=01;35:*.jpeg=01;35:*.mjpg=01;35:*.mjpeg=01;35:*.gif=01;35:*.bmp=01;35:*.pbm=01;35:*.pgm=01;35:*.ppm=01;35:*.tga=01;35:*.xbm=01;35:*.xpm=01;35:*.tif=01;35:*.tiff=01;35:*.png=01;35:*.svg=01;35:*.svgz=01;35:*.mng=01;35:*.pcx=01;35:*.mov=01;35:*.mpg=01;35:*.mpeg=01;35:*.m2v=01;35:*.mkv=01;35:*.webm=01;35:*.webp=01;35:*.ogm=01;35:*.mp4=01;35:*.m4v=01;35:*.mp4v=01;35:*.vob=01;35:*.qt=01;35:*.nuv=01;35:*.wmv=01;35:*.asf=01;35:*.rm=01;35:*.rmvb=01;35:*.flc=01;35:*.avi=01;35:*.fli=01;35:*.flv=01;35:*.gl=01;35:*.dl=01;35:*.xcf=01;35:*.xwd=01;35:*.yuv=01;35:*.cgm=01;35:*.emf=01;35:*.ogv=01;35:*.ogx=01;35:*.aac=00;36:*.au=00;36:*.flac=00;36:*.m4a=00;36:*.mid=00;36:*.midi=00;36:*.mka=00;36:*.mp3=00;36:*.mpc=00;36:*.ogg=00;36:*.ra=00;36:*.wav=00;36:*.oga=00;36:*.opus=00;36:*.spx=00;36:*.xspf=00;36:'), ('GNOME_TERMINAL_SERVICE', ':1.103'), ('SSH_AGENT_LAUNCHER', 'gnome-keyring'), ('SSH_AUTH_SOCK', '/run/user/1000/keyring/ssh'), ('AMENT_PREFIX_PATH', '/home/ros2/tower_ws/install/zed_wrapper:/home/ros2/tower_ws/install/zed_components:/home/ros2/tower_ws/install/nav_launch:/home/ros2/tower_ws/install/nav_radar:/home/ros2/tower_ws/install/nav_camera:/home/ros2/tower_ws/install/nav_messages:/home/ros2/ros2_ws/install/zed_ros2:/home/ros2/ros2_ws/install/zed_wrapper:/home/ros2/ros2_ws/install/zed_components:/home/ros2/Downloads/final-ai/install/py_fakedata:/home/ros2/Downloads/final-ai/install/py_detectionmessage:/home/ros2/Downloads/final-ai/install/py_aiproc:/home/ros2/Downloads/final-ai/install/detectionmessage:/home/ros2/Downloads/ros2cs/install:/opt/ros/humble'), ('SHELL', '/bin/bash'), ('LC_NAME', 'lv_LV.UTF-8'), ('QT_ACCESSIBILITY', '1'), ('GDMSESSION', 'ubuntu'), ('LESSCLOSE', '/usr/bin/lesspipe %s %s'), ('LC_MEASUREMENT', 'lv_LV.UTF-8'), ('GPG_AGENT_INFO', '/run/user/1000/gnupg/S.gpg-agent:0:1'), ('LC_IDENTIFICATION', 'lv_LV.UTF-8'), ('QT_IM_MODULE', 'ibus'), ('PWD', '/home/ros2/tower_ws/build/zed_ros2'), ('XDG_CONFIG_DIRS', '/etc/xdg/xdg-ubuntu:/etc/xdg'), ('XDG_DATA_DIRS', '/usr/share/ubuntu:/usr/share/gnome:/usr/local/share/:/usr/share/:/var/lib/snapd/desktop'), ('PYTHONPATH', '/home/ros2/tower_ws/install/nav_messages/local/lib/python3.10/dist-packages:/home/ros2/Downloads/final-ai/install/py_fakedata/lib/python3.10/site-packages:/home/ros2/Downloads/final-ai/install/py_detectionmessage/lib/python3.10/site-packages:/home/ros2/Downloads/final-ai/install/py_aiproc/lib/python3.10/site-packages:/home/ros2/Downloads/final-ai/install/detectionmessage/local/lib/python3.10/dist-packages:/home/ros2/Downloads/ros2cs/install/lib/python3.10/site-packages:/home/ros2/Downloads/ros2cs/install/local/lib/python3.10/dist-packages:/opt/ros/humble/lib/python3.10/site-packages:/opt/ros/humble/local/lib/python3.10/dist-packages'), ('LC_NUMERIC', 'lv_LV.UTF-8'), ('LC_PAPER', 'lv_LV.UTF-8'), ('COLCON', '1'), ('VTE_VERSION', '6800'), ('CMAKE_PREFIX_PATH', '/home/ros2/tower_ws/install/zed_wrapper:/home/ros2/tower_ws/install/zed_components:/home/ros2/tower_ws/install/nav_launch:/home/ros2/tower_ws/install/nav_radar:/home/ros2/tower_ws/install/nav_camera:/home/ros2/tower_ws/install/nav_messages:/home/ros2/ros2_ws/install/zed_ros2:/home/ros2/ros2_ws/install/zed_wrapper:/home/ros2/ros2_ws/install/zed_components:/home/ros2/Downloads/final-ai/install/detectionmessage:/home/ros2/Downloads/ros2cs/install:/home/ros2/Downloads/final-ai/install/py_fakedata:/home/ros2/Downloads/final-ai/install/py_detectionmessage:/home/ros2/Downloads/final-ai/install/py_aiproc:/opt/ros/humble')]), 'shell': False}
[36.255645] (zed_ros2) StdoutLine: {'line': b'-- Install configuration: ""\n'}
[36.255830] (zed_ros2) StdoutLine: {'line': b'-- Installing: /home/ros2/tower_ws/install/zed_ros2/share/ament_index/resource_index/package_run_dependencies/zed_ros2\n'}
[36.256036] (zed_ros2) StdoutLine: {'line': b'-- Installing: /home/ros2/tower_ws/install/zed_ros2/share/ament_index/resource_index/parent_prefix_path/zed_ros2\n'}
[36.256187] (zed_ros2) StdoutLine: {'line': b'-- Installing: /home/ros2/tower_ws/install/zed_ros2/share/zed_ros2/environment/ament_prefix_path.sh\n'}
[36.256283] (zed_ros2) StdoutLine: {'line': b'-- Installing: /home/ros2/tower_ws/install/zed_ros2/share/zed_ros2/environment/ament_prefix_path.dsv\n'}
[36.256386] (zed_ros2) StdoutLine: {'line': b'-- Installing: /home/ros2/tower_ws/install/zed_ros2/share/zed_ros2/environment/path.sh\n'}
[36.256476] (zed_ros2) StdoutLine: {'line': b'-- Installing: /home/ros2/tower_ws/install/zed_ros2/share/zed_ros2/environment/path.dsv\n'}
[36.256585] (zed_ros2) StdoutLine: {'line': b'-- Installing: /home/ros2/tower_ws/install/zed_ros2/share/zed_ros2/local_setup.bash\n'}
[36.256680] (zed_ros2) StdoutLine: {'line': b'-- Installing: /home/ros2/tower_ws/install/zed_ros2/share/zed_ros2/local_setup.sh\n'}
[36.256779] (zed_ros2) StdoutLine: {'line': b'-- Installing: /home/ros2/tower_ws/install/zed_ros2/share/zed_ros2/local_setup.zsh\n'}
[36.256867] (zed_ros2) StdoutLine: {'line': b'-- Installing: /home/ros2/tower_ws/install/zed_ros2/share/zed_ros2/local_setup.dsv\n'}
[36.256961] (zed_ros2) StdoutLine: {'line': b'-- Installing: /home/ros2/tower_ws/install/zed_ros2/share/zed_ros2/package.dsv\n'}
[36.257089] (zed_ros2) StdoutLine: {'line': b'-- Installing: /home/ros2/tower_ws/install/zed_ros2/share/ament_index/resource_index/packages/zed_ros2\n'}
[36.257210] (zed_ros2) StdoutLine: {'line': b'-- Installing: /home/ros2/tower_ws/install/zed_ros2/share/zed_ros2/cmake/zed_ros2Config.cmake\n'}
[36.257289] (zed_ros2) StdoutLine: {'line': b'-- Installing: /home/ros2/tower_ws/install/zed_ros2/share/zed_ros2/cmake/zed_ros2Config-version.cmake\n'}
[36.257385] (zed_ros2) StdoutLine: {'line': b'-- Installing: /home/ros2/tower_ws/install/zed_ros2/share/zed_ros2/package.xml\n'}
[36.259631] (zed_ros2) CommandEnded: {'returncode': 0}
[36.277103] (zed_ros2) JobEnded: {'identifier': 'zed_ros2', 'rc': 0}
[36.277623] (-) EventReactorShutdown: {}
