[0.055s] DEBUG:colcon:Command line arguments: ['/usr/bin/colcon', 'build']
[0.055s] DEBUG:colcon:Parsed command line arguments: Namespace(log_base=None, log_level=None, verb_name='build', build_base='build', install_base='install', merge_install=False, symlink_install=False, test_result_base=None, continue_on_error=False, executor='parallel', parallel_workers=24, event_handlers=None, ignore_user_meta=False, metas=['./colcon.meta'], base_paths=['.'], packages_ignore=None, packages_ignore_regex=None, paths=None, packages_up_to=None, packages_up_to_regex=None, packages_above=None, packages_above_and_dependencies=None, packages_above_depth=None, packages_select_by_dep=None, packages_skip_by_dep=None, packages_skip_up_to=None, packages_select_build_failed=False, packages_skip_build_finished=False, packages_select_test_failures=False, packages_skip_test_passed=False, packages_select=None, packages_skip=None, packages_select_regex=None, packages_skip_regex=None, packages_start=None, packages_end=None, allow_overriding=[], cmake_args=None, cmake_target=None, cmake_target_skip_unavailable=False, cmake_clean_cache=False, cmake_clean_first=False, cmake_force_configure=False, ament_cmake_args=None, catkin_cmake_args=None, catkin_skip_building_tests=False, mixin_files=None, mixin=None, verb_parser=<colcon_mixin.mixin.mixin_argument.MixinArgumentDecorator object at 0x7a1118f5f580>, verb_extension=<colcon_core.verb.build.BuildVerb object at 0x7a11190a87f0>, main=<bound method BuildVerb.main of <colcon_core.verb.build.BuildVerb object at 0x7a11190a87f0>>, mixin_verb=('build',))
[0.133s] Level 1:colcon.colcon_core.package_discovery:discover_packages(colcon_meta) check parameters
[0.133s] Level 1:colcon.colcon_core.package_discovery:discover_packages(recursive) check parameters
[0.133s] Level 1:colcon.colcon_core.package_discovery:discover_packages(ignore) check parameters
[0.133s] Level 1:colcon.colcon_core.package_discovery:discover_packages(path) check parameters
[0.133s] Level 1:colcon.colcon_core.package_discovery:discover_packages(colcon_meta) discover
[0.133s] Level 1:colcon.colcon_core.package_discovery:discover_packages(recursive) discover
[0.134s] INFO:colcon.colcon_core.package_discovery:Crawling recursively for packages in '/home/ros2/tower_ws'
[0.134s] Level 1:colcon.colcon_core.package_identification:_identify(.) by extensions ['ignore', 'ignore_ament_install']
[0.134s] Level 1:colcon.colcon_core.package_identification:_identify(.) by extension 'ignore'
[0.134s] Level 1:colcon.colcon_core.package_identification:_identify(.) by extension 'ignore_ament_install'
[0.134s] Level 1:colcon.colcon_core.package_identification:_identify(.) by extensions ['colcon_pkg']
[0.134s] Level 1:colcon.colcon_core.package_identification:_identify(.) by extension 'colcon_pkg'
[0.134s] Level 1:colcon.colcon_core.package_identification:_identify(.) by extensions ['colcon_meta']
[0.134s] Level 1:colcon.colcon_core.package_identification:_identify(.) by extension 'colcon_meta'
[0.134s] Level 1:colcon.colcon_core.package_identification:_identify(.) by extensions ['ros']
[0.134s] Level 1:colcon.colcon_core.package_identification:_identify(.) by extension 'ros'
[0.139s] Level 1:colcon.colcon_core.package_identification:_identify(.) by extensions ['cmake', 'python']
[0.139s] Level 1:colcon.colcon_core.package_identification:_identify(.) by extension 'cmake'
[0.139s] Level 1:colcon.colcon_core.package_identification:_identify(.) by extension 'python'
[0.139s] Level 1:colcon.colcon_core.package_identification:_identify(.) by extensions ['python_setup_py']
[0.139s] Level 1:colcon.colcon_core.package_identification:_identify(.) by extension 'python_setup_py'
[0.139s] Level 1:colcon.colcon_core.package_identification:_identify(build) by extensions ['ignore', 'ignore_ament_install']
[0.139s] Level 1:colcon.colcon_core.package_identification:_identify(build) by extension 'ignore'
[0.139s] Level 1:colcon.colcon_core.package_identification:_identify(build) ignored
[0.139s] Level 1:colcon.colcon_core.package_identification:_identify(install) by extensions ['ignore', 'ignore_ament_install']
[0.139s] Level 1:colcon.colcon_core.package_identification:_identify(install) by extension 'ignore'
[0.139s] Level 1:colcon.colcon_core.package_identification:_identify(install) ignored
[0.140s] Level 1:colcon.colcon_core.package_identification:_identify(log) by extensions ['ignore', 'ignore_ament_install']
[0.140s] Level 1:colcon.colcon_core.package_identification:_identify(log) by extension 'ignore'
[0.140s] Level 1:colcon.colcon_core.package_identification:_identify(log) ignored
[0.140s] Level 1:colcon.colcon_core.package_identification:_identify(src) by extensions ['ignore', 'ignore_ament_install']
[0.140s] Level 1:colcon.colcon_core.package_identification:_identify(src) by extension 'ignore'
[0.140s] Level 1:colcon.colcon_core.package_identification:_identify(src) by extension 'ignore_ament_install'
[0.140s] Level 1:colcon.colcon_core.package_identification:_identify(src) by extensions ['colcon_pkg']
[0.140s] Level 1:colcon.colcon_core.package_identification:_identify(src) by extension 'colcon_pkg'
[0.140s] Level 1:colcon.colcon_core.package_identification:_identify(src) by extensions ['colcon_meta']
[0.140s] Level 1:colcon.colcon_core.package_identification:_identify(src) by extension 'colcon_meta'
[0.140s] Level 1:colcon.colcon_core.package_identification:_identify(src) by extensions ['ros']
[0.140s] Level 1:colcon.colcon_core.package_identification:_identify(src) by extension 'ros'
[0.140s] Level 1:colcon.colcon_core.package_identification:_identify(src) by extensions ['cmake', 'python']
[0.140s] Level 1:colcon.colcon_core.package_identification:_identify(src) by extension 'cmake'
[0.140s] Level 1:colcon.colcon_core.package_identification:_identify(src) by extension 'python'
[0.140s] Level 1:colcon.colcon_core.package_identification:_identify(src) by extensions ['python_setup_py']
[0.140s] Level 1:colcon.colcon_core.package_identification:_identify(src) by extension 'python_setup_py'
[0.140s] Level 1:colcon.colcon_core.package_identification:_identify(src/navtech) by extensions ['ignore', 'ignore_ament_install']
[0.140s] Level 1:colcon.colcon_core.package_identification:_identify(src/navtech) by extension 'ignore'
[0.140s] Level 1:colcon.colcon_core.package_identification:_identify(src/navtech) by extension 'ignore_ament_install'
[0.140s] Level 1:colcon.colcon_core.package_identification:_identify(src/navtech) by extensions ['colcon_pkg']
[0.140s] Level 1:colcon.colcon_core.package_identification:_identify(src/navtech) by extension 'colcon_pkg'
[0.140s] Level 1:colcon.colcon_core.package_identification:_identify(src/navtech) by extensions ['colcon_meta']
[0.140s] Level 1:colcon.colcon_core.package_identification:_identify(src/navtech) by extension 'colcon_meta'
[0.140s] Level 1:colcon.colcon_core.package_identification:_identify(src/navtech) by extensions ['ros']
[0.140s] Level 1:colcon.colcon_core.package_identification:_identify(src/navtech) by extension 'ros'
[0.140s] Level 1:colcon.colcon_core.package_identification:_identify(src/navtech) by extensions ['cmake', 'python']
[0.140s] Level 1:colcon.colcon_core.package_identification:_identify(src/navtech) by extension 'cmake'
[0.140s] Level 1:colcon.colcon_core.package_identification:_identify(src/navtech) by extension 'python'
[0.140s] Level 1:colcon.colcon_core.package_identification:_identify(src/navtech) by extensions ['python_setup_py']
[0.140s] Level 1:colcon.colcon_core.package_identification:_identify(src/navtech) by extension 'python_setup_py'
[0.140s] Level 1:colcon.colcon_core.package_identification:_identify(src/navtech/src) by extensions ['ignore', 'ignore_ament_install']
[0.140s] Level 1:colcon.colcon_core.package_identification:_identify(src/navtech/src) by extension 'ignore'
[0.140s] Level 1:colcon.colcon_core.package_identification:_identify(src/navtech/src) by extension 'ignore_ament_install'
[0.140s] Level 1:colcon.colcon_core.package_identification:_identify(src/navtech/src) by extensions ['colcon_pkg']
[0.140s] Level 1:colcon.colcon_core.package_identification:_identify(src/navtech/src) by extension 'colcon_pkg'
[0.140s] Level 1:colcon.colcon_core.package_identification:_identify(src/navtech/src) by extensions ['colcon_meta']
[0.140s] Level 1:colcon.colcon_core.package_identification:_identify(src/navtech/src) by extension 'colcon_meta'
[0.140s] Level 1:colcon.colcon_core.package_identification:_identify(src/navtech/src) by extensions ['ros']
[0.140s] Level 1:colcon.colcon_core.package_identification:_identify(src/navtech/src) by extension 'ros'
[0.140s] Level 1:colcon.colcon_core.package_identification:_identify(src/navtech/src) by extensions ['cmake', 'python']
[0.140s] Level 1:colcon.colcon_core.package_identification:_identify(src/navtech/src) by extension 'cmake'
[0.140s] Level 1:colcon.colcon_core.package_identification:_identify(src/navtech/src) by extension 'python'
[0.140s] Level 1:colcon.colcon_core.package_identification:_identify(src/navtech/src) by extensions ['python_setup_py']
[0.140s] Level 1:colcon.colcon_core.package_identification:_identify(src/navtech/src) by extension 'python_setup_py'
[0.140s] Level 1:colcon.colcon_core.package_identification:_identify(src/navtech/src/cpp_17) by extensions ['ignore', 'ignore_ament_install']
[0.140s] Level 1:colcon.colcon_core.package_identification:_identify(src/navtech/src/cpp_17) by extension 'ignore'
[0.140s] Level 1:colcon.colcon_core.package_identification:_identify(src/navtech/src/cpp_17) by extension 'ignore_ament_install'
[0.140s] Level 1:colcon.colcon_core.package_identification:_identify(src/navtech/src/cpp_17) by extensions ['colcon_pkg']
[0.140s] Level 1:colcon.colcon_core.package_identification:_identify(src/navtech/src/cpp_17) by extension 'colcon_pkg'
[0.140s] Level 1:colcon.colcon_core.package_identification:_identify(src/navtech/src/cpp_17) by extensions ['colcon_meta']
[0.141s] Level 1:colcon.colcon_core.package_identification:_identify(src/navtech/src/cpp_17) by extension 'colcon_meta'
[0.141s] Level 1:colcon.colcon_core.package_identification:_identify(src/navtech/src/cpp_17) by extensions ['ros']
[0.141s] Level 1:colcon.colcon_core.package_identification:_identify(src/navtech/src/cpp_17) by extension 'ros'
[0.141s] Level 1:colcon.colcon_core.package_identification:_identify(src/navtech/src/cpp_17) by extensions ['cmake', 'python']
[0.141s] Level 1:colcon.colcon_core.package_identification:_identify(src/navtech/src/cpp_17) by extension 'cmake'
[0.141s] Level 1:colcon.colcon_core.package_identification:_identify(src/navtech/src/cpp_17) by extension 'python'
[0.141s] Level 1:colcon.colcon_core.package_identification:_identify(src/navtech/src/cpp_17) by extensions ['python_setup_py']
[0.141s] Level 1:colcon.colcon_core.package_identification:_identify(src/navtech/src/cpp_17) by extension 'python_setup_py'
[0.141s] Level 1:colcon.colcon_core.package_identification:_identify(src/navtech/src/cpp_17/protobuf) by extensions ['ignore', 'ignore_ament_install']
[0.141s] Level 1:colcon.colcon_core.package_identification:_identify(src/navtech/src/cpp_17/protobuf) by extension 'ignore'
[0.141s] Level 1:colcon.colcon_core.package_identification:_identify(src/navtech/src/cpp_17/protobuf) by extension 'ignore_ament_install'
[0.141s] Level 1:colcon.colcon_core.package_identification:_identify(src/navtech/src/cpp_17/protobuf) by extensions ['colcon_pkg']
[0.141s] Level 1:colcon.colcon_core.package_identification:_identify(src/navtech/src/cpp_17/protobuf) by extension 'colcon_pkg'
[0.141s] Level 1:colcon.colcon_core.package_identification:_identify(src/navtech/src/cpp_17/protobuf) by extensions ['colcon_meta']
[0.141s] Level 1:colcon.colcon_core.package_identification:_identify(src/navtech/src/cpp_17/protobuf) by extension 'colcon_meta'
[0.141s] Level 1:colcon.colcon_core.package_identification:_identify(src/navtech/src/cpp_17/protobuf) by extensions ['ros']
[0.141s] Level 1:colcon.colcon_core.package_identification:_identify(src/navtech/src/cpp_17/protobuf) by extension 'ros'
[0.141s] Level 1:colcon.colcon_core.package_identification:_identify(src/navtech/src/cpp_17/protobuf) by extensions ['cmake', 'python']
[0.141s] Level 1:colcon.colcon_core.package_identification:_identify(src/navtech/src/cpp_17/protobuf) by extension 'cmake'
[0.141s] Level 1:colcon.colcon_core.package_identification:_identify(src/navtech/src/cpp_17/protobuf) by extension 'python'
[0.141s] Level 1:colcon.colcon_core.package_identification:_identify(src/navtech/src/cpp_17/protobuf) by extensions ['python_setup_py']
[0.141s] Level 1:colcon.colcon_core.package_identification:_identify(src/navtech/src/cpp_17/protobuf) by extension 'python_setup_py'
[0.141s] Level 1:colcon.colcon_core.package_identification:_identify(src/navtech/src/cpp_17/src) by extensions ['ignore', 'ignore_ament_install']
[0.141s] Level 1:colcon.colcon_core.package_identification:_identify(src/navtech/src/cpp_17/src) by extension 'ignore'
[0.141s] Level 1:colcon.colcon_core.package_identification:_identify(src/navtech/src/cpp_17/src) by extension 'ignore_ament_install'
[0.141s] Level 1:colcon.colcon_core.package_identification:_identify(src/navtech/src/cpp_17/src) by extensions ['colcon_pkg']
[0.141s] Level 1:colcon.colcon_core.package_identification:_identify(src/navtech/src/cpp_17/src) by extension 'colcon_pkg'
[0.141s] Level 1:colcon.colcon_core.package_identification:_identify(src/navtech/src/cpp_17/src) by extensions ['colcon_meta']
[0.141s] Level 1:colcon.colcon_core.package_identification:_identify(src/navtech/src/cpp_17/src) by extension 'colcon_meta'
[0.141s] Level 1:colcon.colcon_core.package_identification:_identify(src/navtech/src/cpp_17/src) by extensions ['ros']
[0.141s] Level 1:colcon.colcon_core.package_identification:_identify(src/navtech/src/cpp_17/src) by extension 'ros'
[0.141s] Level 1:colcon.colcon_core.package_identification:_identify(src/navtech/src/cpp_17/src) by extensions ['cmake', 'python']
[0.141s] Level 1:colcon.colcon_core.package_identification:_identify(src/navtech/src/cpp_17/src) by extension 'cmake'
[0.142s] Level 1:colcon.colcon_core.package_identification:_identify(src/navtech/src/cpp_17/src) by extension 'python'
[0.142s] DEBUG:colcon.colcon_core.package_identification:Package 'src/navtech/src/cpp_17/src' with type 'cmake' and name 'IASDK'
[0.143s] Level 1:colcon.colcon_core.package_identification:_identify(src/navtech/src/nav_camera) by extensions ['ignore', 'ignore_ament_install']
[0.143s] Level 1:colcon.colcon_core.package_identification:_identify(src/navtech/src/nav_camera) by extension 'ignore'
[0.143s] Level 1:colcon.colcon_core.package_identification:_identify(src/navtech/src/nav_camera) by extension 'ignore_ament_install'
[0.143s] Level 1:colcon.colcon_core.package_identification:_identify(src/navtech/src/nav_camera) by extensions ['colcon_pkg']
[0.143s] Level 1:colcon.colcon_core.package_identification:_identify(src/navtech/src/nav_camera) by extension 'colcon_pkg'
[0.143s] Level 1:colcon.colcon_core.package_identification:_identify(src/navtech/src/nav_camera) by extensions ['colcon_meta']
[0.143s] Level 1:colcon.colcon_core.package_identification:_identify(src/navtech/src/nav_camera) by extension 'colcon_meta'
[0.143s] Level 1:colcon.colcon_core.package_identification:_identify(src/navtech/src/nav_camera) by extensions ['ros']
[0.143s] Level 1:colcon.colcon_core.package_identification:_identify(src/navtech/src/nav_camera) by extension 'ros'
[0.144s] DEBUG:colcon.colcon_core.package_identification:Package 'src/navtech/src/nav_camera' with type 'ros.ament_cmake' and name 'nav_camera'
[0.144s] Level 1:colcon.colcon_core.package_identification:_identify(src/navtech/src/nav_launch) by extensions ['ignore', 'ignore_ament_install']
[0.144s] Level 1:colcon.colcon_core.package_identification:_identify(src/navtech/src/nav_launch) by extension 'ignore'
[0.144s] Level 1:colcon.colcon_core.package_identification:_identify(src/navtech/src/nav_launch) by extension 'ignore_ament_install'
[0.144s] Level 1:colcon.colcon_core.package_identification:_identify(src/navtech/src/nav_launch) by extensions ['colcon_pkg']
[0.144s] Level 1:colcon.colcon_core.package_identification:_identify(src/navtech/src/nav_launch) by extension 'colcon_pkg'
[0.144s] Level 1:colcon.colcon_core.package_identification:_identify(src/navtech/src/nav_launch) by extensions ['colcon_meta']
[0.144s] Level 1:colcon.colcon_core.package_identification:_identify(src/navtech/src/nav_launch) by extension 'colcon_meta'
[0.144s] Level 1:colcon.colcon_core.package_identification:_identify(src/navtech/src/nav_launch) by extensions ['ros']
[0.144s] Level 1:colcon.colcon_core.package_identification:_identify(src/navtech/src/nav_launch) by extension 'ros'
[0.145s] DEBUG:colcon.colcon_core.package_identification:Package 'src/navtech/src/nav_launch' with type 'ros.ament_cmake' and name 'nav_launch'
[0.145s] Level 1:colcon.colcon_core.package_identification:_identify(src/navtech/src/nav_messages) by extensions ['ignore', 'ignore_ament_install']
[0.145s] Level 1:colcon.colcon_core.package_identification:_identify(src/navtech/src/nav_messages) by extension 'ignore'
[0.145s] Level 1:colcon.colcon_core.package_identification:_identify(src/navtech/src/nav_messages) by extension 'ignore_ament_install'
[0.145s] Level 1:colcon.colcon_core.package_identification:_identify(src/navtech/src/nav_messages) by extensions ['colcon_pkg']
[0.145s] Level 1:colcon.colcon_core.package_identification:_identify(src/navtech/src/nav_messages) by extension 'colcon_pkg'
[0.145s] Level 1:colcon.colcon_core.package_identification:_identify(src/navtech/src/nav_messages) by extensions ['colcon_meta']
[0.145s] Level 1:colcon.colcon_core.package_identification:_identify(src/navtech/src/nav_messages) by extension 'colcon_meta'
[0.145s] Level 1:colcon.colcon_core.package_identification:_identify(src/navtech/src/nav_messages) by extensions ['ros']
[0.145s] Level 1:colcon.colcon_core.package_identification:_identify(src/navtech/src/nav_messages) by extension 'ros'
[0.145s] DEBUG:colcon.colcon_core.package_identification:Package 'src/navtech/src/nav_messages' with type 'ros.ament_cmake' and name 'nav_messages'
[0.145s] Level 1:colcon.colcon_core.package_identification:_identify(src/navtech/src/nav_radar) by extensions ['ignore', 'ignore_ament_install']
[0.145s] Level 1:colcon.colcon_core.package_identification:_identify(src/navtech/src/nav_radar) by extension 'ignore'
[0.145s] Level 1:colcon.colcon_core.package_identification:_identify(src/navtech/src/nav_radar) by extension 'ignore_ament_install'
[0.145s] Level 1:colcon.colcon_core.package_identification:_identify(src/navtech/src/nav_radar) by extensions ['colcon_pkg']
[0.145s] Level 1:colcon.colcon_core.package_identification:_identify(src/navtech/src/nav_radar) by extension 'colcon_pkg'
[0.145s] Level 1:colcon.colcon_core.package_identification:_identify(src/navtech/src/nav_radar) by extensions ['colcon_meta']
[0.145s] Level 1:colcon.colcon_core.package_identification:_identify(src/navtech/src/nav_radar) by extension 'colcon_meta'
[0.145s] Level 1:colcon.colcon_core.package_identification:_identify(src/navtech/src/nav_radar) by extensions ['ros']
[0.145s] Level 1:colcon.colcon_core.package_identification:_identify(src/navtech/src/nav_radar) by extension 'ros'
[0.146s] DEBUG:colcon.colcon_core.package_identification:Package 'src/navtech/src/nav_radar' with type 'ros.ament_cmake' and name 'nav_radar'
[0.146s] Level 1:colcon.colcon_core.package_identification:_identify(src/navtech/src/nav_rviz) by extensions ['ignore', 'ignore_ament_install']
[0.146s] Level 1:colcon.colcon_core.package_identification:_identify(src/navtech/src/nav_rviz) by extension 'ignore'
[0.146s] Level 1:colcon.colcon_core.package_identification:_identify(src/navtech/src/nav_rviz) by extension 'ignore_ament_install'
[0.146s] Level 1:colcon.colcon_core.package_identification:_identify(src/navtech/src/nav_rviz) by extensions ['colcon_pkg']
[0.146s] Level 1:colcon.colcon_core.package_identification:_identify(src/navtech/src/nav_rviz) by extension 'colcon_pkg'
[0.146s] Level 1:colcon.colcon_core.package_identification:_identify(src/navtech/src/nav_rviz) by extensions ['colcon_meta']
[0.146s] Level 1:colcon.colcon_core.package_identification:_identify(src/navtech/src/nav_rviz) by extension 'colcon_meta'
[0.146s] Level 1:colcon.colcon_core.package_identification:_identify(src/navtech/src/nav_rviz) by extensions ['ros']
[0.146s] Level 1:colcon.colcon_core.package_identification:_identify(src/navtech/src/nav_rviz) by extension 'ros'
[0.146s] Level 1:colcon.colcon_core.package_identification:_identify(src/navtech/src/nav_rviz) by extensions ['cmake', 'python']
[0.146s] Level 1:colcon.colcon_core.package_identification:_identify(src/navtech/src/nav_rviz) by extension 'cmake'
[0.146s] Level 1:colcon.colcon_core.package_identification:_identify(src/navtech/src/nav_rviz) by extension 'python'
[0.146s] Level 1:colcon.colcon_core.package_identification:_identify(src/navtech/src/nav_rviz) by extensions ['python_setup_py']
[0.146s] Level 1:colcon.colcon_core.package_identification:_identify(src/navtech/src/nav_rviz) by extension 'python_setup_py'
[0.146s] Level 1:colcon.colcon_core.package_identification:_identify(src/zed-ros2-wrapper) by extensions ['ignore', 'ignore_ament_install']
[0.146s] Level 1:colcon.colcon_core.package_identification:_identify(src/zed-ros2-wrapper) by extension 'ignore'
[0.146s] Level 1:colcon.colcon_core.package_identification:_identify(src/zed-ros2-wrapper) by extension 'ignore_ament_install'
[0.146s] Level 1:colcon.colcon_core.package_identification:_identify(src/zed-ros2-wrapper) by extensions ['colcon_pkg']
[0.146s] Level 1:colcon.colcon_core.package_identification:_identify(src/zed-ros2-wrapper) by extension 'colcon_pkg'
[0.146s] Level 1:colcon.colcon_core.package_identification:_identify(src/zed-ros2-wrapper) by extensions ['colcon_meta']
[0.146s] Level 1:colcon.colcon_core.package_identification:_identify(src/zed-ros2-wrapper) by extension 'colcon_meta'
[0.146s] Level 1:colcon.colcon_core.package_identification:_identify(src/zed-ros2-wrapper) by extensions ['ros']
[0.146s] Level 1:colcon.colcon_core.package_identification:_identify(src/zed-ros2-wrapper) by extension 'ros'
[0.146s] Level 1:colcon.colcon_core.package_identification:_identify(src/zed-ros2-wrapper) by extensions ['cmake', 'python']
[0.146s] Level 1:colcon.colcon_core.package_identification:_identify(src/zed-ros2-wrapper) by extension 'cmake'
[0.146s] Level 1:colcon.colcon_core.package_identification:_identify(src/zed-ros2-wrapper) by extension 'python'
[0.146s] Level 1:colcon.colcon_core.package_identification:_identify(src/zed-ros2-wrapper) by extensions ['python_setup_py']
[0.146s] Level 1:colcon.colcon_core.package_identification:_identify(src/zed-ros2-wrapper) by extension 'python_setup_py'
[0.146s] Level 1:colcon.colcon_core.package_identification:_identify(src/zed-ros2-wrapper/docker) by extensions ['ignore', 'ignore_ament_install']
[0.146s] Level 1:colcon.colcon_core.package_identification:_identify(src/zed-ros2-wrapper/docker) by extension 'ignore'
[0.146s] Level 1:colcon.colcon_core.package_identification:_identify(src/zed-ros2-wrapper/docker) by extension 'ignore_ament_install'
[0.146s] Level 1:colcon.colcon_core.package_identification:_identify(src/zed-ros2-wrapper/docker) by extensions ['colcon_pkg']
[0.146s] Level 1:colcon.colcon_core.package_identification:_identify(src/zed-ros2-wrapper/docker) by extension 'colcon_pkg'
[0.146s] Level 1:colcon.colcon_core.package_identification:_identify(src/zed-ros2-wrapper/docker) by extensions ['colcon_meta']
[0.146s] Level 1:colcon.colcon_core.package_identification:_identify(src/zed-ros2-wrapper/docker) by extension 'colcon_meta'
[0.146s] Level 1:colcon.colcon_core.package_identification:_identify(src/zed-ros2-wrapper/docker) by extensions ['ros']
[0.146s] Level 1:colcon.colcon_core.package_identification:_identify(src/zed-ros2-wrapper/docker) by extension 'ros'
[0.146s] Level 1:colcon.colcon_core.package_identification:_identify(src/zed-ros2-wrapper/docker) by extensions ['cmake', 'python']
[0.146s] Level 1:colcon.colcon_core.package_identification:_identify(src/zed-ros2-wrapper/docker) by extension 'cmake'
[0.146s] Level 1:colcon.colcon_core.package_identification:_identify(src/zed-ros2-wrapper/docker) by extension 'python'
[0.146s] Level 1:colcon.colcon_core.package_identification:_identify(src/zed-ros2-wrapper/docker) by extensions ['python_setup_py']
[0.146s] Level 1:colcon.colcon_core.package_identification:_identify(src/zed-ros2-wrapper/docker) by extension 'python_setup_py'
[0.146s] Level 1:colcon.colcon_core.package_identification:_identify(src/zed-ros2-wrapper/images) by extensions ['ignore', 'ignore_ament_install']
[0.147s] Level 1:colcon.colcon_core.package_identification:_identify(src/zed-ros2-wrapper/images) by extension 'ignore'
[0.147s] Level 1:colcon.colcon_core.package_identification:_identify(src/zed-ros2-wrapper/images) by extension 'ignore_ament_install'
[0.147s] Level 1:colcon.colcon_core.package_identification:_identify(src/zed-ros2-wrapper/images) by extensions ['colcon_pkg']
[0.147s] Level 1:colcon.colcon_core.package_identification:_identify(src/zed-ros2-wrapper/images) by extension 'colcon_pkg'
[0.147s] Level 1:colcon.colcon_core.package_identification:_identify(src/zed-ros2-wrapper/images) by extensions ['colcon_meta']
[0.147s] Level 1:colcon.colcon_core.package_identification:_identify(src/zed-ros2-wrapper/images) by extension 'colcon_meta'
[0.147s] Level 1:colcon.colcon_core.package_identification:_identify(src/zed-ros2-wrapper/images) by extensions ['ros']
[0.147s] Level 1:colcon.colcon_core.package_identification:_identify(src/zed-ros2-wrapper/images) by extension 'ros'
[0.147s] Level 1:colcon.colcon_core.package_identification:_identify(src/zed-ros2-wrapper/images) by extensions ['cmake', 'python']
[0.147s] Level 1:colcon.colcon_core.package_identification:_identify(src/zed-ros2-wrapper/images) by extension 'cmake'
[0.147s] Level 1:colcon.colcon_core.package_identification:_identify(src/zed-ros2-wrapper/images) by extension 'python'
[0.147s] Level 1:colcon.colcon_core.package_identification:_identify(src/zed-ros2-wrapper/images) by extensions ['python_setup_py']
[0.147s] Level 1:colcon.colcon_core.package_identification:_identify(src/zed-ros2-wrapper/images) by extension 'python_setup_py'
[0.147s] Level 1:colcon.colcon_core.package_identification:_identify(src/zed-ros2-wrapper/zed_components) by extensions ['ignore', 'ignore_ament_install']
[0.147s] Level 1:colcon.colcon_core.package_identification:_identify(src/zed-ros2-wrapper/zed_components) by extension 'ignore'
[0.147s] Level 1:colcon.colcon_core.package_identification:_identify(src/zed-ros2-wrapper/zed_components) by extension 'ignore_ament_install'
[0.147s] Level 1:colcon.colcon_core.package_identification:_identify(src/zed-ros2-wrapper/zed_components) by extensions ['colcon_pkg']
[0.147s] Level 1:colcon.colcon_core.package_identification:_identify(src/zed-ros2-wrapper/zed_components) by extension 'colcon_pkg'
[0.147s] Level 1:colcon.colcon_core.package_identification:_identify(src/zed-ros2-wrapper/zed_components) by extensions ['colcon_meta']
[0.147s] Level 1:colcon.colcon_core.package_identification:_identify(src/zed-ros2-wrapper/zed_components) by extension 'colcon_meta'
[0.147s] Level 1:colcon.colcon_core.package_identification:_identify(src/zed-ros2-wrapper/zed_components) by extensions ['ros']
[0.147s] Level 1:colcon.colcon_core.package_identification:_identify(src/zed-ros2-wrapper/zed_components) by extension 'ros'
[0.148s] DEBUG:colcon.colcon_core.package_identification:Package 'src/zed-ros2-wrapper/zed_components' with type 'ros.ament_cmake' and name 'zed_components'
[0.148s] Level 1:colcon.colcon_core.package_identification:_identify(src/zed-ros2-wrapper/zed_ros2) by extensions ['ignore', 'ignore_ament_install']
[0.148s] Level 1:colcon.colcon_core.package_identification:_identify(src/zed-ros2-wrapper/zed_ros2) by extension 'ignore'
[0.148s] Level 1:colcon.colcon_core.package_identification:_identify(src/zed-ros2-wrapper/zed_ros2) by extension 'ignore_ament_install'
[0.148s] Level 1:colcon.colcon_core.package_identification:_identify(src/zed-ros2-wrapper/zed_ros2) by extensions ['colcon_pkg']
[0.148s] Level 1:colcon.colcon_core.package_identification:_identify(src/zed-ros2-wrapper/zed_ros2) by extension 'colcon_pkg'
[0.148s] Level 1:colcon.colcon_core.package_identification:_identify(src/zed-ros2-wrapper/zed_ros2) by extensions ['colcon_meta']
[0.148s] Level 1:colcon.colcon_core.package_identification:_identify(src/zed-ros2-wrapper/zed_ros2) by extension 'colcon_meta'
[0.148s] Level 1:colcon.colcon_core.package_identification:_identify(src/zed-ros2-wrapper/zed_ros2) by extensions ['ros']
[0.148s] Level 1:colcon.colcon_core.package_identification:_identify(src/zed-ros2-wrapper/zed_ros2) by extension 'ros'
[0.148s] DEBUG:colcon.colcon_core.package_identification:Package 'src/zed-ros2-wrapper/zed_ros2' with type 'ros.ament_cmake' and name 'zed_ros2'
[0.148s] Level 1:colcon.colcon_core.package_identification:_identify(src/zed-ros2-wrapper/zed_wrapper) by extensions ['ignore', 'ignore_ament_install']
[0.148s] Level 1:colcon.colcon_core.package_identification:_identify(src/zed-ros2-wrapper/zed_wrapper) by extension 'ignore'
[0.148s] Level 1:colcon.colcon_core.package_identification:_identify(src/zed-ros2-wrapper/zed_wrapper) by extension 'ignore_ament_install'
[0.148s] Level 1:colcon.colcon_core.package_identification:_identify(src/zed-ros2-wrapper/zed_wrapper) by extensions ['colcon_pkg']
[0.148s] Level 1:colcon.colcon_core.package_identification:_identify(src/zed-ros2-wrapper/zed_wrapper) by extension 'colcon_pkg'
[0.148s] Level 1:colcon.colcon_core.package_identification:_identify(src/zed-ros2-wrapper/zed_wrapper) by extensions ['colcon_meta']
[0.148s] Level 1:colcon.colcon_core.package_identification:_identify(src/zed-ros2-wrapper/zed_wrapper) by extension 'colcon_meta'
[0.148s] Level 1:colcon.colcon_core.package_identification:_identify(src/zed-ros2-wrapper/zed_wrapper) by extensions ['ros']
[0.148s] Level 1:colcon.colcon_core.package_identification:_identify(src/zed-ros2-wrapper/zed_wrapper) by extension 'ros'
[0.149s] DEBUG:colcon.colcon_core.package_identification:Package 'src/zed-ros2-wrapper/zed_wrapper' with type 'ros.ament_cmake' and name 'zed_wrapper'
[0.149s] Level 1:colcon.colcon_core.package_discovery:discover_packages(recursive) using defaults
[0.149s] Level 1:colcon.colcon_core.package_discovery:discover_packages(ignore) discover
[0.149s] Level 1:colcon.colcon_core.package_discovery:discover_packages(ignore) using defaults
[0.149s] Level 1:colcon.colcon_core.package_discovery:discover_packages(path) discover
[0.149s] Level 1:colcon.colcon_core.package_discovery:discover_packages(path) using defaults
[0.165s] Level 1:colcon.colcon_core.package_discovery:discover_packages(prefix_path) check parameters
[0.165s] Level 1:colcon.colcon_core.package_discovery:discover_packages(prefix_path) discover
[0.166s] DEBUG:colcon.colcon_installed_package_information.package_discovery:Found 5 installed packages in /home/ros2/tower_ws/install
[0.166s] DEBUG:colcon.colcon_installed_package_information.package_discovery:Found 3 installed packages in /home/ros2/ros2_ws/install
[0.166s] DEBUG:colcon.colcon_installed_package_information.package_discovery:Found 4 installed packages in /home/ros2/Downloads/final-ai/install
[0.167s] DEBUG:colcon.colcon_installed_package_information.package_discovery:Found 48 installed packages in /home/ros2/Downloads/ros2cs/install
[0.167s] DEBUG:colcon.colcon_installed_package_information.package_discovery:Found 285 installed packages in /opt/ros/humble
[0.169s] Level 1:colcon.colcon_core.package_discovery:discover_packages(prefix_path) using defaults
[0.187s] Level 5:colcon.colcon_core.verb:set package 'IASDK' build argument 'cmake_args' from command line to 'None'
[0.187s] Level 5:colcon.colcon_core.verb:set package 'IASDK' build argument 'cmake_target' from command line to 'None'
[0.187s] Level 5:colcon.colcon_core.verb:set package 'IASDK' build argument 'cmake_target_skip_unavailable' from command line to 'False'
[0.187s] Level 5:colcon.colcon_core.verb:set package 'IASDK' build argument 'cmake_clean_cache' from command line to 'False'
[0.187s] Level 5:colcon.colcon_core.verb:set package 'IASDK' build argument 'cmake_clean_first' from command line to 'False'
[0.187s] Level 5:colcon.colcon_core.verb:set package 'IASDK' build argument 'cmake_force_configure' from command line to 'False'
[0.187s] Level 5:colcon.colcon_core.verb:set package 'IASDK' build argument 'ament_cmake_args' from command line to 'None'
[0.187s] Level 5:colcon.colcon_core.verb:set package 'IASDK' build argument 'catkin_cmake_args' from command line to 'None'
[0.187s] Level 5:colcon.colcon_core.verb:set package 'IASDK' build argument 'catkin_skip_building_tests' from command line to 'False'
[0.187s] DEBUG:colcon.colcon_core.verb:Building package 'IASDK' with the following arguments: {'ament_cmake_args': None, 'build_base': '/home/ros2/tower_ws/build/IASDK', 'catkin_cmake_args': None, 'catkin_skip_building_tests': False, 'cmake_args': None, 'cmake_clean_cache': False, 'cmake_clean_first': False, 'cmake_force_configure': False, 'cmake_target': None, 'cmake_target_skip_unavailable': False, 'install_base': '/home/ros2/tower_ws/install/IASDK', 'merge_install': False, 'path': '/home/ros2/tower_ws/src/navtech/src/cpp_17/src', 'symlink_install': False, 'test_result_base': None}
[0.187s] Level 5:colcon.colcon_core.verb:set package 'nav_messages' build argument 'cmake_args' from command line to 'None'
[0.187s] Level 5:colcon.colcon_core.verb:set package 'nav_messages' build argument 'cmake_target' from command line to 'None'
[0.187s] Level 5:colcon.colcon_core.verb:set package 'nav_messages' build argument 'cmake_target_skip_unavailable' from command line to 'False'
[0.188s] Level 5:colcon.colcon_core.verb:set package 'nav_messages' build argument 'cmake_clean_cache' from command line to 'False'
[0.188s] Level 5:colcon.colcon_core.verb:set package 'nav_messages' build argument 'cmake_clean_first' from command line to 'False'
[0.188s] Level 5:colcon.colcon_core.verb:set package 'nav_messages' build argument 'cmake_force_configure' from command line to 'False'
[0.188s] Level 5:colcon.colcon_core.verb:set package 'nav_messages' build argument 'ament_cmake_args' from command line to 'None'
[0.188s] Level 5:colcon.colcon_core.verb:set package 'nav_messages' build argument 'catkin_cmake_args' from command line to 'None'
[0.188s] Level 5:colcon.colcon_core.verb:set package 'nav_messages' build argument 'catkin_skip_building_tests' from command line to 'False'
[0.188s] DEBUG:colcon.colcon_core.verb:Building package 'nav_messages' with the following arguments: {'ament_cmake_args': None, 'build_base': '/home/ros2/tower_ws/build/nav_messages', 'catkin_cmake_args': None, 'catkin_skip_building_tests': False, 'cmake_args': None, 'cmake_clean_cache': False, 'cmake_clean_first': False, 'cmake_force_configure': False, 'cmake_target': None, 'cmake_target_skip_unavailable': False, 'install_base': '/home/ros2/tower_ws/install/nav_messages', 'merge_install': False, 'path': '/home/ros2/tower_ws/src/navtech/src/nav_messages', 'symlink_install': False, 'test_result_base': None}
[0.188s] Level 5:colcon.colcon_core.verb:set package 'zed_components' build argument 'cmake_args' from command line to 'None'
[0.188s] Level 5:colcon.colcon_core.verb:set package 'zed_components' build argument 'cmake_target' from command line to 'None'
[0.188s] Level 5:colcon.colcon_core.verb:set package 'zed_components' build argument 'cmake_target_skip_unavailable' from command line to 'False'
[0.188s] Level 5:colcon.colcon_core.verb:set package 'zed_components' build argument 'cmake_clean_cache' from command line to 'False'
[0.188s] Level 5:colcon.colcon_core.verb:set package 'zed_components' build argument 'cmake_clean_first' from command line to 'False'
[0.188s] Level 5:colcon.colcon_core.verb:set package 'zed_components' build argument 'cmake_force_configure' from command line to 'False'
[0.188s] Level 5:colcon.colcon_core.verb:set package 'zed_components' build argument 'ament_cmake_args' from command line to 'None'
[0.188s] Level 5:colcon.colcon_core.verb:set package 'zed_components' build argument 'catkin_cmake_args' from command line to 'None'
[0.188s] Level 5:colcon.colcon_core.verb:set package 'zed_components' build argument 'catkin_skip_building_tests' from command line to 'False'
[0.188s] DEBUG:colcon.colcon_core.verb:Building package 'zed_components' with the following arguments: {'ament_cmake_args': None, 'build_base': '/home/ros2/tower_ws/build/zed_components', 'catkin_cmake_args': None, 'catkin_skip_building_tests': False, 'cmake_args': None, 'cmake_clean_cache': False, 'cmake_clean_first': False, 'cmake_force_configure': False, 'cmake_target': None, 'cmake_target_skip_unavailable': False, 'install_base': '/home/ros2/tower_ws/install/zed_components', 'merge_install': False, 'path': '/home/ros2/tower_ws/src/zed-ros2-wrapper/zed_components', 'symlink_install': False, 'test_result_base': None}
[0.188s] Level 5:colcon.colcon_core.verb:set package 'nav_camera' build argument 'cmake_args' from command line to 'None'
[0.188s] Level 5:colcon.colcon_core.verb:set package 'nav_camera' build argument 'cmake_target' from command line to 'None'
[0.188s] Level 5:colcon.colcon_core.verb:set package 'nav_camera' build argument 'cmake_target_skip_unavailable' from command line to 'False'
[0.188s] Level 5:colcon.colcon_core.verb:set package 'nav_camera' build argument 'cmake_clean_cache' from command line to 'False'
[0.188s] Level 5:colcon.colcon_core.verb:set package 'nav_camera' build argument 'cmake_clean_first' from command line to 'False'
[0.188s] Level 5:colcon.colcon_core.verb:set package 'nav_camera' build argument 'cmake_force_configure' from command line to 'False'
[0.188s] Level 5:colcon.colcon_core.verb:set package 'nav_camera' build argument 'ament_cmake_args' from command line to 'None'
[0.188s] Level 5:colcon.colcon_core.verb:set package 'nav_camera' build argument 'catkin_cmake_args' from command line to 'None'
[0.188s] Level 5:colcon.colcon_core.verb:set package 'nav_camera' build argument 'catkin_skip_building_tests' from command line to 'False'
[0.188s] DEBUG:colcon.colcon_core.verb:Building package 'nav_camera' with the following arguments: {'ament_cmake_args': None, 'build_base': '/home/ros2/tower_ws/build/nav_camera', 'catkin_cmake_args': None, 'catkin_skip_building_tests': False, 'cmake_args': None, 'cmake_clean_cache': False, 'cmake_clean_first': False, 'cmake_force_configure': False, 'cmake_target': None, 'cmake_target_skip_unavailable': False, 'install_base': '/home/ros2/tower_ws/install/nav_camera', 'merge_install': False, 'path': '/home/ros2/tower_ws/src/navtech/src/nav_camera', 'symlink_install': False, 'test_result_base': None}
[0.188s] Level 5:colcon.colcon_core.verb:set package 'nav_radar' build argument 'cmake_args' from command line to 'None'
[0.188s] Level 5:colcon.colcon_core.verb:set package 'nav_radar' build argument 'cmake_target' from command line to 'None'
[0.188s] Level 5:colcon.colcon_core.verb:set package 'nav_radar' build argument 'cmake_target_skip_unavailable' from command line to 'False'
[0.188s] Level 5:colcon.colcon_core.verb:set package 'nav_radar' build argument 'cmake_clean_cache' from command line to 'False'
[0.188s] Level 5:colcon.colcon_core.verb:set package 'nav_radar' build argument 'cmake_clean_first' from command line to 'False'
[0.188s] Level 5:colcon.colcon_core.verb:set package 'nav_radar' build argument 'cmake_force_configure' from command line to 'False'
[0.188s] Level 5:colcon.colcon_core.verb:set package 'nav_radar' build argument 'ament_cmake_args' from command line to 'None'
[0.188s] Level 5:colcon.colcon_core.verb:set package 'nav_radar' build argument 'catkin_cmake_args' from command line to 'None'
[0.188s] Level 5:colcon.colcon_core.verb:set package 'nav_radar' build argument 'catkin_skip_building_tests' from command line to 'False'
[0.188s] DEBUG:colcon.colcon_core.verb:Building package 'nav_radar' with the following arguments: {'ament_cmake_args': None, 'build_base': '/home/ros2/tower_ws/build/nav_radar', 'catkin_cmake_args': None, 'catkin_skip_building_tests': False, 'cmake_args': None, 'cmake_clean_cache': False, 'cmake_clean_first': False, 'cmake_force_configure': False, 'cmake_target': None, 'cmake_target_skip_unavailable': False, 'install_base': '/home/ros2/tower_ws/install/nav_radar', 'merge_install': False, 'path': '/home/ros2/tower_ws/src/navtech/src/nav_radar', 'symlink_install': False, 'test_result_base': None}
[0.188s] Level 5:colcon.colcon_core.verb:set package 'zed_wrapper' build argument 'cmake_args' from command line to 'None'
[0.188s] Level 5:colcon.colcon_core.verb:set package 'zed_wrapper' build argument 'cmake_target' from command line to 'None'
[0.188s] Level 5:colcon.colcon_core.verb:set package 'zed_wrapper' build argument 'cmake_target_skip_unavailable' from command line to 'False'
[0.188s] Level 5:colcon.colcon_core.verb:set package 'zed_wrapper' build argument 'cmake_clean_cache' from command line to 'False'
[0.188s] Level 5:colcon.colcon_core.verb:set package 'zed_wrapper' build argument 'cmake_clean_first' from command line to 'False'
[0.189s] Level 5:colcon.colcon_core.verb:set package 'zed_wrapper' build argument 'cmake_force_configure' from command line to 'False'
[0.189s] Level 5:colcon.colcon_core.verb:set package 'zed_wrapper' build argument 'ament_cmake_args' from command line to 'None'
[0.189s] Level 5:colcon.colcon_core.verb:set package 'zed_wrapper' build argument 'catkin_cmake_args' from command line to 'None'
[0.189s] Level 5:colcon.colcon_core.verb:set package 'zed_wrapper' build argument 'catkin_skip_building_tests' from command line to 'False'
[0.189s] DEBUG:colcon.colcon_core.verb:Building package 'zed_wrapper' with the following arguments: {'ament_cmake_args': None, 'build_base': '/home/ros2/tower_ws/build/zed_wrapper', 'catkin_cmake_args': None, 'catkin_skip_building_tests': False, 'cmake_args': None, 'cmake_clean_cache': False, 'cmake_clean_first': False, 'cmake_force_configure': False, 'cmake_target': None, 'cmake_target_skip_unavailable': False, 'install_base': '/home/ros2/tower_ws/install/zed_wrapper', 'merge_install': False, 'path': '/home/ros2/tower_ws/src/zed-ros2-wrapper/zed_wrapper', 'symlink_install': False, 'test_result_base': None}
[0.189s] Level 5:colcon.colcon_core.verb:set package 'nav_launch' build argument 'cmake_args' from command line to 'None'
[0.189s] Level 5:colcon.colcon_core.verb:set package 'nav_launch' build argument 'cmake_target' from command line to 'None'
[0.189s] Level 5:colcon.colcon_core.verb:set package 'nav_launch' build argument 'cmake_target_skip_unavailable' from command line to 'False'
[0.189s] Level 5:colcon.colcon_core.verb:set package 'nav_launch' build argument 'cmake_clean_cache' from command line to 'False'
[0.189s] Level 5:colcon.colcon_core.verb:set package 'nav_launch' build argument 'cmake_clean_first' from command line to 'False'
[0.189s] Level 5:colcon.colcon_core.verb:set package 'nav_launch' build argument 'cmake_force_configure' from command line to 'False'
[0.189s] Level 5:colcon.colcon_core.verb:set package 'nav_launch' build argument 'ament_cmake_args' from command line to 'None'
[0.189s] Level 5:colcon.colcon_core.verb:set package 'nav_launch' build argument 'catkin_cmake_args' from command line to 'None'
[0.189s] Level 5:colcon.colcon_core.verb:set package 'nav_launch' build argument 'catkin_skip_building_tests' from command line to 'False'
[0.189s] DEBUG:colcon.colcon_core.verb:Building package 'nav_launch' with the following arguments: {'ament_cmake_args': None, 'build_base': '/home/ros2/tower_ws/build/nav_launch', 'catkin_cmake_args': None, 'catkin_skip_building_tests': False, 'cmake_args': None, 'cmake_clean_cache': False, 'cmake_clean_first': False, 'cmake_force_configure': False, 'cmake_target': None, 'cmake_target_skip_unavailable': False, 'install_base': '/home/ros2/tower_ws/install/nav_launch', 'merge_install': False, 'path': '/home/ros2/tower_ws/src/navtech/src/nav_launch', 'symlink_install': False, 'test_result_base': None}
[0.189s] Level 5:colcon.colcon_core.verb:set package 'zed_ros2' build argument 'cmake_args' from command line to 'None'
[0.189s] Level 5:colcon.colcon_core.verb:set package 'zed_ros2' build argument 'cmake_target' from command line to 'None'
[0.189s] Level 5:colcon.colcon_core.verb:set package 'zed_ros2' build argument 'cmake_target_skip_unavailable' from command line to 'False'
[0.189s] Level 5:colcon.colcon_core.verb:set package 'zed_ros2' build argument 'cmake_clean_cache' from command line to 'False'
[0.189s] Level 5:colcon.colcon_core.verb:set package 'zed_ros2' build argument 'cmake_clean_first' from command line to 'False'
[0.189s] Level 5:colcon.colcon_core.verb:set package 'zed_ros2' build argument 'cmake_force_configure' from command line to 'False'
[0.189s] Level 5:colcon.colcon_core.verb:set package 'zed_ros2' build argument 'ament_cmake_args' from command line to 'None'
[0.189s] Level 5:colcon.colcon_core.verb:set package 'zed_ros2' build argument 'catkin_cmake_args' from command line to 'None'
[0.189s] Level 5:colcon.colcon_core.verb:set package 'zed_ros2' build argument 'catkin_skip_building_tests' from command line to 'False'
[0.189s] DEBUG:colcon.colcon_core.verb:Building package 'zed_ros2' with the following arguments: {'ament_cmake_args': None, 'build_base': '/home/ros2/tower_ws/build/zed_ros2', 'catkin_cmake_args': None, 'catkin_skip_building_tests': False, 'cmake_args': None, 'cmake_clean_cache': False, 'cmake_clean_first': False, 'cmake_force_configure': False, 'cmake_target': None, 'cmake_target_skip_unavailable': False, 'install_base': '/home/ros2/tower_ws/install/zed_ros2', 'merge_install': False, 'path': '/home/ros2/tower_ws/src/zed-ros2-wrapper/zed_ros2', 'symlink_install': False, 'test_result_base': None}
[0.189s] INFO:colcon.colcon_core.executor:Executing jobs using 'parallel' executor
[0.190s] DEBUG:colcon.colcon_parallel_executor.executor.parallel:run_until_complete
[0.190s] INFO:colcon.colcon_ros.task.ament_cmake.build:Building ROS package in '/home/ros2/tower_ws/src/navtech/src/nav_messages' with build type 'ament_cmake'
[0.190s] INFO:colcon.colcon_cmake.task.cmake.build:Building CMake package in '/home/ros2/tower_ws/src/navtech/src/nav_messages'
[0.191s] INFO:colcon.colcon_core.plugin_system:Skipping extension 'colcon_core.shell.bat': Not used on non-Windows systems
[0.191s] INFO:colcon.colcon_core.shell:Skip shell extension 'powershell' for command environment: Not usable outside of PowerShell
[0.191s] DEBUG:colcon.colcon_core.shell:Skip shell extension 'dsv' for command environment
[0.194s] INFO:colcon.colcon_ros.task.ament_cmake.build:Building ROS package in '/home/ros2/tower_ws/src/zed-ros2-wrapper/zed_components' with build type 'ament_cmake'
[0.194s] INFO:colcon.colcon_cmake.task.cmake.build:Building CMake package in '/home/ros2/tower_ws/src/zed-ros2-wrapper/zed_components'
[0.194s] INFO:colcon.colcon_core.shell:Skip shell extension 'powershell' for command environment: Not usable outside of PowerShell
[0.194s] DEBUG:colcon.colcon_core.shell:Skip shell extension 'dsv' for command environment
[0.196s] INFO:colcon.colcon_cmake.task.cmake.build:Building CMake package in '/home/ros2/tower_ws/src/navtech/src/cpp_17/src'
[0.196s] INFO:colcon.colcon_core.shell:Skip shell extension 'powershell' for command environment: Not usable outside of PowerShell
[0.196s] DEBUG:colcon.colcon_core.shell:Skip shell extension 'dsv' for command environment
[0.201s] DEBUG:colcon.colcon_core.event_handler.log_command:Invoking command in '/home/ros2/tower_ws/build/nav_messages': CMAKE_PREFIX_PATH=${CMAKE_PREFIX_PATH}:/home/ros2/Downloads/final-ai/install/py_fakedata:/home/ros2/Downloads/final-ai/install/py_detectionmessage:/home/ros2/Downloads/final-ai/install/py_aiproc:/opt/ros/humble /usr/bin/cmake --build /home/ros2/tower_ws/build/nav_messages -- -j24 -l24
[0.204s] DEBUG:colcon.colcon_core.event_handler.log_command:Invoking command in '/home/ros2/tower_ws/build/zed_components': CMAKE_PREFIX_PATH=${CMAKE_PREFIX_PATH}:/home/ros2/Downloads/final-ai/install/py_fakedata:/home/ros2/Downloads/final-ai/install/py_detectionmessage:/home/ros2/Downloads/final-ai/install/py_aiproc:/opt/ros/humble /usr/bin/cmake /home/ros2/tower_ws/src/zed-ros2-wrapper/zed_components -DCMAKE_INSTALL_PREFIX=/home/ros2/tower_ws/install/zed_components
[0.205s] DEBUG:colcon.colcon_core.event_handler.log_command:Invoking command in '/home/ros2/tower_ws/build/IASDK': /usr/bin/cmake --build /home/ros2/tower_ws/build/IASDK -- -j24 -l24
[0.327s] DEBUG:colcon.colcon_core.event_handler.log_command:Invoked command in '/home/ros2/tower_ws/build/IASDK' returned '0': /usr/bin/cmake --build /home/ros2/tower_ws/build/IASDK -- -j24 -l24
[0.328s] WARNING:colcon.colcon_cmake.task.cmake.build:Could not run installation step for package 'IASDK' because it has no 'install' target
[0.328s] Level 1:colcon.colcon_core.environment:create_environment_scripts_only(IASDK)
[0.330s] Level 1:colcon.colcon_core.environment:checking '/home/ros2/tower_ws/install/IASDK' for CMake module files
[0.330s] Level 1:colcon.colcon_core.environment:checking '/home/ros2/tower_ws/install/IASDK' for CMake config files
[0.330s] Level 1:colcon.colcon_core.environment:checking '/home/ros2/tower_ws/install/IASDK/bin'
[0.330s] Level 1:colcon.colcon_core.environment:checking '/home/ros2/tower_ws/install/IASDK/lib/pkgconfig/IASDK.pc'
[0.330s] Level 1:colcon.colcon_core.environment:checking '/home/ros2/tower_ws/install/IASDK/lib/python3.10/site-packages'
[0.331s] Level 1:colcon.colcon_core.environment:checking '/home/ros2/tower_ws/install/IASDK/bin'
[0.331s] INFO:colcon.colcon_core.shell:Creating package script '/home/ros2/tower_ws/install/IASDK/share/IASDK/package.ps1'
[0.331s] INFO:colcon.colcon_core.shell:Creating package descriptor '/home/ros2/tower_ws/install/IASDK/share/IASDK/package.dsv'
[0.332s] INFO:colcon.colcon_core.shell:Creating package script '/home/ros2/tower_ws/install/IASDK/share/IASDK/package.sh'
[0.332s] INFO:colcon.colcon_core.shell:Creating package script '/home/ros2/tower_ws/install/IASDK/share/IASDK/package.bash'
[0.332s] INFO:colcon.colcon_core.shell:Creating package script '/home/ros2/tower_ws/install/IASDK/share/IASDK/package.zsh'
[0.333s] Level 1:colcon.colcon_core.environment:create_file_with_runtime_dependencies(/home/ros2/tower_ws/install/IASDK/share/colcon-core/packages/IASDK)
[1.510s] DEBUG:colcon.colcon_core.event_handler.log_command:Invoked command in '/home/ros2/tower_ws/build/nav_messages' returned '0': CMAKE_PREFIX_PATH=${CMAKE_PREFIX_PATH}:/home/ros2/Downloads/final-ai/install/py_fakedata:/home/ros2/Downloads/final-ai/install/py_detectionmessage:/home/ros2/Downloads/final-ai/install/py_aiproc:/opt/ros/humble /usr/bin/cmake --build /home/ros2/tower_ws/build/nav_messages -- -j24 -l24
[1.518s] DEBUG:colcon.colcon_core.event_handler.log_command:Invoking command in '/home/ros2/tower_ws/build/nav_messages': CMAKE_PREFIX_PATH=${CMAKE_PREFIX_PATH}:/home/ros2/Downloads/final-ai/install/py_fakedata:/home/ros2/Downloads/final-ai/install/py_detectionmessage:/home/ros2/Downloads/final-ai/install/py_aiproc:/opt/ros/humble /usr/bin/cmake --install /home/ros2/tower_ws/build/nav_messages
[1.555s] Level 1:colcon.colcon_core.environment:create_environment_scripts_only(nav_messages)
[1.556s] Level 1:colcon.colcon_core.environment:checking '/home/ros2/tower_ws/install/nav_messages' for CMake module files
[1.556s] DEBUG:colcon.colcon_core.event_handler.log_command:Invoked command in '/home/ros2/tower_ws/build/nav_messages' returned '0': CMAKE_PREFIX_PATH=${CMAKE_PREFIX_PATH}:/home/ros2/Downloads/final-ai/install/py_fakedata:/home/ros2/Downloads/final-ai/install/py_detectionmessage:/home/ros2/Downloads/final-ai/install/py_aiproc:/opt/ros/humble /usr/bin/cmake --install /home/ros2/tower_ws/build/nav_messages
[1.556s] Level 1:colcon.colcon_core.environment:checking '/home/ros2/tower_ws/install/nav_messages' for CMake config files
[1.557s] Level 1:colcon.colcon_core.shell:create_environment_hook('nav_messages', 'cmake_prefix_path')
[1.557s] INFO:colcon.colcon_core.shell:Creating environment hook '/home/ros2/tower_ws/install/nav_messages/share/nav_messages/hook/cmake_prefix_path.ps1'
[1.557s] INFO:colcon.colcon_core.shell:Creating environment descriptor '/home/ros2/tower_ws/install/nav_messages/share/nav_messages/hook/cmake_prefix_path.dsv'
[1.558s] INFO:colcon.colcon_core.shell:Creating environment hook '/home/ros2/tower_ws/install/nav_messages/share/nav_messages/hook/cmake_prefix_path.sh'
[1.558s] Level 1:colcon.colcon_core.environment:checking '/home/ros2/tower_ws/install/nav_messages/lib'
[1.559s] Level 1:colcon.colcon_core.shell:create_environment_hook('nav_messages', 'ld_library_path_lib')
[1.559s] INFO:colcon.colcon_core.shell:Creating environment hook '/home/ros2/tower_ws/install/nav_messages/share/nav_messages/hook/ld_library_path_lib.ps1'
[1.559s] INFO:colcon.colcon_core.shell:Creating environment descriptor '/home/ros2/tower_ws/install/nav_messages/share/nav_messages/hook/ld_library_path_lib.dsv'
[1.560s] INFO:colcon.colcon_core.shell:Creating environment hook '/home/ros2/tower_ws/install/nav_messages/share/nav_messages/hook/ld_library_path_lib.sh'
[1.560s] Level 1:colcon.colcon_core.environment:checking '/home/ros2/tower_ws/install/nav_messages/bin'
[1.560s] Level 1:colcon.colcon_core.environment:checking '/home/ros2/tower_ws/install/nav_messages/lib/pkgconfig/nav_messages.pc'
[1.560s] Level 1:colcon.colcon_core.environment:checking '/home/ros2/tower_ws/install/nav_messages/lib/python3.10/site-packages'
[1.560s] Level 1:colcon.colcon_core.environment:checking '/home/ros2/tower_ws/install/nav_messages/bin'
[1.561s] INFO:colcon.colcon_core.shell:Creating package script '/home/ros2/tower_ws/install/nav_messages/share/nav_messages/package.ps1'
[1.561s] INFO:colcon.colcon_core.shell:Creating package descriptor '/home/ros2/tower_ws/install/nav_messages/share/nav_messages/package.dsv'
[1.562s] INFO:colcon.colcon_core.shell:Creating package script '/home/ros2/tower_ws/install/nav_messages/share/nav_messages/package.sh'
[1.562s] INFO:colcon.colcon_core.shell:Creating package script '/home/ros2/tower_ws/install/nav_messages/share/nav_messages/package.bash'
[1.563s] INFO:colcon.colcon_core.shell:Creating package script '/home/ros2/tower_ws/install/nav_messages/share/nav_messages/package.zsh'
[1.563s] Level 1:colcon.colcon_core.environment:create_file_with_runtime_dependencies(/home/ros2/tower_ws/install/nav_messages/share/colcon-core/packages/nav_messages)
[1.563s] Level 1:colcon.colcon_core.environment:create_environment_scripts_only(nav_messages)
[1.564s] Level 1:colcon.colcon_core.environment:checking '/home/ros2/tower_ws/install/nav_messages' for CMake module files
[1.564s] Level 1:colcon.colcon_core.environment:checking '/home/ros2/tower_ws/install/nav_messages' for CMake config files
[1.564s] Level 1:colcon.colcon_core.shell:create_environment_hook('nav_messages', 'cmake_prefix_path')
[1.565s] INFO:colcon.colcon_core.shell:Creating environment hook '/home/ros2/tower_ws/install/nav_messages/share/nav_messages/hook/cmake_prefix_path.ps1'
[1.565s] INFO:colcon.colcon_core.shell:Creating environment descriptor '/home/ros2/tower_ws/install/nav_messages/share/nav_messages/hook/cmake_prefix_path.dsv'
[1.565s] INFO:colcon.colcon_core.shell:Creating environment hook '/home/ros2/tower_ws/install/nav_messages/share/nav_messages/hook/cmake_prefix_path.sh'
[1.566s] Level 1:colcon.colcon_core.environment:checking '/home/ros2/tower_ws/install/nav_messages/lib'
[1.566s] Level 1:colcon.colcon_core.shell:create_environment_hook('nav_messages', 'ld_library_path_lib')
[1.566s] INFO:colcon.colcon_core.shell:Creating environment hook '/home/ros2/tower_ws/install/nav_messages/share/nav_messages/hook/ld_library_path_lib.ps1'
[1.567s] INFO:colcon.colcon_core.shell:Creating environment descriptor '/home/ros2/tower_ws/install/nav_messages/share/nav_messages/hook/ld_library_path_lib.dsv'
[1.567s] INFO:colcon.colcon_core.shell:Creating environment hook '/home/ros2/tower_ws/install/nav_messages/share/nav_messages/hook/ld_library_path_lib.sh'
[1.567s] Level 1:colcon.colcon_core.environment:checking '/home/ros2/tower_ws/install/nav_messages/bin'
[1.567s] Level 1:colcon.colcon_core.environment:checking '/home/ros2/tower_ws/install/nav_messages/lib/pkgconfig/nav_messages.pc'
[1.567s] Level 1:colcon.colcon_core.environment:checking '/home/ros2/tower_ws/install/nav_messages/lib/python3.10/site-packages'
[1.568s] Level 1:colcon.colcon_core.environment:checking '/home/ros2/tower_ws/install/nav_messages/bin'
[1.568s] INFO:colcon.colcon_core.shell:Creating package script '/home/ros2/tower_ws/install/nav_messages/share/nav_messages/package.ps1'
[1.569s] INFO:colcon.colcon_core.shell:Creating package descriptor '/home/ros2/tower_ws/install/nav_messages/share/nav_messages/package.dsv'
[1.569s] INFO:colcon.colcon_core.shell:Creating package script '/home/ros2/tower_ws/install/nav_messages/share/nav_messages/package.sh'
[1.570s] INFO:colcon.colcon_core.shell:Creating package script '/home/ros2/tower_ws/install/nav_messages/share/nav_messages/package.bash'
[1.570s] INFO:colcon.colcon_core.shell:Creating package script '/home/ros2/tower_ws/install/nav_messages/share/nav_messages/package.zsh'
[1.570s] Level 1:colcon.colcon_core.environment:create_file_with_runtime_dependencies(/home/ros2/tower_ws/install/nav_messages/share/colcon-core/packages/nav_messages)
[1.571s] INFO:colcon.colcon_ros.task.ament_cmake.build:Building ROS package in '/home/ros2/tower_ws/src/navtech/src/nav_camera' with build type 'ament_cmake'
[1.571s] INFO:colcon.colcon_cmake.task.cmake.build:Building CMake package in '/home/ros2/tower_ws/src/navtech/src/nav_camera'
[1.571s] INFO:colcon.colcon_core.shell:Skip shell extension 'powershell' for command environment: Not usable outside of PowerShell
[1.571s] DEBUG:colcon.colcon_core.shell:Skip shell extension 'dsv' for command environment
[1.574s] INFO:colcon.colcon_ros.task.ament_cmake.build:Building ROS package in '/home/ros2/tower_ws/src/navtech/src/nav_radar' with build type 'ament_cmake'
[1.574s] INFO:colcon.colcon_cmake.task.cmake.build:Building CMake package in '/home/ros2/tower_ws/src/navtech/src/nav_radar'
[1.574s] INFO:colcon.colcon_core.shell:Skip shell extension 'powershell' for command environment: Not usable outside of PowerShell
[1.574s] DEBUG:colcon.colcon_core.shell:Skip shell extension 'dsv' for command environment
[1.579s] DEBUG:colcon.colcon_core.event_handler.log_command:Invoking command in '/home/ros2/tower_ws/build/nav_camera': CMAKE_PREFIX_PATH=/home/ros2/tower_ws/install/nav_messages:/home/ros2/tower_ws/install/nav_launch:/home/ros2/tower_ws/install/nav_radar:/home/ros2/tower_ws/install/nav_camera:/home/ros2/ros2_ws/install/zed_ros2:/home/ros2/ros2_ws/install/zed_wrapper:/home/ros2/ros2_ws/install/zed_components:/home/ros2/Downloads/final-ai/install/detectionmessage:/home/ros2/Downloads/ros2cs/install:/home/ros2/Downloads/final-ai/install/py_fakedata:/home/ros2/Downloads/final-ai/install/py_detectionmessage:/home/ros2/Downloads/final-ai/install/py_aiproc:/opt/ros/humble /usr/bin/cmake --build /home/ros2/tower_ws/build/nav_camera -- -j24 -l24
[1.579s] DEBUG:colcon.colcon_core.event_handler.log_command:Invoked command in '/home/ros2/tower_ws/build/zed_components' returned '0': CMAKE_PREFIX_PATH=${CMAKE_PREFIX_PATH}:/home/ros2/Downloads/final-ai/install/py_fakedata:/home/ros2/Downloads/final-ai/install/py_detectionmessage:/home/ros2/Downloads/final-ai/install/py_aiproc:/opt/ros/humble /usr/bin/cmake /home/ros2/tower_ws/src/zed-ros2-wrapper/zed_components -DCMAKE_INSTALL_PREFIX=/home/ros2/tower_ws/install/zed_components
[1.579s] DEBUG:colcon.colcon_core.event_handler.log_command:Invoking command in '/home/ros2/tower_ws/build/zed_components': CMAKE_PREFIX_PATH=${CMAKE_PREFIX_PATH}:/home/ros2/Downloads/final-ai/install/py_fakedata:/home/ros2/Downloads/final-ai/install/py_detectionmessage:/home/ros2/Downloads/final-ai/install/py_aiproc:/opt/ros/humble /usr/bin/cmake --build /home/ros2/tower_ws/build/zed_components -- -j24 -l24
[1.581s] DEBUG:colcon.colcon_core.event_handler.log_command:Invoking command in '/home/ros2/tower_ws/build/nav_radar': CMAKE_PREFIX_PATH=/home/ros2/tower_ws/install/nav_messages:/home/ros2/tower_ws/install/nav_launch:/home/ros2/tower_ws/install/nav_radar:/home/ros2/tower_ws/install/nav_camera:/home/ros2/ros2_ws/install/zed_ros2:/home/ros2/ros2_ws/install/zed_wrapper:/home/ros2/ros2_ws/install/zed_components:/home/ros2/Downloads/final-ai/install/detectionmessage:/home/ros2/Downloads/ros2cs/install:/home/ros2/Downloads/final-ai/install/py_fakedata:/home/ros2/Downloads/final-ai/install/py_detectionmessage:/home/ros2/Downloads/final-ai/install/py_aiproc:/opt/ros/humble /usr/bin/cmake --build /home/ros2/tower_ws/build/nav_radar -- -j24 -l24
[1.653s] DEBUG:colcon.colcon_core.event_handler.log_command:Invoked command in '/home/ros2/tower_ws/build/nav_camera' returned '0': CMAKE_PREFIX_PATH=/home/ros2/tower_ws/install/nav_messages:/home/ros2/tower_ws/install/nav_launch:/home/ros2/tower_ws/install/nav_radar:/home/ros2/tower_ws/install/nav_camera:/home/ros2/ros2_ws/install/zed_ros2:/home/ros2/ros2_ws/install/zed_wrapper:/home/ros2/ros2_ws/install/zed_components:/home/ros2/Downloads/final-ai/install/detectionmessage:/home/ros2/Downloads/ros2cs/install:/home/ros2/Downloads/final-ai/install/py_fakedata:/home/ros2/Downloads/final-ai/install/py_detectionmessage:/home/ros2/Downloads/final-ai/install/py_aiproc:/opt/ros/humble /usr/bin/cmake --build /home/ros2/tower_ws/build/nav_camera -- -j24 -l24
[1.655s] DEBUG:colcon.colcon_core.event_handler.log_command:Invoking command in '/home/ros2/tower_ws/build/nav_camera': CMAKE_PREFIX_PATH=/home/ros2/tower_ws/install/nav_messages:/home/ros2/tower_ws/install/nav_launch:/home/ros2/tower_ws/install/nav_radar:/home/ros2/tower_ws/install/nav_camera:/home/ros2/ros2_ws/install/zed_ros2:/home/ros2/ros2_ws/install/zed_wrapper:/home/ros2/ros2_ws/install/zed_components:/home/ros2/Downloads/final-ai/install/detectionmessage:/home/ros2/Downloads/ros2cs/install:/home/ros2/Downloads/final-ai/install/py_fakedata:/home/ros2/Downloads/final-ai/install/py_detectionmessage:/home/ros2/Downloads/final-ai/install/py_aiproc:/opt/ros/humble /usr/bin/cmake --install /home/ros2/tower_ws/build/nav_camera
[1.665s] Level 1:colcon.colcon_core.environment:create_environment_scripts_only(nav_camera)
[1.666s] Level 1:colcon.colcon_core.environment:checking '/home/ros2/tower_ws/install/nav_camera' for CMake module files
[1.666s] DEBUG:colcon.colcon_core.event_handler.log_command:Invoked command in '/home/ros2/tower_ws/build/nav_camera' returned '0': CMAKE_PREFIX_PATH=/home/ros2/tower_ws/install/nav_messages:/home/ros2/tower_ws/install/nav_launch:/home/ros2/tower_ws/install/nav_radar:/home/ros2/tower_ws/install/nav_camera:/home/ros2/ros2_ws/install/zed_ros2:/home/ros2/ros2_ws/install/zed_wrapper:/home/ros2/ros2_ws/install/zed_components:/home/ros2/Downloads/final-ai/install/detectionmessage:/home/ros2/Downloads/ros2cs/install:/home/ros2/Downloads/final-ai/install/py_fakedata:/home/ros2/Downloads/final-ai/install/py_detectionmessage:/home/ros2/Downloads/final-ai/install/py_aiproc:/opt/ros/humble /usr/bin/cmake --install /home/ros2/tower_ws/build/nav_camera
[1.666s] Level 1:colcon.colcon_core.environment:checking '/home/ros2/tower_ws/install/nav_camera' for CMake config files
[1.667s] Level 1:colcon.colcon_core.shell:create_environment_hook('nav_camera', 'cmake_prefix_path')
[1.667s] INFO:colcon.colcon_core.shell:Creating environment hook '/home/ros2/tower_ws/install/nav_camera/share/nav_camera/hook/cmake_prefix_path.ps1'
[1.668s] INFO:colcon.colcon_core.shell:Creating environment descriptor '/home/ros2/tower_ws/install/nav_camera/share/nav_camera/hook/cmake_prefix_path.dsv'
[1.668s] INFO:colcon.colcon_core.shell:Creating environment hook '/home/ros2/tower_ws/install/nav_camera/share/nav_camera/hook/cmake_prefix_path.sh'
[1.669s] Level 1:colcon.colcon_core.environment:checking '/home/ros2/tower_ws/install/nav_camera/lib'
[1.669s] Level 1:colcon.colcon_core.environment:checking '/home/ros2/tower_ws/install/nav_camera/bin'
[1.669s] Level 1:colcon.colcon_core.environment:checking '/home/ros2/tower_ws/install/nav_camera/lib/pkgconfig/nav_camera.pc'
[1.669s] Level 1:colcon.colcon_core.environment:checking '/home/ros2/tower_ws/install/nav_camera/lib/python3.10/site-packages'
[1.669s] Level 1:colcon.colcon_core.environment:checking '/home/ros2/tower_ws/install/nav_camera/bin'
[1.670s] INFO:colcon.colcon_core.shell:Creating package script '/home/ros2/tower_ws/install/nav_camera/share/nav_camera/package.ps1'
[1.670s] INFO:colcon.colcon_core.shell:Creating package descriptor '/home/ros2/tower_ws/install/nav_camera/share/nav_camera/package.dsv'
[1.671s] INFO:colcon.colcon_core.shell:Creating package script '/home/ros2/tower_ws/install/nav_camera/share/nav_camera/package.sh'
[1.671s] INFO:colcon.colcon_core.shell:Creating package script '/home/ros2/tower_ws/install/nav_camera/share/nav_camera/package.bash'
[1.672s] INFO:colcon.colcon_core.shell:Creating package script '/home/ros2/tower_ws/install/nav_camera/share/nav_camera/package.zsh'
[1.672s] Level 1:colcon.colcon_core.environment:create_file_with_runtime_dependencies(/home/ros2/tower_ws/install/nav_camera/share/colcon-core/packages/nav_camera)
[1.672s] Level 1:colcon.colcon_core.environment:create_environment_scripts_only(nav_camera)
[1.673s] Level 1:colcon.colcon_core.environment:checking '/home/ros2/tower_ws/install/nav_camera' for CMake module files
[1.673s] Level 1:colcon.colcon_core.environment:checking '/home/ros2/tower_ws/install/nav_camera' for CMake config files
[1.673s] Level 1:colcon.colcon_core.shell:create_environment_hook('nav_camera', 'cmake_prefix_path')
[1.673s] INFO:colcon.colcon_core.shell:Creating environment hook '/home/ros2/tower_ws/install/nav_camera/share/nav_camera/hook/cmake_prefix_path.ps1'
[1.674s] INFO:colcon.colcon_core.shell:Creating environment descriptor '/home/ros2/tower_ws/install/nav_camera/share/nav_camera/hook/cmake_prefix_path.dsv'
[1.674s] INFO:colcon.colcon_core.shell:Creating environment hook '/home/ros2/tower_ws/install/nav_camera/share/nav_camera/hook/cmake_prefix_path.sh'
[1.674s] Level 1:colcon.colcon_core.environment:checking '/home/ros2/tower_ws/install/nav_camera/lib'
[1.675s] Level 1:colcon.colcon_core.environment:checking '/home/ros2/tower_ws/install/nav_camera/bin'
[1.675s] Level 1:colcon.colcon_core.environment:checking '/home/ros2/tower_ws/install/nav_camera/lib/pkgconfig/nav_camera.pc'
[1.675s] Level 1:colcon.colcon_core.environment:checking '/home/ros2/tower_ws/install/nav_camera/lib/python3.10/site-packages'
[1.675s] Level 1:colcon.colcon_core.environment:checking '/home/ros2/tower_ws/install/nav_camera/bin'
[1.675s] INFO:colcon.colcon_core.shell:Creating package script '/home/ros2/tower_ws/install/nav_camera/share/nav_camera/package.ps1'
[1.676s] INFO:colcon.colcon_core.shell:Creating package descriptor '/home/ros2/tower_ws/install/nav_camera/share/nav_camera/package.dsv'
[1.677s] INFO:colcon.colcon_core.shell:Creating package script '/home/ros2/tower_ws/install/nav_camera/share/nav_camera/package.sh'
[1.677s] INFO:colcon.colcon_core.shell:Creating package script '/home/ros2/tower_ws/install/nav_camera/share/nav_camera/package.bash'
[1.677s] INFO:colcon.colcon_core.shell:Creating package script '/home/ros2/tower_ws/install/nav_camera/share/nav_camera/package.zsh'
[1.678s] Level 1:colcon.colcon_core.environment:create_file_with_runtime_dependencies(/home/ros2/tower_ws/install/nav_camera/share/colcon-core/packages/nav_camera)
[1.756s] DEBUG:colcon.colcon_core.event_handler.log_command:Invoked command in '/home/ros2/tower_ws/build/nav_radar' returned '0': CMAKE_PREFIX_PATH=/home/ros2/tower_ws/install/nav_messages:/home/ros2/tower_ws/install/nav_launch:/home/ros2/tower_ws/install/nav_radar:/home/ros2/tower_ws/install/nav_camera:/home/ros2/ros2_ws/install/zed_ros2:/home/ros2/ros2_ws/install/zed_wrapper:/home/ros2/ros2_ws/install/zed_components:/home/ros2/Downloads/final-ai/install/detectionmessage:/home/ros2/Downloads/ros2cs/install:/home/ros2/Downloads/final-ai/install/py_fakedata:/home/ros2/Downloads/final-ai/install/py_detectionmessage:/home/ros2/Downloads/final-ai/install/py_aiproc:/opt/ros/humble /usr/bin/cmake --build /home/ros2/tower_ws/build/nav_radar -- -j24 -l24
[1.757s] DEBUG:colcon.colcon_core.event_handler.log_command:Invoking command in '/home/ros2/tower_ws/build/nav_radar': CMAKE_PREFIX_PATH=/home/ros2/tower_ws/install/nav_messages:/home/ros2/tower_ws/install/nav_launch:/home/ros2/tower_ws/install/nav_radar:/home/ros2/tower_ws/install/nav_camera:/home/ros2/ros2_ws/install/zed_ros2:/home/ros2/ros2_ws/install/zed_wrapper:/home/ros2/ros2_ws/install/zed_components:/home/ros2/Downloads/final-ai/install/detectionmessage:/home/ros2/Downloads/ros2cs/install:/home/ros2/Downloads/final-ai/install/py_fakedata:/home/ros2/Downloads/final-ai/install/py_detectionmessage:/home/ros2/Downloads/final-ai/install/py_aiproc:/opt/ros/humble /usr/bin/cmake --install /home/ros2/tower_ws/build/nav_radar
[1.766s] Level 1:colcon.colcon_core.environment:create_environment_scripts_only(nav_radar)
[1.766s] Level 1:colcon.colcon_core.environment:checking '/home/ros2/tower_ws/install/nav_radar' for CMake module files
[1.766s] DEBUG:colcon.colcon_core.event_handler.log_command:Invoked command in '/home/ros2/tower_ws/build/nav_radar' returned '0': CMAKE_PREFIX_PATH=/home/ros2/tower_ws/install/nav_messages:/home/ros2/tower_ws/install/nav_launch:/home/ros2/tower_ws/install/nav_radar:/home/ros2/tower_ws/install/nav_camera:/home/ros2/ros2_ws/install/zed_ros2:/home/ros2/ros2_ws/install/zed_wrapper:/home/ros2/ros2_ws/install/zed_components:/home/ros2/Downloads/final-ai/install/detectionmessage:/home/ros2/Downloads/ros2cs/install:/home/ros2/Downloads/final-ai/install/py_fakedata:/home/ros2/Downloads/final-ai/install/py_detectionmessage:/home/ros2/Downloads/final-ai/install/py_aiproc:/opt/ros/humble /usr/bin/cmake --install /home/ros2/tower_ws/build/nav_radar
[1.767s] Level 1:colcon.colcon_core.environment:checking '/home/ros2/tower_ws/install/nav_radar' for CMake config files
[1.767s] Level 1:colcon.colcon_core.shell:create_environment_hook('nav_radar', 'cmake_prefix_path')
[1.767s] INFO:colcon.colcon_core.shell:Creating environment hook '/home/ros2/tower_ws/install/nav_radar/share/nav_radar/hook/cmake_prefix_path.ps1'
[1.767s] INFO:colcon.colcon_core.shell:Creating environment descriptor '/home/ros2/tower_ws/install/nav_radar/share/nav_radar/hook/cmake_prefix_path.dsv'
[1.767s] INFO:colcon.colcon_core.shell:Creating environment hook '/home/ros2/tower_ws/install/nav_radar/share/nav_radar/hook/cmake_prefix_path.sh'
[1.768s] Level 1:colcon.colcon_core.environment:checking '/home/ros2/tower_ws/install/nav_radar/lib'
[1.768s] Level 1:colcon.colcon_core.environment:checking '/home/ros2/tower_ws/install/nav_radar/bin'
[1.768s] Level 1:colcon.colcon_core.environment:checking '/home/ros2/tower_ws/install/nav_radar/lib/pkgconfig/nav_radar.pc'
[1.768s] Level 1:colcon.colcon_core.environment:checking '/home/ros2/tower_ws/install/nav_radar/lib/python3.10/site-packages'
[1.768s] Level 1:colcon.colcon_core.environment:checking '/home/ros2/tower_ws/install/nav_radar/bin'
[1.768s] INFO:colcon.colcon_core.shell:Creating package script '/home/ros2/tower_ws/install/nav_radar/share/nav_radar/package.ps1'
[1.769s] INFO:colcon.colcon_core.shell:Creating package descriptor '/home/ros2/tower_ws/install/nav_radar/share/nav_radar/package.dsv'
[1.769s] INFO:colcon.colcon_core.shell:Creating package script '/home/ros2/tower_ws/install/nav_radar/share/nav_radar/package.sh'
[1.769s] INFO:colcon.colcon_core.shell:Creating package script '/home/ros2/tower_ws/install/nav_radar/share/nav_radar/package.bash'
[1.769s] INFO:colcon.colcon_core.shell:Creating package script '/home/ros2/tower_ws/install/nav_radar/share/nav_radar/package.zsh'
[1.769s] Level 1:colcon.colcon_core.environment:create_file_with_runtime_dependencies(/home/ros2/tower_ws/install/nav_radar/share/colcon-core/packages/nav_radar)
[1.770s] Level 1:colcon.colcon_core.environment:create_environment_scripts_only(nav_radar)
[1.770s] Level 1:colcon.colcon_core.environment:checking '/home/ros2/tower_ws/install/nav_radar' for CMake module files
[1.770s] Level 1:colcon.colcon_core.environment:checking '/home/ros2/tower_ws/install/nav_radar' for CMake config files
[1.770s] Level 1:colcon.colcon_core.shell:create_environment_hook('nav_radar', 'cmake_prefix_path')
[1.770s] INFO:colcon.colcon_core.shell:Creating environment hook '/home/ros2/tower_ws/install/nav_radar/share/nav_radar/hook/cmake_prefix_path.ps1'
[1.771s] INFO:colcon.colcon_core.shell:Creating environment descriptor '/home/ros2/tower_ws/install/nav_radar/share/nav_radar/hook/cmake_prefix_path.dsv'
[1.771s] INFO:colcon.colcon_core.shell:Creating environment hook '/home/ros2/tower_ws/install/nav_radar/share/nav_radar/hook/cmake_prefix_path.sh'
[1.771s] Level 1:colcon.colcon_core.environment:checking '/home/ros2/tower_ws/install/nav_radar/lib'
[1.771s] Level 1:colcon.colcon_core.environment:checking '/home/ros2/tower_ws/install/nav_radar/bin'
[1.771s] Level 1:colcon.colcon_core.environment:checking '/home/ros2/tower_ws/install/nav_radar/lib/pkgconfig/nav_radar.pc'
[1.771s] Level 1:colcon.colcon_core.environment:checking '/home/ros2/tower_ws/install/nav_radar/lib/python3.10/site-packages'
[1.771s] Level 1:colcon.colcon_core.environment:checking '/home/ros2/tower_ws/install/nav_radar/bin'
[1.772s] INFO:colcon.colcon_core.shell:Creating package script '/home/ros2/tower_ws/install/nav_radar/share/nav_radar/package.ps1'
[1.772s] INFO:colcon.colcon_core.shell:Creating package descriptor '/home/ros2/tower_ws/install/nav_radar/share/nav_radar/package.dsv'
[1.772s] INFO:colcon.colcon_core.shell:Creating package script '/home/ros2/tower_ws/install/nav_radar/share/nav_radar/package.sh'
[1.772s] INFO:colcon.colcon_core.shell:Creating package script '/home/ros2/tower_ws/install/nav_radar/share/nav_radar/package.bash'
[1.773s] INFO:colcon.colcon_core.shell:Creating package script '/home/ros2/tower_ws/install/nav_radar/share/nav_radar/package.zsh'
[1.773s] Level 1:colcon.colcon_core.environment:create_file_with_runtime_dependencies(/home/ros2/tower_ws/install/nav_radar/share/colcon-core/packages/nav_radar)
[1.773s] INFO:colcon.colcon_ros.task.ament_cmake.build:Building ROS package in '/home/ros2/tower_ws/src/navtech/src/nav_launch' with build type 'ament_cmake'
[1.773s] INFO:colcon.colcon_cmake.task.cmake.build:Building CMake package in '/home/ros2/tower_ws/src/navtech/src/nav_launch'
[1.773s] INFO:colcon.colcon_core.shell:Skip shell extension 'powershell' for command environment: Not usable outside of PowerShell
[1.773s] DEBUG:colcon.colcon_core.shell:Skip shell extension 'dsv' for command environment
[1.782s] DEBUG:colcon.colcon_core.event_handler.log_command:Invoking command in '/home/ros2/tower_ws/build/nav_launch': CMAKE_PREFIX_PATH=/home/ros2/tower_ws/install/nav_radar:/home/ros2/tower_ws/install/nav_camera:/home/ros2/tower_ws/install/nav_messages:/home/ros2/tower_ws/install/nav_launch:/home/ros2/ros2_ws/install/zed_ros2:/home/ros2/ros2_ws/install/zed_wrapper:/home/ros2/ros2_ws/install/zed_components:/home/ros2/Downloads/final-ai/install/detectionmessage:/home/ros2/Downloads/ros2cs/install:/home/ros2/Downloads/final-ai/install/py_fakedata:/home/ros2/Downloads/final-ai/install/py_detectionmessage:/home/ros2/Downloads/final-ai/install/py_aiproc:/opt/ros/humble /usr/bin/cmake --build /home/ros2/tower_ws/build/nav_launch -- -j24 -l24
[1.808s] DEBUG:colcon.colcon_core.event_handler.log_command:Invoked command in '/home/ros2/tower_ws/build/nav_launch' returned '0': CMAKE_PREFIX_PATH=/home/ros2/tower_ws/install/nav_radar:/home/ros2/tower_ws/install/nav_camera:/home/ros2/tower_ws/install/nav_messages:/home/ros2/tower_ws/install/nav_launch:/home/ros2/ros2_ws/install/zed_ros2:/home/ros2/ros2_ws/install/zed_wrapper:/home/ros2/ros2_ws/install/zed_components:/home/ros2/Downloads/final-ai/install/detectionmessage:/home/ros2/Downloads/ros2cs/install:/home/ros2/Downloads/final-ai/install/py_fakedata:/home/ros2/Downloads/final-ai/install/py_detectionmessage:/home/ros2/Downloads/final-ai/install/py_aiproc:/opt/ros/humble /usr/bin/cmake --build /home/ros2/tower_ws/build/nav_launch -- -j24 -l24
[1.810s] DEBUG:colcon.colcon_core.event_handler.log_command:Invoking command in '/home/ros2/tower_ws/build/nav_launch': CMAKE_PREFIX_PATH=/home/ros2/tower_ws/install/nav_radar:/home/ros2/tower_ws/install/nav_camera:/home/ros2/tower_ws/install/nav_messages:/home/ros2/tower_ws/install/nav_launch:/home/ros2/ros2_ws/install/zed_ros2:/home/ros2/ros2_ws/install/zed_wrapper:/home/ros2/ros2_ws/install/zed_components:/home/ros2/Downloads/final-ai/install/detectionmessage:/home/ros2/Downloads/ros2cs/install:/home/ros2/Downloads/final-ai/install/py_fakedata:/home/ros2/Downloads/final-ai/install/py_detectionmessage:/home/ros2/Downloads/final-ai/install/py_aiproc:/opt/ros/humble /usr/bin/cmake --install /home/ros2/tower_ws/build/nav_launch
[1.816s] Level 1:colcon.colcon_core.environment:create_environment_scripts_only(nav_launch)
[1.817s] Level 1:colcon.colcon_core.environment:checking '/home/ros2/tower_ws/install/nav_launch' for CMake module files
[1.817s] DEBUG:colcon.colcon_core.event_handler.log_command:Invoked command in '/home/ros2/tower_ws/build/nav_launch' returned '0': CMAKE_PREFIX_PATH=/home/ros2/tower_ws/install/nav_radar:/home/ros2/tower_ws/install/nav_camera:/home/ros2/tower_ws/install/nav_messages:/home/ros2/tower_ws/install/nav_launch:/home/ros2/ros2_ws/install/zed_ros2:/home/ros2/ros2_ws/install/zed_wrapper:/home/ros2/ros2_ws/install/zed_components:/home/ros2/Downloads/final-ai/install/detectionmessage:/home/ros2/Downloads/ros2cs/install:/home/ros2/Downloads/final-ai/install/py_fakedata:/home/ros2/Downloads/final-ai/install/py_detectionmessage:/home/ros2/Downloads/final-ai/install/py_aiproc:/opt/ros/humble /usr/bin/cmake --install /home/ros2/tower_ws/build/nav_launch
[1.817s] Level 1:colcon.colcon_core.environment:checking '/home/ros2/tower_ws/install/nav_launch' for CMake config files
[1.817s] Level 1:colcon.colcon_core.shell:create_environment_hook('nav_launch', 'cmake_prefix_path')
[1.817s] INFO:colcon.colcon_core.shell:Creating environment hook '/home/ros2/tower_ws/install/nav_launch/share/nav_launch/hook/cmake_prefix_path.ps1'
[1.818s] INFO:colcon.colcon_core.shell:Creating environment descriptor '/home/ros2/tower_ws/install/nav_launch/share/nav_launch/hook/cmake_prefix_path.dsv'
[1.818s] INFO:colcon.colcon_core.shell:Creating environment hook '/home/ros2/tower_ws/install/nav_launch/share/nav_launch/hook/cmake_prefix_path.sh'
[1.818s] Level 1:colcon.colcon_core.environment:checking '/home/ros2/tower_ws/install/nav_launch/bin'
[1.818s] Level 1:colcon.colcon_core.environment:checking '/home/ros2/tower_ws/install/nav_launch/lib/pkgconfig/nav_launch.pc'
[1.818s] Level 1:colcon.colcon_core.environment:checking '/home/ros2/tower_ws/install/nav_launch/lib/python3.10/site-packages'
[1.819s] Level 1:colcon.colcon_core.environment:checking '/home/ros2/tower_ws/install/nav_launch/bin'
[1.819s] INFO:colcon.colcon_core.shell:Creating package script '/home/ros2/tower_ws/install/nav_launch/share/nav_launch/package.ps1'
[1.819s] INFO:colcon.colcon_core.shell:Creating package descriptor '/home/ros2/tower_ws/install/nav_launch/share/nav_launch/package.dsv'
[1.819s] INFO:colcon.colcon_core.shell:Creating package script '/home/ros2/tower_ws/install/nav_launch/share/nav_launch/package.sh'
[1.820s] INFO:colcon.colcon_core.shell:Creating package script '/home/ros2/tower_ws/install/nav_launch/share/nav_launch/package.bash'
[1.820s] INFO:colcon.colcon_core.shell:Creating package script '/home/ros2/tower_ws/install/nav_launch/share/nav_launch/package.zsh'
[1.820s] Level 1:colcon.colcon_core.environment:create_file_with_runtime_dependencies(/home/ros2/tower_ws/install/nav_launch/share/colcon-core/packages/nav_launch)
[1.820s] Level 1:colcon.colcon_core.environment:create_environment_scripts_only(nav_launch)
[1.820s] Level 1:colcon.colcon_core.environment:checking '/home/ros2/tower_ws/install/nav_launch' for CMake module files
[1.821s] Level 1:colcon.colcon_core.environment:checking '/home/ros2/tower_ws/install/nav_launch' for CMake config files
[1.821s] Level 1:colcon.colcon_core.shell:create_environment_hook('nav_launch', 'cmake_prefix_path')
[1.821s] INFO:colcon.colcon_core.shell:Creating environment hook '/home/ros2/tower_ws/install/nav_launch/share/nav_launch/hook/cmake_prefix_path.ps1'
[1.821s] INFO:colcon.colcon_core.shell:Creating environment descriptor '/home/ros2/tower_ws/install/nav_launch/share/nav_launch/hook/cmake_prefix_path.dsv'
[1.821s] INFO:colcon.colcon_core.shell:Creating environment hook '/home/ros2/tower_ws/install/nav_launch/share/nav_launch/hook/cmake_prefix_path.sh'
[1.822s] Level 1:colcon.colcon_core.environment:checking '/home/ros2/tower_ws/install/nav_launch/bin'
[1.822s] Level 1:colcon.colcon_core.environment:checking '/home/ros2/tower_ws/install/nav_launch/lib/pkgconfig/nav_launch.pc'
[1.822s] Level 1:colcon.colcon_core.environment:checking '/home/ros2/tower_ws/install/nav_launch/lib/python3.10/site-packages'
[1.822s] Level 1:colcon.colcon_core.environment:checking '/home/ros2/tower_ws/install/nav_launch/bin'
[1.822s] INFO:colcon.colcon_core.shell:Creating package script '/home/ros2/tower_ws/install/nav_launch/share/nav_launch/package.ps1'
[1.823s] INFO:colcon.colcon_core.shell:Creating package descriptor '/home/ros2/tower_ws/install/nav_launch/share/nav_launch/package.dsv'
[1.823s] INFO:colcon.colcon_core.shell:Creating package script '/home/ros2/tower_ws/install/nav_launch/share/nav_launch/package.sh'
[1.823s] INFO:colcon.colcon_core.shell:Creating package script '/home/ros2/tower_ws/install/nav_launch/share/nav_launch/package.bash'
[1.823s] INFO:colcon.colcon_core.shell:Creating package script '/home/ros2/tower_ws/install/nav_launch/share/nav_launch/package.zsh'
[1.823s] Level 1:colcon.colcon_core.environment:create_file_with_runtime_dependencies(/home/ros2/tower_ws/install/nav_launch/share/colcon-core/packages/nav_launch)
[34.666s] DEBUG:colcon.colcon_core.event_handler.log_command:Invoked command in '/home/ros2/tower_ws/build/zed_components' returned '0': CMAKE_PREFIX_PATH=${CMAKE_PREFIX_PATH}:/home/ros2/Downloads/final-ai/install/py_fakedata:/home/ros2/Downloads/final-ai/install/py_detectionmessage:/home/ros2/Downloads/final-ai/install/py_aiproc:/opt/ros/humble /usr/bin/cmake --build /home/ros2/tower_ws/build/zed_components -- -j24 -l24
[34.669s] DEBUG:colcon.colcon_core.event_handler.log_command:Invoking command in '/home/ros2/tower_ws/build/zed_components': CMAKE_PREFIX_PATH=${CMAKE_PREFIX_PATH}:/home/ros2/Downloads/final-ai/install/py_fakedata:/home/ros2/Downloads/final-ai/install/py_detectionmessage:/home/ros2/Downloads/final-ai/install/py_aiproc:/opt/ros/humble /usr/bin/cmake --install /home/ros2/tower_ws/build/zed_components
[34.686s] Level 1:colcon.colcon_core.environment:create_environment_scripts_only(zed_components)
[34.686s] Level 1:colcon.colcon_core.environment:checking '/home/ros2/tower_ws/install/zed_components' for CMake module files
[34.687s] DEBUG:colcon.colcon_core.event_handler.log_command:Invoked command in '/home/ros2/tower_ws/build/zed_components' returned '0': CMAKE_PREFIX_PATH=${CMAKE_PREFIX_PATH}:/home/ros2/Downloads/final-ai/install/py_fakedata:/home/ros2/Downloads/final-ai/install/py_detectionmessage:/home/ros2/Downloads/final-ai/install/py_aiproc:/opt/ros/humble /usr/bin/cmake --install /home/ros2/tower_ws/build/zed_components
[34.688s] Level 1:colcon.colcon_core.environment:checking '/home/ros2/tower_ws/install/zed_components' for CMake config files
[34.688s] Level 1:colcon.colcon_core.shell:create_environment_hook('zed_components', 'cmake_prefix_path')
[34.688s] INFO:colcon.colcon_core.shell:Creating environment hook '/home/ros2/tower_ws/install/zed_components/share/zed_components/hook/cmake_prefix_path.ps1'
[34.689s] INFO:colcon.colcon_core.shell:Creating environment descriptor '/home/ros2/tower_ws/install/zed_components/share/zed_components/hook/cmake_prefix_path.dsv'
[34.689s] INFO:colcon.colcon_core.shell:Creating environment hook '/home/ros2/tower_ws/install/zed_components/share/zed_components/hook/cmake_prefix_path.sh'
[34.690s] Level 1:colcon.colcon_core.environment:checking '/home/ros2/tower_ws/install/zed_components/lib'
[34.690s] Level 1:colcon.colcon_core.shell:create_environment_hook('zed_components', 'ld_library_path_lib')
[34.690s] INFO:colcon.colcon_core.shell:Creating environment hook '/home/ros2/tower_ws/install/zed_components/share/zed_components/hook/ld_library_path_lib.ps1'
[34.690s] INFO:colcon.colcon_core.shell:Creating environment descriptor '/home/ros2/tower_ws/install/zed_components/share/zed_components/hook/ld_library_path_lib.dsv'
[34.691s] INFO:colcon.colcon_core.shell:Creating environment hook '/home/ros2/tower_ws/install/zed_components/share/zed_components/hook/ld_library_path_lib.sh'
[34.691s] Level 1:colcon.colcon_core.environment:checking '/home/ros2/tower_ws/install/zed_components/bin'
[34.691s] Level 1:colcon.colcon_core.environment:checking '/home/ros2/tower_ws/install/zed_components/lib/pkgconfig/zed_components.pc'
[34.692s] Level 1:colcon.colcon_core.environment:checking '/home/ros2/tower_ws/install/zed_components/lib/python3.10/site-packages'
[34.692s] Level 1:colcon.colcon_core.environment:checking '/home/ros2/tower_ws/install/zed_components/bin'
[34.693s] INFO:colcon.colcon_core.shell:Creating package script '/home/ros2/tower_ws/install/zed_components/share/zed_components/package.ps1'
[34.693s] INFO:colcon.colcon_core.shell:Creating package descriptor '/home/ros2/tower_ws/install/zed_components/share/zed_components/package.dsv'
[34.694s] INFO:colcon.colcon_core.shell:Creating package script '/home/ros2/tower_ws/install/zed_components/share/zed_components/package.sh'
[34.695s] INFO:colcon.colcon_core.shell:Creating package script '/home/ros2/tower_ws/install/zed_components/share/zed_components/package.bash'
[34.695s] INFO:colcon.colcon_core.shell:Creating package script '/home/ros2/tower_ws/install/zed_components/share/zed_components/package.zsh'
[34.695s] Level 1:colcon.colcon_core.environment:create_file_with_runtime_dependencies(/home/ros2/tower_ws/install/zed_components/share/colcon-core/packages/zed_components)
[34.696s] Level 1:colcon.colcon_core.environment:create_environment_scripts_only(zed_components)
[34.696s] Level 1:colcon.colcon_core.environment:checking '/home/ros2/tower_ws/install/zed_components' for CMake module files
[34.697s] Level 1:colcon.colcon_core.environment:checking '/home/ros2/tower_ws/install/zed_components' for CMake config files
[34.697s] Level 1:colcon.colcon_core.shell:create_environment_hook('zed_components', 'cmake_prefix_path')
[34.697s] INFO:colcon.colcon_core.shell:Creating environment hook '/home/ros2/tower_ws/install/zed_components/share/zed_components/hook/cmake_prefix_path.ps1'
[34.698s] INFO:colcon.colcon_core.shell:Creating environment descriptor '/home/ros2/tower_ws/install/zed_components/share/zed_components/hook/cmake_prefix_path.dsv'
[34.698s] INFO:colcon.colcon_core.shell:Creating environment hook '/home/ros2/tower_ws/install/zed_components/share/zed_components/hook/cmake_prefix_path.sh'
[34.699s] Level 1:colcon.colcon_core.environment:checking '/home/ros2/tower_ws/install/zed_components/lib'
[34.699s] Level 1:colcon.colcon_core.shell:create_environment_hook('zed_components', 'ld_library_path_lib')
[34.699s] INFO:colcon.colcon_core.shell:Creating environment hook '/home/ros2/tower_ws/install/zed_components/share/zed_components/hook/ld_library_path_lib.ps1'
[34.699s] INFO:colcon.colcon_core.shell:Creating environment descriptor '/home/ros2/tower_ws/install/zed_components/share/zed_components/hook/ld_library_path_lib.dsv'
[34.699s] INFO:colcon.colcon_core.shell:Creating environment hook '/home/ros2/tower_ws/install/zed_components/share/zed_components/hook/ld_library_path_lib.sh'
[34.700s] Level 1:colcon.colcon_core.environment:checking '/home/ros2/tower_ws/install/zed_components/bin'
[34.700s] Level 1:colcon.colcon_core.environment:checking '/home/ros2/tower_ws/install/zed_components/lib/pkgconfig/zed_components.pc'
[34.700s] Level 1:colcon.colcon_core.environment:checking '/home/ros2/tower_ws/install/zed_components/lib/python3.10/site-packages'
[34.700s] Level 1:colcon.colcon_core.environment:checking '/home/ros2/tower_ws/install/zed_components/bin'
[34.701s] INFO:colcon.colcon_core.shell:Creating package script '/home/ros2/tower_ws/install/zed_components/share/zed_components/package.ps1'
[34.701s] INFO:colcon.colcon_core.shell:Creating package descriptor '/home/ros2/tower_ws/install/zed_components/share/zed_components/package.dsv'
[34.703s] INFO:colcon.colcon_core.shell:Creating package script '/home/ros2/tower_ws/install/zed_components/share/zed_components/package.sh'
[34.704s] INFO:colcon.colcon_core.shell:Creating package script '/home/ros2/tower_ws/install/zed_components/share/zed_components/package.bash'
[34.704s] INFO:colcon.colcon_core.shell:Creating package script '/home/ros2/tower_ws/install/zed_components/share/zed_components/package.zsh'
[34.704s] Level 1:colcon.colcon_core.environment:create_file_with_runtime_dependencies(/home/ros2/tower_ws/install/zed_components/share/colcon-core/packages/zed_components)
[34.704s] INFO:colcon.colcon_ros.task.ament_cmake.build:Building ROS package in '/home/ros2/tower_ws/src/zed-ros2-wrapper/zed_wrapper' with build type 'ament_cmake'
[34.704s] INFO:colcon.colcon_cmake.task.cmake.build:Building CMake package in '/home/ros2/tower_ws/src/zed-ros2-wrapper/zed_wrapper'
[34.705s] INFO:colcon.colcon_core.shell:Skip shell extension 'powershell' for command environment: Not usable outside of PowerShell
[34.705s] DEBUG:colcon.colcon_core.shell:Skip shell extension 'dsv' for command environment
[34.713s] DEBUG:colcon.colcon_core.event_handler.log_command:Invoking command in '/home/ros2/tower_ws/build/zed_wrapper': AMENT_PREFIX_PATH=/home/ros2/tower_ws/install/zed_components:${AMENT_PREFIX_PATH} CMAKE_PREFIX_PATH=/home/ros2/tower_ws/install/zed_components:/home/ros2/tower_ws/install/nav_launch:/home/ros2/tower_ws/install/nav_radar:/home/ros2/tower_ws/install/nav_camera:/home/ros2/tower_ws/install/nav_messages:/home/ros2/ros2_ws/install/zed_ros2:/home/ros2/ros2_ws/install/zed_wrapper:/home/ros2/ros2_ws/install/zed_components:/home/ros2/Downloads/final-ai/install/detectionmessage:/home/ros2/Downloads/ros2cs/install:/home/ros2/Downloads/final-ai/install/py_fakedata:/home/ros2/Downloads/final-ai/install/py_detectionmessage:/home/ros2/Downloads/final-ai/install/py_aiproc:/opt/ros/humble LD_LIBRARY_PATH=/home/ros2/tower_ws/install/zed_components/lib:${LD_LIBRARY_PATH} /usr/bin/cmake /home/ros2/tower_ws/src/zed-ros2-wrapper/zed_wrapper -DCMAKE_INSTALL_PREFIX=/home/ros2/tower_ws/install/zed_wrapper
[35.997s] DEBUG:colcon.colcon_core.event_handler.log_command:Invoked command in '/home/ros2/tower_ws/build/zed_wrapper' returned '0': AMENT_PREFIX_PATH=/home/ros2/tower_ws/install/zed_components:${AMENT_PREFIX_PATH} CMAKE_PREFIX_PATH=/home/ros2/tower_ws/install/zed_components:/home/ros2/tower_ws/install/nav_launch:/home/ros2/tower_ws/install/nav_radar:/home/ros2/tower_ws/install/nav_camera:/home/ros2/tower_ws/install/nav_messages:/home/ros2/ros2_ws/install/zed_ros2:/home/ros2/ros2_ws/install/zed_wrapper:/home/ros2/ros2_ws/install/zed_components:/home/ros2/Downloads/final-ai/install/detectionmessage:/home/ros2/Downloads/ros2cs/install:/home/ros2/Downloads/final-ai/install/py_fakedata:/home/ros2/Downloads/final-ai/install/py_detectionmessage:/home/ros2/Downloads/final-ai/install/py_aiproc:/opt/ros/humble LD_LIBRARY_PATH=/home/ros2/tower_ws/install/zed_components/lib:${LD_LIBRARY_PATH} /usr/bin/cmake /home/ros2/tower_ws/src/zed-ros2-wrapper/zed_wrapper -DCMAKE_INSTALL_PREFIX=/home/ros2/tower_ws/install/zed_wrapper
[35.998s] DEBUG:colcon.colcon_core.event_handler.log_command:Invoking command in '/home/ros2/tower_ws/build/zed_wrapper': AMENT_PREFIX_PATH=/home/ros2/tower_ws/install/zed_components:${AMENT_PREFIX_PATH} CMAKE_PREFIX_PATH=/home/ros2/tower_ws/install/zed_components:/home/ros2/tower_ws/install/nav_launch:/home/ros2/tower_ws/install/nav_radar:/home/ros2/tower_ws/install/nav_camera:/home/ros2/tower_ws/install/nav_messages:/home/ros2/ros2_ws/install/zed_ros2:/home/ros2/ros2_ws/install/zed_wrapper:/home/ros2/ros2_ws/install/zed_components:/home/ros2/Downloads/final-ai/install/detectionmessage:/home/ros2/Downloads/ros2cs/install:/home/ros2/Downloads/final-ai/install/py_fakedata:/home/ros2/Downloads/final-ai/install/py_detectionmessage:/home/ros2/Downloads/final-ai/install/py_aiproc:/opt/ros/humble LD_LIBRARY_PATH=/home/ros2/tower_ws/install/zed_components/lib:${LD_LIBRARY_PATH} /usr/bin/cmake --build /home/ros2/tower_ws/build/zed_wrapper -- -j24 -l24
[36.031s] DEBUG:colcon.colcon_core.event_handler.log_command:Invoked command in '/home/ros2/tower_ws/build/zed_wrapper' returned '0': AMENT_PREFIX_PATH=/home/ros2/tower_ws/install/zed_components:${AMENT_PREFIX_PATH} CMAKE_PREFIX_PATH=/home/ros2/tower_ws/install/zed_components:/home/ros2/tower_ws/install/nav_launch:/home/ros2/tower_ws/install/nav_radar:/home/ros2/tower_ws/install/nav_camera:/home/ros2/tower_ws/install/nav_messages:/home/ros2/ros2_ws/install/zed_ros2:/home/ros2/ros2_ws/install/zed_wrapper:/home/ros2/ros2_ws/install/zed_components:/home/ros2/Downloads/final-ai/install/detectionmessage:/home/ros2/Downloads/ros2cs/install:/home/ros2/Downloads/final-ai/install/py_fakedata:/home/ros2/Downloads/final-ai/install/py_detectionmessage:/home/ros2/Downloads/final-ai/install/py_aiproc:/opt/ros/humble LD_LIBRARY_PATH=/home/ros2/tower_ws/install/zed_components/lib:${LD_LIBRARY_PATH} /usr/bin/cmake --build /home/ros2/tower_ws/build/zed_wrapper -- -j24 -l24
[36.033s] DEBUG:colcon.colcon_core.event_handler.log_command:Invoking command in '/home/ros2/tower_ws/build/zed_wrapper': AMENT_PREFIX_PATH=/home/ros2/tower_ws/install/zed_components:${AMENT_PREFIX_PATH} CMAKE_PREFIX_PATH=/home/ros2/tower_ws/install/zed_components:/home/ros2/tower_ws/install/nav_launch:/home/ros2/tower_ws/install/nav_radar:/home/ros2/tower_ws/install/nav_camera:/home/ros2/tower_ws/install/nav_messages:/home/ros2/ros2_ws/install/zed_ros2:/home/ros2/ros2_ws/install/zed_wrapper:/home/ros2/ros2_ws/install/zed_components:/home/ros2/Downloads/final-ai/install/detectionmessage:/home/ros2/Downloads/ros2cs/install:/home/ros2/Downloads/final-ai/install/py_fakedata:/home/ros2/Downloads/final-ai/install/py_detectionmessage:/home/ros2/Downloads/final-ai/install/py_aiproc:/opt/ros/humble LD_LIBRARY_PATH=/home/ros2/tower_ws/install/zed_components/lib:${LD_LIBRARY_PATH} /usr/bin/cmake --install /home/ros2/tower_ws/build/zed_wrapper
[36.049s] Level 1:colcon.colcon_core.environment:create_environment_scripts_only(zed_wrapper)
[36.050s] DEBUG:colcon.colcon_core.event_handler.log_command:Invoked command in '/home/ros2/tower_ws/build/zed_wrapper' returned '0': AMENT_PREFIX_PATH=/home/ros2/tower_ws/install/zed_components:${AMENT_PREFIX_PATH} CMAKE_PREFIX_PATH=/home/ros2/tower_ws/install/zed_components:/home/ros2/tower_ws/install/nav_launch:/home/ros2/tower_ws/install/nav_radar:/home/ros2/tower_ws/install/nav_camera:/home/ros2/tower_ws/install/nav_messages:/home/ros2/ros2_ws/install/zed_ros2:/home/ros2/ros2_ws/install/zed_wrapper:/home/ros2/ros2_ws/install/zed_components:/home/ros2/Downloads/final-ai/install/detectionmessage:/home/ros2/Downloads/ros2cs/install:/home/ros2/Downloads/final-ai/install/py_fakedata:/home/ros2/Downloads/final-ai/install/py_detectionmessage:/home/ros2/Downloads/final-ai/install/py_aiproc:/opt/ros/humble LD_LIBRARY_PATH=/home/ros2/tower_ws/install/zed_components/lib:${LD_LIBRARY_PATH} /usr/bin/cmake --install /home/ros2/tower_ws/build/zed_wrapper
[36.051s] Level 1:colcon.colcon_core.environment:checking '/home/ros2/tower_ws/install/zed_wrapper' for CMake module files
[36.052s] Level 1:colcon.colcon_core.environment:checking '/home/ros2/tower_ws/install/zed_wrapper' for CMake config files
[36.053s] Level 1:colcon.colcon_core.shell:create_environment_hook('zed_wrapper', 'cmake_prefix_path')
[36.053s] INFO:colcon.colcon_core.shell:Creating environment hook '/home/ros2/tower_ws/install/zed_wrapper/share/zed_wrapper/hook/cmake_prefix_path.ps1'
[36.055s] INFO:colcon.colcon_core.shell:Creating environment descriptor '/home/ros2/tower_ws/install/zed_wrapper/share/zed_wrapper/hook/cmake_prefix_path.dsv'
[36.056s] INFO:colcon.colcon_core.shell:Creating environment hook '/home/ros2/tower_ws/install/zed_wrapper/share/zed_wrapper/hook/cmake_prefix_path.sh'
[36.057s] Level 1:colcon.colcon_core.environment:checking '/home/ros2/tower_ws/install/zed_wrapper/bin'
[36.057s] Level 1:colcon.colcon_core.environment:checking '/home/ros2/tower_ws/install/zed_wrapper/lib/pkgconfig/zed_wrapper.pc'
[36.057s] Level 1:colcon.colcon_core.environment:checking '/home/ros2/tower_ws/install/zed_wrapper/lib/python3.10/site-packages'
[36.058s] Level 1:colcon.colcon_core.environment:checking '/home/ros2/tower_ws/install/zed_wrapper/bin'
[36.059s] INFO:colcon.colcon_core.shell:Creating package script '/home/ros2/tower_ws/install/zed_wrapper/share/zed_wrapper/package.ps1'
[36.060s] INFO:colcon.colcon_core.shell:Creating package descriptor '/home/ros2/tower_ws/install/zed_wrapper/share/zed_wrapper/package.dsv'
[36.061s] INFO:colcon.colcon_core.shell:Creating package script '/home/ros2/tower_ws/install/zed_wrapper/share/zed_wrapper/package.sh'
[36.061s] INFO:colcon.colcon_core.shell:Creating package script '/home/ros2/tower_ws/install/zed_wrapper/share/zed_wrapper/package.bash'
[36.061s] INFO:colcon.colcon_core.shell:Creating package script '/home/ros2/tower_ws/install/zed_wrapper/share/zed_wrapper/package.zsh'
[36.061s] Level 1:colcon.colcon_core.environment:create_file_with_runtime_dependencies(/home/ros2/tower_ws/install/zed_wrapper/share/colcon-core/packages/zed_wrapper)
[36.062s] Level 1:colcon.colcon_core.environment:create_environment_scripts_only(zed_wrapper)
[36.062s] Level 1:colcon.colcon_core.environment:checking '/home/ros2/tower_ws/install/zed_wrapper' for CMake module files
[36.062s] Level 1:colcon.colcon_core.environment:checking '/home/ros2/tower_ws/install/zed_wrapper' for CMake config files
[36.062s] Level 1:colcon.colcon_core.shell:create_environment_hook('zed_wrapper', 'cmake_prefix_path')
[36.062s] INFO:colcon.colcon_core.shell:Creating environment hook '/home/ros2/tower_ws/install/zed_wrapper/share/zed_wrapper/hook/cmake_prefix_path.ps1'
[36.062s] INFO:colcon.colcon_core.shell:Creating environment descriptor '/home/ros2/tower_ws/install/zed_wrapper/share/zed_wrapper/hook/cmake_prefix_path.dsv'
[36.062s] INFO:colcon.colcon_core.shell:Creating environment hook '/home/ros2/tower_ws/install/zed_wrapper/share/zed_wrapper/hook/cmake_prefix_path.sh'
[36.063s] Level 1:colcon.colcon_core.environment:checking '/home/ros2/tower_ws/install/zed_wrapper/bin'
[36.063s] Level 1:colcon.colcon_core.environment:checking '/home/ros2/tower_ws/install/zed_wrapper/lib/pkgconfig/zed_wrapper.pc'
[36.063s] Level 1:colcon.colcon_core.environment:checking '/home/ros2/tower_ws/install/zed_wrapper/lib/python3.10/site-packages'
[36.063s] Level 1:colcon.colcon_core.environment:checking '/home/ros2/tower_ws/install/zed_wrapper/bin'
[36.063s] INFO:colcon.colcon_core.shell:Creating package script '/home/ros2/tower_ws/install/zed_wrapper/share/zed_wrapper/package.ps1'
[36.063s] INFO:colcon.colcon_core.shell:Creating package descriptor '/home/ros2/tower_ws/install/zed_wrapper/share/zed_wrapper/package.dsv'
[36.070s] INFO:colcon.colcon_core.shell:Creating package script '/home/ros2/tower_ws/install/zed_wrapper/share/zed_wrapper/package.sh'
[36.071s] INFO:colcon.colcon_core.shell:Creating package script '/home/ros2/tower_ws/install/zed_wrapper/share/zed_wrapper/package.bash'
[36.072s] INFO:colcon.colcon_core.shell:Creating package script '/home/ros2/tower_ws/install/zed_wrapper/share/zed_wrapper/package.zsh'
[36.072s] Level 1:colcon.colcon_core.environment:create_file_with_runtime_dependencies(/home/ros2/tower_ws/install/zed_wrapper/share/colcon-core/packages/zed_wrapper)
[36.073s] INFO:colcon.colcon_ros.task.ament_cmake.build:Building ROS package in '/home/ros2/tower_ws/src/zed-ros2-wrapper/zed_ros2' with build type 'ament_cmake'
[36.073s] INFO:colcon.colcon_cmake.task.cmake.build:Building CMake package in '/home/ros2/tower_ws/src/zed-ros2-wrapper/zed_ros2'
[36.073s] INFO:colcon.colcon_core.shell:Skip shell extension 'powershell' for command environment: Not usable outside of PowerShell
[36.074s] DEBUG:colcon.colcon_core.shell:Skip shell extension 'dsv' for command environment
[36.091s] DEBUG:colcon.colcon_core.event_handler.log_command:Invoking command in '/home/ros2/tower_ws/build/zed_ros2': AMENT_PREFIX_PATH=/home/ros2/tower_ws/install/zed_wrapper:/home/ros2/tower_ws/install/zed_components:${AMENT_PREFIX_PATH} CMAKE_PREFIX_PATH=/home/ros2/tower_ws/install/zed_wrapper:/home/ros2/tower_ws/install/zed_components:/home/ros2/tower_ws/install/nav_launch:/home/ros2/tower_ws/install/nav_radar:/home/ros2/tower_ws/install/nav_camera:/home/ros2/tower_ws/install/nav_messages:/home/ros2/ros2_ws/install/zed_ros2:/home/ros2/ros2_ws/install/zed_wrapper:/home/ros2/ros2_ws/install/zed_components:/home/ros2/Downloads/final-ai/install/detectionmessage:/home/ros2/Downloads/ros2cs/install:/home/ros2/Downloads/final-ai/install/py_fakedata:/home/ros2/Downloads/final-ai/install/py_detectionmessage:/home/ros2/Downloads/final-ai/install/py_aiproc:/opt/ros/humble LD_LIBRARY_PATH=/home/ros2/tower_ws/install/zed_components/lib:${LD_LIBRARY_PATH} /usr/bin/cmake /home/ros2/tower_ws/src/zed-ros2-wrapper/zed_ros2 -DCMAKE_INSTALL_PREFIX=/home/ros2/tower_ws/install/zed_ros2
[36.396s] DEBUG:colcon.colcon_core.event_handler.log_command:Invoked command in '/home/ros2/tower_ws/build/zed_ros2' returned '0': AMENT_PREFIX_PATH=/home/ros2/tower_ws/install/zed_wrapper:/home/ros2/tower_ws/install/zed_components:${AMENT_PREFIX_PATH} CMAKE_PREFIX_PATH=/home/ros2/tower_ws/install/zed_wrapper:/home/ros2/tower_ws/install/zed_components:/home/ros2/tower_ws/install/nav_launch:/home/ros2/tower_ws/install/nav_radar:/home/ros2/tower_ws/install/nav_camera:/home/ros2/tower_ws/install/nav_messages:/home/ros2/ros2_ws/install/zed_ros2:/home/ros2/ros2_ws/install/zed_wrapper:/home/ros2/ros2_ws/install/zed_components:/home/ros2/Downloads/final-ai/install/detectionmessage:/home/ros2/Downloads/ros2cs/install:/home/ros2/Downloads/final-ai/install/py_fakedata:/home/ros2/Downloads/final-ai/install/py_detectionmessage:/home/ros2/Downloads/final-ai/install/py_aiproc:/opt/ros/humble LD_LIBRARY_PATH=/home/ros2/tower_ws/install/zed_components/lib:${LD_LIBRARY_PATH} /usr/bin/cmake /home/ros2/tower_ws/src/zed-ros2-wrapper/zed_ros2 -DCMAKE_INSTALL_PREFIX=/home/ros2/tower_ws/install/zed_ros2
[36.397s] DEBUG:colcon.colcon_core.event_handler.log_command:Invoking command in '/home/ros2/tower_ws/build/zed_ros2': AMENT_PREFIX_PATH=/home/ros2/tower_ws/install/zed_wrapper:/home/ros2/tower_ws/install/zed_components:${AMENT_PREFIX_PATH} CMAKE_PREFIX_PATH=/home/ros2/tower_ws/install/zed_wrapper:/home/ros2/tower_ws/install/zed_components:/home/ros2/tower_ws/install/nav_launch:/home/ros2/tower_ws/install/nav_radar:/home/ros2/tower_ws/install/nav_camera:/home/ros2/tower_ws/install/nav_messages:/home/ros2/ros2_ws/install/zed_ros2:/home/ros2/ros2_ws/install/zed_wrapper:/home/ros2/ros2_ws/install/zed_components:/home/ros2/Downloads/final-ai/install/detectionmessage:/home/ros2/Downloads/ros2cs/install:/home/ros2/Downloads/final-ai/install/py_fakedata:/home/ros2/Downloads/final-ai/install/py_detectionmessage:/home/ros2/Downloads/final-ai/install/py_aiproc:/opt/ros/humble LD_LIBRARY_PATH=/home/ros2/tower_ws/install/zed_components/lib:${LD_LIBRARY_PATH} /usr/bin/cmake --build /home/ros2/tower_ws/build/zed_ros2 -- -j24 -l24
[36.432s] DEBUG:colcon.colcon_core.event_handler.log_command:Invoked command in '/home/ros2/tower_ws/build/zed_ros2' returned '0': AMENT_PREFIX_PATH=/home/ros2/tower_ws/install/zed_wrapper:/home/ros2/tower_ws/install/zed_components:${AMENT_PREFIX_PATH} CMAKE_PREFIX_PATH=/home/ros2/tower_ws/install/zed_wrapper:/home/ros2/tower_ws/install/zed_components:/home/ros2/tower_ws/install/nav_launch:/home/ros2/tower_ws/install/nav_radar:/home/ros2/tower_ws/install/nav_camera:/home/ros2/tower_ws/install/nav_messages:/home/ros2/ros2_ws/install/zed_ros2:/home/ros2/ros2_ws/install/zed_wrapper:/home/ros2/ros2_ws/install/zed_components:/home/ros2/Downloads/final-ai/install/detectionmessage:/home/ros2/Downloads/ros2cs/install:/home/ros2/Downloads/final-ai/install/py_fakedata:/home/ros2/Downloads/final-ai/install/py_detectionmessage:/home/ros2/Downloads/final-ai/install/py_aiproc:/opt/ros/humble LD_LIBRARY_PATH=/home/ros2/tower_ws/install/zed_components/lib:${LD_LIBRARY_PATH} /usr/bin/cmake --build /home/ros2/tower_ws/build/zed_ros2 -- -j24 -l24
[36.435s] DEBUG:colcon.colcon_core.event_handler.log_command:Invoking command in '/home/ros2/tower_ws/build/zed_ros2': AMENT_PREFIX_PATH=/home/ros2/tower_ws/install/zed_wrapper:/home/ros2/tower_ws/install/zed_components:${AMENT_PREFIX_PATH} CMAKE_PREFIX_PATH=/home/ros2/tower_ws/install/zed_wrapper:/home/ros2/tower_ws/install/zed_components:/home/ros2/tower_ws/install/nav_launch:/home/ros2/tower_ws/install/nav_radar:/home/ros2/tower_ws/install/nav_camera:/home/ros2/tower_ws/install/nav_messages:/home/ros2/ros2_ws/install/zed_ros2:/home/ros2/ros2_ws/install/zed_wrapper:/home/ros2/ros2_ws/install/zed_components:/home/ros2/Downloads/final-ai/install/detectionmessage:/home/ros2/Downloads/ros2cs/install:/home/ros2/Downloads/final-ai/install/py_fakedata:/home/ros2/Downloads/final-ai/install/py_detectionmessage:/home/ros2/Downloads/final-ai/install/py_aiproc:/opt/ros/humble LD_LIBRARY_PATH=/home/ros2/tower_ws/install/zed_components/lib:${LD_LIBRARY_PATH} /usr/bin/cmake --install /home/ros2/tower_ws/build/zed_ros2
[36.449s] Level 1:colcon.colcon_core.environment:create_environment_scripts_only(zed_ros2)
[36.449s] DEBUG:colcon.colcon_core.event_handler.log_command:Invoked command in '/home/ros2/tower_ws/build/zed_ros2' returned '0': AMENT_PREFIX_PATH=/home/ros2/tower_ws/install/zed_wrapper:/home/ros2/tower_ws/install/zed_components:${AMENT_PREFIX_PATH} CMAKE_PREFIX_PATH=/home/ros2/tower_ws/install/zed_wrapper:/home/ros2/tower_ws/install/zed_components:/home/ros2/tower_ws/install/nav_launch:/home/ros2/tower_ws/install/nav_radar:/home/ros2/tower_ws/install/nav_camera:/home/ros2/tower_ws/install/nav_messages:/home/ros2/ros2_ws/install/zed_ros2:/home/ros2/ros2_ws/install/zed_wrapper:/home/ros2/ros2_ws/install/zed_components:/home/ros2/Downloads/final-ai/install/detectionmessage:/home/ros2/Downloads/ros2cs/install:/home/ros2/Downloads/final-ai/install/py_fakedata:/home/ros2/Downloads/final-ai/install/py_detectionmessage:/home/ros2/Downloads/final-ai/install/py_aiproc:/opt/ros/humble LD_LIBRARY_PATH=/home/ros2/tower_ws/install/zed_components/lib:${LD_LIBRARY_PATH} /usr/bin/cmake --install /home/ros2/tower_ws/build/zed_ros2
[36.450s] Level 1:colcon.colcon_core.environment:checking '/home/ros2/tower_ws/install/zed_ros2' for CMake module files
[36.451s] Level 1:colcon.colcon_core.environment:checking '/home/ros2/tower_ws/install/zed_ros2' for CMake config files
[36.451s] Level 1:colcon.colcon_core.shell:create_environment_hook('zed_ros2', 'cmake_prefix_path')
[36.451s] INFO:colcon.colcon_core.shell:Creating environment hook '/home/ros2/tower_ws/install/zed_ros2/share/zed_ros2/hook/cmake_prefix_path.ps1'
[36.452s] INFO:colcon.colcon_core.shell:Creating environment descriptor '/home/ros2/tower_ws/install/zed_ros2/share/zed_ros2/hook/cmake_prefix_path.dsv'
[36.453s] INFO:colcon.colcon_core.shell:Creating environment hook '/home/ros2/tower_ws/install/zed_ros2/share/zed_ros2/hook/cmake_prefix_path.sh'
[36.454s] Level 1:colcon.colcon_core.environment:checking '/home/ros2/tower_ws/install/zed_ros2/bin'
[36.454s] Level 1:colcon.colcon_core.environment:checking '/home/ros2/tower_ws/install/zed_ros2/lib/pkgconfig/zed_ros2.pc'
[36.454s] Level 1:colcon.colcon_core.environment:checking '/home/ros2/tower_ws/install/zed_ros2/lib/python3.10/site-packages'
[36.455s] Level 1:colcon.colcon_core.environment:checking '/home/ros2/tower_ws/install/zed_ros2/bin'
[36.456s] INFO:colcon.colcon_core.shell:Creating package script '/home/ros2/tower_ws/install/zed_ros2/share/zed_ros2/package.ps1'
[36.457s] INFO:colcon.colcon_core.shell:Creating package descriptor '/home/ros2/tower_ws/install/zed_ros2/share/zed_ros2/package.dsv'
[36.458s] INFO:colcon.colcon_core.shell:Creating package script '/home/ros2/tower_ws/install/zed_ros2/share/zed_ros2/package.sh'
[36.458s] INFO:colcon.colcon_core.shell:Creating package script '/home/ros2/tower_ws/install/zed_ros2/share/zed_ros2/package.bash'
[36.459s] INFO:colcon.colcon_core.shell:Creating package script '/home/ros2/tower_ws/install/zed_ros2/share/zed_ros2/package.zsh'
[36.459s] Level 1:colcon.colcon_core.environment:create_file_with_runtime_dependencies(/home/ros2/tower_ws/install/zed_ros2/share/colcon-core/packages/zed_ros2)
[36.460s] Level 1:colcon.colcon_core.environment:create_environment_scripts_only(zed_ros2)
[36.461s] Level 1:colcon.colcon_core.environment:checking '/home/ros2/tower_ws/install/zed_ros2' for CMake module files
[36.461s] Level 1:colcon.colcon_core.environment:checking '/home/ros2/tower_ws/install/zed_ros2' for CMake config files
[36.462s] Level 1:colcon.colcon_core.shell:create_environment_hook('zed_ros2', 'cmake_prefix_path')
[36.462s] INFO:colcon.colcon_core.shell:Creating environment hook '/home/ros2/tower_ws/install/zed_ros2/share/zed_ros2/hook/cmake_prefix_path.ps1'
[36.462s] INFO:colcon.colcon_core.shell:Creating environment descriptor '/home/ros2/tower_ws/install/zed_ros2/share/zed_ros2/hook/cmake_prefix_path.dsv'
[36.463s] INFO:colcon.colcon_core.shell:Creating environment hook '/home/ros2/tower_ws/install/zed_ros2/share/zed_ros2/hook/cmake_prefix_path.sh'
[36.463s] Level 1:colcon.colcon_core.environment:checking '/home/ros2/tower_ws/install/zed_ros2/bin'
[36.463s] Level 1:colcon.colcon_core.environment:checking '/home/ros2/tower_ws/install/zed_ros2/lib/pkgconfig/zed_ros2.pc'
[36.464s] Level 1:colcon.colcon_core.environment:checking '/home/ros2/tower_ws/install/zed_ros2/lib/python3.10/site-packages'
[36.464s] Level 1:colcon.colcon_core.environment:checking '/home/ros2/tower_ws/install/zed_ros2/bin'
[36.464s] INFO:colcon.colcon_core.shell:Creating package script '/home/ros2/tower_ws/install/zed_ros2/share/zed_ros2/package.ps1'
[36.465s] INFO:colcon.colcon_core.shell:Creating package descriptor '/home/ros2/tower_ws/install/zed_ros2/share/zed_ros2/package.dsv'
[36.465s] INFO:colcon.colcon_core.shell:Creating package script '/home/ros2/tower_ws/install/zed_ros2/share/zed_ros2/package.sh'
[36.466s] INFO:colcon.colcon_core.shell:Creating package script '/home/ros2/tower_ws/install/zed_ros2/share/zed_ros2/package.bash'
[36.466s] INFO:colcon.colcon_core.shell:Creating package script '/home/ros2/tower_ws/install/zed_ros2/share/zed_ros2/package.zsh'
[36.466s] Level 1:colcon.colcon_core.environment:create_file_with_runtime_dependencies(/home/ros2/tower_ws/install/zed_ros2/share/colcon-core/packages/zed_ros2)
[36.467s] DEBUG:colcon.colcon_parallel_executor.executor.parallel:closing loop
[36.467s] DEBUG:colcon.colcon_parallel_executor.executor.parallel:loop closed
[36.467s] DEBUG:colcon.colcon_parallel_executor.executor.parallel:run_until_complete finished with '0'
[36.467s] DEBUG:colcon.colcon_core.event_reactor:joining thread
[36.471s] INFO:colcon.colcon_core.plugin_system:Skipping extension 'colcon_notification.desktop_notification.terminal_notifier': Not used on non-Darwin systems
[36.471s] INFO:colcon.colcon_core.plugin_system:Skipping extension 'colcon_notification.desktop_notification.win32': Not used on non-Windows systems
[36.471s] INFO:colcon.colcon_notification.desktop_notification:Sending desktop notification using 'notify2'
[36.498s] DEBUG:colcon.colcon_core.event_reactor:joined thread
[36.498s] INFO:colcon.colcon_core.shell:Creating prefix script '/home/ros2/tower_ws/install/local_setup.ps1'
[36.500s] INFO:colcon.colcon_core.shell:Creating prefix util module '/home/ros2/tower_ws/install/_local_setup_util_ps1.py'
[36.502s] INFO:colcon.colcon_core.shell:Creating prefix chain script '/home/ros2/tower_ws/install/setup.ps1'
[36.504s] INFO:colcon.colcon_core.shell:Creating prefix script '/home/ros2/tower_ws/install/local_setup.sh'
[36.505s] INFO:colcon.colcon_core.shell:Creating prefix util module '/home/ros2/tower_ws/install/_local_setup_util_sh.py'
[36.505s] INFO:colcon.colcon_core.shell:Creating prefix chain script '/home/ros2/tower_ws/install/setup.sh'
[36.507s] INFO:colcon.colcon_core.shell:Creating prefix script '/home/ros2/tower_ws/install/local_setup.bash'
[36.507s] INFO:colcon.colcon_core.shell:Creating prefix chain script '/home/ros2/tower_ws/install/setup.bash'
[36.508s] INFO:colcon.colcon_core.shell:Creating prefix script '/home/ros2/tower_ws/install/local_setup.zsh'
[36.508s] INFO:colcon.colcon_core.shell:Creating prefix chain script '/home/ros2/tower_ws/install/setup.zsh'
